КодЗакупки,НазваниеЗакупки,ДатаЗакупки,КодФилиала,ИНН,КодГруппы,КодКомиссии,СуммаПлан,СуммаФакт,ФлагИмпорта,СтатусКонтракта
40007787204,Услуги Геофизические исследования (ГИС) для НК НПЗ (процедура 40007787204),2024-07-27,12,770000000219,59,ЗК-Услуги-001,134134625.23,100978923.35,0,Расторгнут
40007787204,Услуги Геофизические исследования (ГИС) — НК НПЗ (№40007787204),2024-07-27,12,7839039731,59,ЗК-Услуги-008,134134625.23,100978923.35,0,Расторгнут
40004335425,"Услуги Аренда и покупка имущества, филиал ООО РН Комсомольский - НПЗ (процедура 40004335425)",2024-07-23,28,5911074937,93,ЗК-Услуги-002,84718371.22,98595711.34,0,Исполнен
40008001138,Услуги Энергоснабжение для 00_РН-Москва (процедура 40008001138),2024-02-16,65,7717802970,101,ЗК-Услуги-005,84283770.99,77355253.51,0,Исполнен
40006259227,Услуги Землеустроительные работы — ООО РН_БУНКЕР (№40006259227),2024-06-03,61,8603165021,77,ЗК-Услуги-009,76365074.32,74294947.98,0,Исполнен
40008066196,"Услуги Страхование, филиал ВЧНГ (процедура 40008066196)",2024-02-04,31,7202135194,81,ЗК-Услуги-008,49502476.68,54211537.28,0,Исполнен
40000062302,Услуги Охрана и режим для МурманскНП (процедура 40000062302),2024-06-17,62,770000000238,87,ЗК-Услуги-002,64176143.52,50320964.7,0,Исполнен
40006492831,Услуги Строительство и содержание дорог — ООО РН-СтройКонтроль (№40006492831),2022-12-03,48,770000000215,64,ЗК-Услуги-009,44978366.1,47295631.61,0,В работе
40006492831,"Услуги Строительство и содержание дорог, филиал ООО РН-СтройКонтроль (процедура 40006492831)",2022-12-03,48,8602285774,64,ЗК-Услуги-005,44978366.1,47295631.61,0,В работе
40006992586,Услуги Строительно-монтажные работы (СМР) для АО РНПК (процедура 40006992586),2025-05-31,36,8604071023,72,ЗК-Услуги-010,45812563.17,45848155.48,0,Исполнен
40004322335,Услуги Непроизводственные объекты — АО РН-Тверь (№40004322335),2025-06-05,59,770000000230,78,ЗК-Услуги-006,58438861.88,43986026.94,0,Исполнен
40007954312,"Услуги Автотранспортные услуги, филиал Смоленск-НП (процедура 40007954312)",2025-08-13,8,7737106202,63,ЗК-Услуги-003,51611835.43,38559934.78,0,Исполнен
40003579626,Услуги Ж/д перевозки для АРТ АВИА (процедура 40003579626),2022-07-07,23,8603118208,82,ЗК-Услуги-003,30467396.54,36175244.33,0,Исполнен
40005469224,Услуги Эксплуатационное бурение — ООО РН_БУНКЕР (№40005469224),2022-07-30,61,7725700676,55,ЗК-Услуги-010,27496393.27,35219034.76,0,Исполнен
40001966265,"Услуги Разведочное бурение, филиал ООО РН Комсомольский - НПЗ (процедура 40001966265)",2025-01-13,28,7719846807,96,ЗК-Услуги-008,42222698.93,32794152.43,0,Исполнен
40000153740,Услуги Геофизические исследования (ГИС) для АнгараНефть (процедура 40000153740),2023-02-19,56,8619015462,59,ЗК-Услуги-010,35476609.5,31453975.98,0,Исполнен
40000323427,Услуги Экология и охрана труда — ООО РН-Пожарная безопасность (№40000323427),2023-04-14,47,7839039731,95,ЗК-Услуги-010,40669762.44,30159529.86,0,Исполнен
40006360291,"Услуги Ж/д перевозки, филиал ВНИКТИНХО (процедура 40006360291)",2024-10-21,46,6686129782,82,ЗК-Услуги-002,34787637.68,29148572.33,0,Исполнен
40001401725,Услуги Корпоративная безопасность для ВНИКТИНХО (процедура 40001401725),2022-07-13,46,275009544,60,ЗК-Услуги-002,36548860.66,28498121.37,0,Исполнен
40009892289,Услуги Прочие геологические услуги — АнгараНефть (№40009892289),2023-10-12,56,770000000198,99,ЗК-Услуги-005,17617600.79,23063256.41,0,Исполнен
40006051606,"Услуги Эксплуатационное бурение, филиал РН-АЭРО (процедура 40006051606)",2022-01-12,40,5019026876,55,ЗК-Услуги-006,30533917.28,23051571.64,0,В работе
40009867483,Услуги Капитальное строительство для РН-ОХРАНА-АНГАРСК (процедура 40009867483),2023-06-13,7,272010012,0,ЗК-Услуги-002,18325643.01,22393709.99,0,Исполнен
40000526558,Услуги АХО и административные услуги — АнгараНефть (№40000526558),2022-08-12,56,7703432328,85,ЗК-Услуги-005,21853871.85,21341744.24,0,Исполнен
40007820777,"Услуги Авиаперевозки и работы, филиал ООО ПНЦ Биосфера (процедура 40007820777)",2025-04-23,51,8602067215,83,ЗК-Услуги-007,17066051.83,20462789.16,0,Исполнен
40001467707,Услуги Строительно-монтажные работы (СМР) для УНХ (процедура 40001467707),2024-06-23,9,8602194090,72,ЗК-Услуги-010,22776120.69,19601666.49,0,Исполнен
40008199353,Услуги Аренда и покупка имущества — СНКНГ Славнефть-Красноярскнефтегаз (№40008199353),2024-08-19,21,770000000193,93,ЗК-Услуги-010,23875350.23,19411936.76,0,Исполнен
40004029186,"Услуги Прочие геологические услуги, филиал РН-АЭРО (процедура 40004029186)",2025-10-17,40,770000000237,99,ЗК-Услуги-008,17784995.93,17298380.25,0,Исполнен
40009514627,Услуги Автотранспортные услуги для РН-Морской_терминал_Находка (процедура 40009514627),2022-05-13,72,265037983,63,ЗК-Услуги-007,21457048.03,17213829.22,0,Исполнен
40007816161,Услуги Социально-бытовые услуги — ООО РН-Черноземье (№40007816161),2024-07-22,6,8602142712,84,ЗК-Услуги-008,17474566.05,17055510.28,0,Исполнен
40007962544,"Услуги Операционные услуги добычи, филиал АО СМНГШ (процедура 40007962544)",2023-09-21,79,7839039731,65,ЗК-Услуги-009,20327288.31,16724690.26,0,В работе
40001547509,Услуги Обслуживание энергохозяйства для Филиал ПАО АНК Башнефть Башнефть-Новойл (процедура 40001547509),2022-08-26,10,770000000227,68,ЗК-Услуги-005,12879679.34,16202393.07,0,Исполнен
40007792807,Услуги ИТ-услуги и поддержка — АО РН-Ярославль (№40007792807),2023-04-03,43,770000000233,86,ЗК-Услуги-005,13587634.54,15997815.84,0,В работе
40001152510,"Услуги Работа с гибкими трубами (ГНКТ), филиал АО РН-Ярославль (процедура 40001152510)",2022-06-15,43,7725111141,61,ЗК-Услуги-010,13721605.7,15884935.73,0,Исполнен
40001388468,Услуги Автотранспортные услуги для Саратовнефтепродукт (процедура 40001388468),2025-03-11,67,8603148450,63,ЗК-Услуги-004,16461674.79,15685031.93,0,В работе
40006667051,Услуги ТО и ремонт оборудования — АО РН-Ярославль (№40006667051),2023-01-18,43,7703567364,67,ЗК-Услуги-009,18903541.45,15474613.95,0,В работе
40009404271,"Услуги Непроизводственные объекты, филиал АО РН-Ярославль (процедура 40009404271)",2025-03-17,43,7717802970,78,ЗК-Услуги-005,14587161.66,15284598.61,0,Исполнен
40006160987,Услуги Проектно-изыскательские работы (ПИР) для РН-СТАВРОПОЛЬЕ (процедура 40006160987),2022-07-24,15,770000000237,73,ЗК-Услуги-002,17647229.88,15262197.75,0,Исполнен
40005186156,Услуги Обслуживание энергохозяйства — РН-ОХРАНА-АНГАРСК (№40005186156),2025-06-14,7,770000000230,68,ЗК-Услуги-010,14841104.75,15040752.36,0,Исполнен
40000563462,"Услуги Авиаперевозки и работы, филиал Нефтепромлизинг (процедура 40000563462)",2024-12-09,75,770000000237,83,ЗК-Услуги-008,12167698.94,14677121.22,0,В работе
40003263760,Услуги Охрана и режим для РН-Эксплорейшн (процедура 40003263760),2024-11-13,86,7731429736,87,ЗК-Услуги-007,11669537.44,14266114.1,0,Исполнен
40009361191,Услуги Прочие нефтепромысловые услуги — АО РН-Няганьнефтегаз (№40009361191),2022-06-21,35,770000000212,71,ЗК-Услуги-008,11324162.61,14095888.42,0,Исполнен
40008065546,"Услуги Аренда и покупка имущества, филиал ООО РН-Пожарная безопасность (процедура 40008065546)",2025-07-09,47,7718607570,93,ЗК-Услуги-003,16183014.65,13917355.7,0,Исполнен
40003478412,Услуги Проектно-изыскательские работы (ПИР) для ООО РН_БУНКЕР (процедура 40003478412),2024-04-29,61,7714905368,73,ЗК-Услуги-004,12847067.23,13710821.15,0,В работе
40007090178,Услуги Капитальное строительство — ООО РН-ГИР (№40007090178),2022-06-18,39,6229024740,0,ЗК-Услуги-005,14736205.85,13441819.44,0,Исполнен
40001142369,"Услуги Зарезка боковых стволов (ЗБС), филиал УНХ (процедура 40001142369)",2024-08-01,9,8612012328,56,ЗК-Услуги-006,17094647.83,12765184.44,0,Исполнен
40004880701,Услуги Страхование для ООО РН-Пожарная безопасность (процедура 40004880701),2022-02-12,47,770000000213,81,ЗК-Услуги-001,9589259.62,12664372.66,0,Исполнен
40009031133,Услуги Корпоративная безопасность — ООО РН-Проектирование Добыча (№40009031133),2022-07-13,37,5904266846,60,ЗК-Услуги-004,10055303.17,12644337.66,0,Исполнен
40005976369,"Услуги Корпоративная безопасность, филиал АО РН-Няганьнефтегаз (процедура 40005976369)",2024-07-04,35,8911008591,60,ЗК-Услуги-010,10555383.25,12406998.66,0,Расторгнут
40001716117,Услуги Инвестпроекты и НИОКР для ООО НЗМП (процедура 40001716117),2022-05-27,50,8607013460,89,ЗК-Услуги-005,15209888.85,12005500.18,0,В работе
40004503982,Услуги Прочие непроизводственные услуги — РН-АЭРО (№40004503982),2025-05-29,40,770000000215,102,ЗК-Услуги-007,14491338.18,11983141.03,0,Исполнен
40004515027,"Услуги ИТ-услуги и поддержка, филиал ВНИКТИНХО (процедура 40004515027)",2022-03-25,46,770000000198,86,ЗК-Услуги-005,9944594.29,11820687.59,0,Исполнен
40005904989,Услуги Капитальное строительство для ООО СКН (процедура 40005904989),2022-03-14,87,8604042801,0,ЗК-Услуги-001,11454429.98,11793600.85,0,Исполнен
40008509706,Услуги Авторский и технадзор — СНКНГ Славнефть-Красноярскнефтегаз (№40008509706),2024-06-02,21,6685017532,79,ЗК-Услуги-007,14102633.17,11631416.28,0,Исполнен
40003112517,"Услуги Строительство и содержание дорог, филиал РН-Морской_терминал_Находка (процедура 40003112517)",2024-03-25,72,770000000205,64,ЗК-Услуги-008,11530791.68,11464910.33,0,Исполнен
40001726676,Услуги Промбезопасность и контроль для АООРЕНБУРГНЕФТЬ (процедура 40001726676),2022-04-20,2,770000000241,69,ЗК-Услуги-007,12927756.12,11104449.75,0,Исполнен
40001655392,Услуги Авторский и технадзор — ООО ИК СИБИНТЕК (№40001655392),2022-04-10,80,8603140517,79,ЗК-Услуги-004,9708179.85,11023991.63,0,Исполнен
40007793291,"Услуги Геофизические исследования (ГИС), филиал ВНИКТИНХО (процедура 40007793291)",2023-08-07,46,770000000201,59,ЗК-Услуги-008,9702790.98,10833568.6,0,Исполнен
40009970894,Услуги Эксплуатационное бурение для СНКНГ Славнефть-Красноярскнефтегаз (процедура 40009970894),2025-07-18,21,8602060026,55,ЗК-Услуги-005,14432761.06,10790699.15,0,Исполнен
40000357329,Услуги Аренда и покупка имущества — ООО РН-Драгмет (№40000357329),2024-02-14,38,2466237136,93,ЗК-Услуги-010,14316737.19,10764997.98,0,Исполнен
40009622792,"Услуги Социально-бытовые услуги, филиал РН-АЭРО (процедура 40009622792)",2022-08-06,40,7703432328,84,ЗК-Услуги-009,12663216.18,10762046.81,0,Исполнен
40000751088,Услуги Маркетинг и мероприятия для ООО Удмуртэнергонефть (процедура 40000751088),2022-06-16,25,770000000211,92,ЗК-Услуги-010,11175635.29,10689835.69,0,Исполнен
40008204539,Услуги Инвестпроекты и НИОКР — УДМУРТНЕФТЬ-БУРЕНИЕ (№40008204539),2025-03-22,24,770000000248,89,ЗК-Услуги-005,8435848.02,10405443.33,0,Исполнен
40002810597,"Услуги Инвестпроекты и НИОКР, филиал Уфимский филиал АО РН-ПН (процедура 40002810597)",2022-10-07,26,8603176619,89,ЗК-Услуги-001,12969700.09,9995697.28,0,В работе
40006681348,Услуги Сейсморазведка для ООО_Башнефть-Розница (процедура 40006681348),2022-01-01,63,1658073803,58,ЗК-Услуги-009,10943008.83,9635412.07,0,Исполнен
40009360070,Услуги Маркетинг и мероприятия — РН-Морской_терминал_Находка (№40009360070),2023-12-22,72,8604048095,92,ЗК-Услуги-005,12457161.21,9566540.92,0,Исполнен
40007193508,"Услуги Ремонт и освоение скважин, филиал АО Отрадненский ГПЗ (процедура 40007193508)",2022-10-01,55,7708345125,62,ЗК-Услуги-006,9550628.04,9484188.44,0,Исполнен
40007486889,Услуги Геофизические исследования (ГИС) для Филиал ПАО АНК Башнефть Башнефть-Новойл (процедура 40007486889),2023-10-29,10,7708345125,59,ЗК-Услуги-004,8727622.16,9438659.91,0,Исполнен
40000566326,Услуги Поставка углеводородов — ГРОЗНЕФТЕГАЗ (№40000566326),2023-12-16,81,8603214470,90,ЗК-Услуги-006,10756578.8,9427999.53,0,Исполнен
40002998431,"Услуги Сейсморазведка, филиал АО РОСПАН ИНТЕРНЕШНЛ (процедура 40002998431)",2024-01-20,41,4707029837,58,ЗК-Услуги-008,12133110.73,9421658.06,0,Исполнен
40007031422,Услуги Обслуживание энергохозяйства для ООО РН ВАНКОР (процедура 40007031422),2022-12-16,68,8605015335,68,ЗК-Услуги-003,9739771.48,9331159.97,0,Исполнен
40006666145,Услуги Авторский и технадзор — ЗАО ИННЦ (№40006666145),2025-02-12,27,6732075238,79,ЗК-Услуги-005,9562692.1,9325396.57,0,Исполнен
40000347749,"Услуги Операторские и агентские услуги, филиал ООО РН-Черноземье (процедура 40000347749)",2024-12-25,6,1433015030,70,ЗК-Услуги-002,12111206.23,9076544.89,0,В работе
40003561995,Услуги Эксплуатационное бурение для ООО РН-Черноземье (процедура 40003561995),2024-07-18,6,275009544,55,ЗК-Услуги-002,8367650.24,9037163.91,0,Исполнен
40003774286,Услуги АХО и административные услуги — Нефтепромлизинг (№40003774286),2025-08-05,75,8603089941,85,ЗК-Услуги-007,7288397.71,8947818.16,0,В работе
40000998079,"Услуги Ремонт и освоение скважин, филиал УДМУРТНЕФТЬ-БУРЕНИЕ (процедура 40000998079)",2025-04-09,24,6381010888,62,ЗК-Услуги-010,9142511.84,8916413.79,0,Исполнен
40007738052,Услуги Финансы и консалтинг для Саратовнефтепродукт (процедура 40007738052),2022-03-26,67,7734720936,80,ЗК-Услуги-010,10668537.83,8757458.26,0,Исполнен
40004035355,Услуги Охрана и режим — АнгараНефть (№40004035355),2022-02-11,56,8603183366,87,ЗК-Услуги-010,8103909.13,8686889.6,0,Исполнен
40000781241,"Услуги Страхование, филиал ТЗК Шереметьево (процедура 40000781241)",2024-01-05,42,7703432328,81,ЗК-Услуги-006,10028800.09,8582831.35,0,Исполнен
40004659230,Услуги Эксплуатационное бурение для АнгараНефть (процедура 40004659230),2024-07-05,56,6732075238,55,ЗК-Услуги-004,8015922.65,8562217.74,0,Исполнен
40006802058,Услуги Непроизводственные объекты — РН-Морской_терминал_Находка (№40006802058),2025-01-03,72,8602068466,78,ЗК-Услуги-005,8319083.29,8354824.96,0,Исполнен
40002482791,"Услуги Разведочное бурение, филиал ООО СКН (процедура 40002482791)",2024-11-14,87,2466249029,96,ЗК-Услуги-001,7921169.11,8351431.82,0,Исполнен
40008710715,Услуги EPC/EPCM контракты для ООО РН-Черноземье (процедура 40008710715),2023-09-05,6,770000000210,74,ЗК-Услуги-007,10032233.5,8318649.82,0,Исполнен
40004102224,Услуги Химизация добычи — ООО РН-СтройКонтроль (№40004102224),2023-09-30,48,6685017532,66,ЗК-Услуги-008,8662800.3,8178348.47,0,Исполнен
40009191363,"Услуги Корпоративная безопасность, филиал ООО РН Комсомольский - НПЗ (процедура 40009191363)",2025-05-09,28,770000000246,60,ЗК-Услуги-009,6717819.43,8117158.69,0,В работе
40009943908,Услуги Маркетинг и мероприятия для АО РН-Ярославль (процедура 40009943908),2022-01-25,43,770000000199,92,ЗК-Услуги-008,6055094.94,8015758.11,0,Исполнен
40002713458,Услуги Строительство и содержание дорог — АО Орелнефтепродукт (№40002713458),2024-03-26,11,8602060026,64,ЗК-Услуги-005,5999254.17,7893439.95,0,Исполнен
40005600892,"Услуги ТО и ремонт оборудования, филиал АО РН-Ярославль (процедура 40005600892)",2024-01-25,43,2709010901,67,ЗК-Услуги-003,8192459.38,7826535.02,0,Исполнен
40000075165,Услуги ТО и ремонт оборудования для ВНИКТИНХО (процедура 40000075165),2023-06-27,46,5321029508,67,ЗК-Услуги-010,7851458.51,7813929.56,0,Исполнен
40008149361,Услуги Работа с гибкими трубами (ГНКТ) — СНКНГ Славнефть-Красноярскнефтегаз (№40008149361),2022-11-02,21,8904081664,61,ЗК-Услуги-009,9632718.67,7677279.48,0,Исполнен
40001559680,"Услуги ТО и ремонт оборудования, филиал РН-Морской_терминал_Находка (процедура 40001559680)",2023-10-03,72,1645028088,67,ЗК-Услуги-006,5954941.0,7670281.7,0,Исполнен
40001812548,Услуги Энергоснабжение для ООО РН-Черноземье (процедура 40001812548),2024-11-06,6,5036011816,101,ЗК-Услуги-005,8075610.96,7610609.6,0,Исполнен
40001335095,Услуги Охрана и режим — СНКНГ Славнефть-Красноярскнефтегаз (№40001335095),2023-11-24,21,770000000230,87,ЗК-Услуги-003,9974831.33,7556375.36,0,Расторгнут
40008591557,"Услуги Ж/д перевозки, филиал ООО РН-Черноземье (процедура 40008591557)",2024-04-30,6,7703567364,82,ЗК-Услуги-006,5616811.96,7468730.61,0,В работе
40009230995,Услуги Энергоснабжение для 6. ПАО АНК Башнефть (процедура 40009230995),2023-03-18,17,770000000197,101,ЗК-Услуги-003,7220874.82,7444077.78,0,Расторгнут
40008309022,Услуги Энергоснабжение — БРЯНСКНЕФТЕПРОДУКТ (№40008309022),2025-09-13,45,8609322418,101,ЗК-Услуги-010,8932035.44,7370096.52,0,Исполнен
40001617818,"Услуги Энергоснабжение, филиал ООО РН-Пожарная безопасность (процедура 40001617818)",2023-06-14,47,770000000204,101,ЗК-Услуги-006,5990199.99,7368507.97,0,Исполнен
40004610330,Услуги Социально-бытовые услуги для СНКНГ Славнефть-Красноярскнефтегаз (процедура 40004610330),2025-01-12,21,770000000196,84,ЗК-Услуги-004,6636253.57,7051945.25,0,Исполнен
40002284240,Услуги Ж/д перевозки — АО РН-Тверь (№40002284240),2022-12-17,59,770000000216,82,ЗК-Услуги-002,8347907.13,6987392.37,0,В работе
40003683971,"Услуги ИТ-услуги и поддержка, филиал АООРЕНБУРГНЕФТЬ (процедура 40003683971)",2024-05-26,2,7706613770,86,ЗК-Услуги-008,5977436.82,6986362.43,0,Исполнен
40000668331,Услуги Маркетинг и мероприятия для РН-Морской_терминал_Находка (процедура 40000668331),2022-05-14,72,770000000201,92,ЗК-Услуги-004,6841265.62,6773903.09,0,Исполнен
40002237121,Услуги Работа с гибкими трубами (ГНКТ) — АРТ АВИА (№40002237121),2023-10-24,23,770000000196,61,ЗК-Услуги-009,8357956.18,6557635.41,0,Исполнен
40005715155,"Услуги Ж/д перевозки, филиал АО Отрадненский ГПЗ (процедура 40005715155)",2025-12-10,55,8904059355,82,ЗК-Услуги-007,6417136.93,6462127.36,0,Исполнен
40006271144,Услуги Прочие нефтепромысловые услуги для АО РН-Няганьнефтегаз (процедура 40006271144),2023-03-01,35,8619008017,71,ЗК-Услуги-002,5238990.53,6407330.66,0,Исполнен
40003335821,Услуги Строительство и содержание дорог — АО РОСПАН ИНТЕРНЕШНЛ (№40003335821),2023-06-10,41,6316271946,64,ЗК-Услуги-004,5302937.93,6363850.18,0,Исполнен
40007042293,"Услуги ТО и ремонт оборудования, филиал АЗКиОС (процедура 40007042293)",2022-08-14,78,8602068466,67,ЗК-Услуги-005,8101328.59,6325962.39,0,Исполнен
40001494800,Услуги Проектно-изыскательские работы (ПИР) для Филиал ПАО АНК Башнефть Башнефть-Новойл (процедура 40001494800),2022-04-03,10,8620001545,73,ЗК-Услуги-003,6000185.85,6292640.65,0,Исполнен
40008288776,Услуги Охрана и режим — ООО РН-Карт (№40008288776),2023-03-28,5,8602142712,87,ЗК-Услуги-009,7034150.66,6231784.06,0,Исполнен
40002121073,"Услуги Прочие геологические услуги, филиал АО РОСПАН ИНТЕРНЕШНЛ (процедура 40002121073)",2025-07-29,41,5019026876,99,ЗК-Услуги-005,6932904.28,6204280.68,0,Исполнен
40001938133,Услуги Операционные услуги добычи для РН-Морской_терминал_Находка (процедура 40001938133),2025-08-07,72,770000000211,65,ЗК-Услуги-002,6453706.52,6203445.03,0,Исполнен
40002231765,Услуги Ремонт и освоение скважин — ООО Удмуртэнергонефть (№40002231765),2022-10-01,25,7706061801,62,ЗК-Услуги-003,5114392.67,6200795.37,0,В работе
40004862436,"Услуги HR и обучение персонала, филиал АО РН-Ярославль (процедура 40004862436)",2023-12-12,43,770000000210,94,ЗК-Услуги-009,8108242.58,6148306.57,0,В работе
40001899975,Услуги HR и обучение персонала для ООО Харампурнефтегаз (процедура 40001899975),2022-03-29,70,6732075238,94,ЗК-Услуги-007,5027160.01,6134463.1,0,Исполнен
40007202439,Услуги Сопровождение бурения — ООО ТЮНГД (№40007202439),2025-10-30,64,7810190225,57,ЗК-Услуги-002,7863900.28,6088701.34,0,Исполнен
40009139398,"Услуги Инвестпроекты и НИОКР, филиал НК НПЗ (процедура 40009139398)",2024-10-02,12,7706660065,89,ЗК-Услуги-009,4872143.03,6084106.17,0,Исполнен
40002464047,Услуги Сейсморазведка для ИркутскНП (процедура 40002464047),2024-08-08,30,770000000203,58,ЗК-Услуги-004,4649891.25,6065081.99,0,Исполнен
40000010168,Услуги Маркетинг и мероприятия — АнгараНефть (№40000010168),2022-03-16,56,8603170092,92,ЗК-Услуги-009,4649217.85,6051028.63,0,Исполнен
40007179632,"Услуги Операционные услуги добычи, филиал АО РН-Няганьнефтегаз (процедура 40007179632)",2022-01-29,35,7449146953,65,ЗК-Услуги-002,8074085.7,6050423.5,0,Исполнен
40006140909,Услуги Операторские и агентские услуги для НК НПЗ (процедура 40006140909),2025-02-23,12,770000000209,70,ЗК-Услуги-010,7028898.8,6003180.21,0,Исполнен
40003317805,Услуги Сейсморазведка — ООО РН-Черноземье (№40003317805),2022-08-20,6,7743791789,58,ЗК-Услуги-004,7824144.17,5948350.26,0,Исполнен
40003258660,"Услуги Землеустроительные работы, филиал АО РН-Ярославль (процедура 40003258660)",2022-07-30,43,5003116972,77,ЗК-Услуги-005,6156036.98,5858009.95,0,В работе
40006396037,Услуги Аренда и покупка имущества для ООО РН-Карт (процедура 40006396037),2025-08-06,5,8612016481,93,ЗК-Услуги-002,6002562.24,5804199.6,0,Исполнен
40009101266,Услуги Операционные услуги добычи — ВНИКТИНХО (№40009101266),2023-06-20,46,1644005987,65,ЗК-Услуги-010,7738928.7,5744799.06,0,Исполнен
40006290805,"Услуги ТО и ремонт оборудования, филиал АО РНПК (процедура 40006290805)",2025-01-03,36,7717133960,67,ЗК-Услуги-001,6043937.25,5576194.91,0,Исполнен
40000756837,Услуги Прочие геологические услуги для УВАТНЕФТЕГАЗ (процедура 40000756837),2024-11-05,22,7725700676,99,ЗК-Услуги-007,4991252.19,5498217.66,0,Исполнен
40008680996,Услуги Социально-бытовые услуги — ООО НЗМП (№40008680996),2025-01-23,50,8619008017,84,ЗК-Услуги-010,4552450.16,5458041.55,0,Исполнен
40007639358,"Услуги Охрана и режим, филиал АО РН-Ярославль (процедура 40007639358)",2025-05-24,43,8603152495,87,ЗК-Услуги-001,5949557.71,5435561.27,0,Исполнен
40002405272,Услуги Социально-бытовые услуги для ООО НЗМП (процедура 40002405272),2022-03-13,50,5031111782,84,ЗК-Услуги-008,6917339.09,5374154.99,0,Исполнен
40008900945,Услуги Капитальное строительство — СНКНГ Славнефть-Красноярскнефтегаз (№40008900945),2022-05-04,21,770000000214,0,ЗК-Услуги-003,6482932.6,5211301.16,0,Исполнен
40006022034,"Услуги Разведочное бурение, филиал ООО РН_БУНКЕР (процедура 40006022034)",2024-10-04,61,1433015030,96,ЗК-Услуги-010,6121772.18,5172775.1,0,Исполнен
40008124836,Услуги Эксплуатационное бурение для АО Отрадненский ГПЗ (процедура 40008124836),2025-06-29,55,770000000211,55,ЗК-Услуги-006,5587437.49,5136821.4,0,Исполнен
40002951183,Услуги Маркетинг и мероприятия — ВНИКТИНХО (№40002951183),2025-12-15,46,6229024740,92,ЗК-Услуги-007,6123315.42,5076445.35,0,Исполнен
40003696570,"Услуги АХО и административные услуги, филиал ИркутскНП (процедура 40003696570)",2025-03-05,30,8603093017,85,ЗК-Услуги-010,5003115.95,5003125.18,0,Расторгнут
40002821078,Услуги Инвестпроекты и НИОКР для АООРЕНБУРГНЕФТЬ (процедура 40002821078),2025-07-21,2,8604071023,89,ЗК-Услуги-001,5495920.79,4972324.12,0,Расторгнут
40000098613,Услуги Разведочное бурение — АО РН-Няганьнефтегаз (№40000098613),2022-10-10,35,7728862509,96,ЗК-Услуги-006,5597264.84,4949758.61,0,Исполнен
40007636392,"Услуги Экология и охрана труда, филиал ООО Удмуртэнергонефть (процедура 40007636392)",2022-07-07,25,770000000213,95,ЗК-Услуги-007,4941212.92,4943493.87,0,Исполнен
40002620692,Услуги ИТ-услуги и поддержка для СНКНГ Славнефть-Красноярскнефтегаз (процедура 40002620692),2023-09-22,21,2461124820,86,ЗК-Услуги-006,5536470.66,4931441.26,0,Исполнен
40006844098,Услуги Ж/д перевозки — АООРЕНБУРГНЕФТЬ (№40006844098),2022-02-17,2,6229024740,82,ЗК-Услуги-004,4546452.18,4918268.55,0,В работе
40003145116,"Услуги Строительно-монтажные работы (СМР), филиал АО РН-Ярославль (процедура 40003145116)",2024-04-10,43,7743791789,72,ЗК-Услуги-001,4350424.08,4875836.12,0,Исполнен
40001845629,Услуги Промбезопасность и контроль для АО КНП (процедура 40001845629),2022-04-23,33,3906331840,69,ЗК-Услуги-009,5997923.35,4851860.93,0,Исполнен
40005975081,Услуги HR и обучение персонала — РН-ОХРАНА-АНГАРСК (№40005975081),2022-01-19,7,7726351724,94,ЗК-Услуги-004,5008901.89,4817255.12,0,Исполнен
40009221236,"Услуги Маркетинг и мероприятия, филиал АРТ АВИА (процедура 40009221236)",2022-11-30,23,8603224164,92,ЗК-Услуги-007,6252905.2,4796658.17,0,Исполнен
40003301799,Услуги Автотранспортные услуги для АООРЕНБУРГНЕФТЬ (процедура 40003301799),2025-09-28,2,8603214470,63,ЗК-Услуги-007,5291364.86,4770822.92,0,Исполнен
40004372642,Услуги Авторский и технадзор — АО РН-Няганьнефтегаз (№40004372642),2024-05-05,35,7706525041,79,ЗК-Услуги-002,6321657.7,4767803.96,0,В работе
40005295776,"Услуги Обслуживание энергохозяйства, филиал ООО РН ВАНКОР (процедура 40005295776)",2025-09-25,68,8912002225,68,ЗК-Услуги-001,3743798.2,4762109.78,0,Исполнен
40001753027,Услуги ИТ-услуги и поддержка для АО РН-Тверь (процедура 40001753027),2023-06-27,59,8603116722,86,ЗК-Услуги-008,5364473.1,4744047.06,0,Исполнен
40007588733,Услуги Прочие нефтепромысловые услуги — АО РН-Няганьнефтегаз (№40007588733),2024-02-08,35,6685153736,71,ЗК-Услуги-008,6016292.24,4727075.97,0,Исполнен
40005258878,"Услуги Ж/д перевозки, филиал РН-АЭРО (процедура 40005258878)",2025-09-01,40,8603150829,82,ЗК-Услуги-007,4202832.98,4692118.13,0,Исполнен
40003328012,Услуги Аренда и покупка имущества для АО РН-Ярославль (процедура 40003328012),2023-02-11,43,8620001545,93,ЗК-Услуги-008,5403629.2,4667071.42,0,Исполнен
40003441019,Услуги Землеустроительные работы — ИркутскНП (№40003441019),2023-03-12,30,8607013460,77,ЗК-Услуги-003,4614131.0,4615045.62,0,Исполнен
40003969742,"Услуги Сейсморазведка, филиал ООО РН-Черноземье (процедура 40003969742)",2022-02-23,6,7814754000,58,ЗК-Услуги-002,4714919.92,4614694.18,0,Исполнен
40005265550,Услуги Химизация добычи для Филиал ПАО АНК Башнефть Башнефть-Новойл (процедура 40005265550),2022-01-24,10,7736540833,66,ЗК-Услуги-007,5534008.7,4609967.58,0,Исполнен
40007564471,Услуги Операционные услуги добычи — УНХ (№40007564471),2024-06-25,9,1433015030,65,ЗК-Услуги-008,6192163.1,4608467.16,0,Исполнен
40003104284,"Услуги Работа с гибкими трубами (ГНКТ), филиал ВНИКТИНХО (процедура 40003104284)",2024-04-10,46,770000000220,61,ЗК-Услуги-001,3812497.86,4577682.46,0,Расторгнут
40006882404,Услуги EPC/EPCM контракты для ООО ИК СИБИНТЕК (процедура 40006882404),2023-09-05,80,6686129782,74,ЗК-Услуги-010,5932968.78,4542007.83,0,Исполнен
40004796414,Услуги Корпоративная безопасность — АО РОСПАН ИНТЕРНЕШНЛ (№40004796414),2025-02-21,41,2466249029,60,ЗК-Услуги-009,4158022.84,4504803.57,0,Исполнен
40005721746,"Услуги Разведочное бурение, филиал АнгараНефть (процедура 40005721746)",2024-03-26,56,2461124820,96,ЗК-Услуги-004,5660572.21,4504463.79,0,Исполнен
40000701933,Услуги Промбезопасность и контроль для ООО РН-Проектирование Добыча (процедура 40000701933),2023-03-15,37,770000000221,69,ЗК-Услуги-004,5873309.86,4492038.18,0,Исполнен
40009331638,Услуги Финансы и консалтинг — ВНИКТИНХО (№40009331638),2023-09-23,46,7728803870,80,ЗК-Услуги-003,5459015.93,4472398.71,0,Исполнен
40009563316,"Услуги ИТ-услуги и поддержка, филиал ВНИКТИНХО (процедура 40009563316)",2025-10-17,46,7714905368,86,ЗК-Услуги-006,3793745.85,4448025.78,0,Исполнен
40002162906,Услуги Обслуживание энергохозяйства для УВАТНЕФТЕГАЗ (процедура 40002162906),2024-04-03,22,8602270697,68,ЗК-Услуги-001,5130632.17,4446955.15,0,Исполнен
40008965563,Услуги Непроизводственные объекты — РН-АЭРО (№40008965563),2022-03-28,40,7725607130,78,ЗК-Услуги-006,3519901.12,4443003.35,0,Исполнен
40001978859,"Услуги Финансы и консалтинг, филиал ВНИКТИНХО (процедура 40001978859)",2023-11-16,46,770000000223,80,ЗК-Услуги-002,3361838.14,4436662.88,0,Исполнен
40004563086,Услуги Ж/д перевозки для ООО РН_БУНКЕР (процедура 40004563086),2023-02-16,61,8603115020,82,ЗК-Услуги-009,5917619.16,4400953.54,0,Исполнен
40006647782,Услуги Ремонт и освоение скважин — ООО Башнефть-Добыча (№40006647782),2023-03-29,49,7724294887,62,ЗК-Услуги-002,3651293.37,4379876.6,0,Исполнен
40003763842,"Услуги Зарезка боковых стволов (ЗБС), филиал Филиал ПАО АНК Башнефть Башнефть-Новойл (процедура 40003763842)",2024-01-20,10,8612014660,56,ЗК-Услуги-007,5797637.41,4351473.57,0,Исполнен
40007582108,Услуги Ремонт и освоение скважин для ООО РН-Пожарная безопасность (процедура 40007582108),2024-12-04,47,8620001545,62,ЗК-Услуги-001,5403895.14,4257153.6,0,Исполнен
40001490482,Услуги Поставка углеводородов — РН-АЭРО (№40001490482),2022-05-22,40,7203556170,90,ЗК-Услуги-007,3402375.5,4220055.2,0,Исполнен
40007358515,"Услуги Охрана и режим, филиал УНХ (процедура 40007358515)",2023-02-14,9,7842209221,87,ЗК-Услуги-005,4146827.52,4209229.98,0,Исполнен
40004572858,Услуги Прочие геологические услуги для ООО ИК СИБИНТЕК (процедура 40004572858),2024-09-15,80,8609320474,99,ЗК-Услуги-008,5564502.99,4162398.14,0,Исполнен
40008276207,Услуги EPC/EPCM контракты — ВНИКТИНХО (№40008276207),2025-08-12,46,770000000201,74,ЗК-Услуги-004,3803013.28,4159552.59,0,Исполнен
40004175545,"Услуги Зарезка боковых стволов (ЗБС), филиал РН-АЭРО (процедура 40004175545)",2022-07-23,40,770000000238,56,ЗК-Услуги-010,3380662.52,4136596.78,0,В работе
40003118364,Услуги Химизация добычи для Туапсинский НПЗ (процедура 40003118364),2023-01-03,29,770000000200,66,ЗК-Услуги-007,5204804.63,4124888.88,0,Исполнен
40004949994,Услуги Поставка углеводородов — Уфимский филиал АО РН-ПН (№40004949994),2024-05-19,26,2311236806,90,ЗК-Услуги-006,3683973.89,4100852.93,0,Исполнен
40005680754,"Услуги Сопровождение бурения, филиал АнгараНефть (процедура 40005680754)",2023-11-21,56,271006454,57,ЗК-Услуги-005,3168201.79,4090208.74,0,Исполнен
40007482834,Услуги Строительно-монтажные работы (СМР) для ООО НЗМП (процедура 40007482834),2023-10-19,50,7728803870,72,ЗК-Услуги-004,5040591.7,4067820.95,0,Исполнен
40006241928,Услуги Сейсморазведка — Уфимский филиал АО РН-ПН (№40006241928),2025-12-20,26,9102032738,58,ЗК-Услуги-007,4983568.64,3951492.36,0,Исполнен
40002099160,"Услуги Корпоративная безопасность, филиал ООО Башнефть-Добыча (процедура 40002099160)",2025-11-18,49,8603093264,60,ЗК-Услуги-005,2994424.2,3944600.14,0,Исполнен
40009321606,Услуги Геофизические исследования (ГИС) для РН-Бурение (процедура 40009321606),2025-12-04,85,770000000220,59,ЗК-Услуги-005,5082959.53,3934999.74,0,Исполнен
40006363547,Услуги Строительно-монтажные работы (СМР) — АО РН-Тверь (№40006363547),2022-04-23,59,8609322418,72,ЗК-Услуги-001,3594746.55,3928347.95,0,Исполнен
40005158582,"Услуги Прочие непроизводственные услуги, филиал АО РН-Ярославль (процедура 40005158582)",2024-05-27,43,8603157278,102,ЗК-Услуги-002,3648932.85,3910310.78,0,Исполнен
40006263537,Услуги Инвестпроекты и НИОКР для АО РОСПАН ИНТЕРНЕШНЛ (процедура 40006263537),2023-09-04,41,2466249029,89,ЗК-Услуги-005,3684203.9,3887875.84,0,Исполнен
40004501603,Услуги Прочие нефтепромысловые услуги — Туапсинский НПЗ (№40004501603),2022-07-18,29,770000000212,71,ЗК-Услуги-003,4069421.05,3877691.98,0,Исполнен
40008456169,"Услуги Работа с гибкими трубами (ГНКТ), филиал РН-ОХРАНА-АНГАРСК (процедура 40008456169)",2024-05-02,7,5507296450,61,ЗК-Услуги-002,3530999.84,3876112.65,0,Исполнен
40006813734,Услуги Операторские и агентские услуги для АО РН-Тверь (процедура 40006813734),2023-01-22,59,7703567364,70,ЗК-Услуги-004,4752029.69,3867579.92,0,Исполнен
40009154449,Услуги Корпоративная безопасность — Саратовнефтепродукт (№40009154449),2025-12-11,67,7725700676,60,ЗК-Услуги-004,4638592.15,3865162.54,0,Исполнен
40009599551,"Услуги Сопровождение бурения, филиал СНКНГ Славнефть-Красноярскнефтегаз (процедура 40009599551)",2022-01-04,21,770000000204,57,ЗК-Услуги-004,3747040.68,3857327.73,0,В работе
40003739750,Услуги Операционные услуги добычи для РН-Морской_терминал_Находка (процедура 40003739750),2023-06-19,72,770000000194,65,ЗК-Услуги-004,3665975.72,3835957.24,0,Исполнен
40000891346,Услуги Охрана и режим — СНКНГ Славнефть-Красноярскнефтегаз (№40000891346),2024-01-06,21,770000000235,87,ЗК-Услуги-003,4776545.73,3774046.98,0,Исполнен
40007654218,"Услуги ТО и ремонт оборудования, филиал Саратовнефтепродукт (процедура 40007654218)",2022-08-11,67,770000000206,67,ЗК-Услуги-007,4739233.21,3765784.11,0,Исполнен
40004417317,Услуги Прочие непроизводственные услуги для АЗКиОС (процедура 40004417317),2023-01-07,78,7203448538,102,ЗК-Услуги-009,3730111.53,3756508.93,0,Исполнен
40008575033,Услуги HR и обучение персонала — ВНИКТИНХО (№40008575033),2022-03-30,46,6325009374,94,ЗК-Услуги-005,4936766.58,3678132.43,0,Исполнен
40004056379,"Услуги Охрана и режим, филиал Уфимский филиал АО РН-ПН (процедура 40004056379)",2024-10-07,26,7449146953,87,ЗК-Услуги-004,4788558.98,3669857.59,0,Расторгнут
40003015937,Услуги Операционные услуги добычи для МурманскНП (процедура 40003015937),2023-04-11,62,9731140472,65,ЗК-Услуги-002,4482800.21,3643004.48,0,В работе
40003177198,Услуги Социально-бытовые услуги — ООО РН-ГИР (№40003177198),2024-06-02,39,8604071023,84,ЗК-Услуги-002,4691016.13,3629220.92,0,В работе
40006987242,"Услуги Страхование, филиал ООО ПНЦ Биосфера (процедура 40006987242)",2024-06-29,51,9706023006,81,ЗК-Услуги-005,3202545.58,3607957.06,0,Исполнен
40000200854,Услуги Эксплуатационное бурение для ВЧНГ (процедура 40000200854),2023-08-31,31,8603209670,55,ЗК-Услуги-007,4321075.62,3603963.63,0,Исполнен
40006267564,Услуги Авиаперевозки и работы — ООО РН-Драгмет (№40006267564),2022-04-14,38,7731429736,83,ЗК-Услуги-010,3966763.23,3596861.33,0,Исполнен
40006938289,"Услуги Автотранспортные услуги, филиал РН-Краснодарнефтегаз (процедура 40006938289)",2025-05-29,14,8602089508,63,ЗК-Услуги-010,3187116.0,3594376.93,0,Исполнен
40001235254,Услуги Финансы и консалтинг для АО РН-Ярославль (процедура 40001235254),2022-05-03,43,770000000207,80,ЗК-Услуги-009,3813275.16,3551890.43,0,Исполнен
40003540389,Услуги Корпоративная безопасность — РН-ОХРАНА-АНГАРСК (№40003540389),2025-09-01,7,7706660065,60,ЗК-Услуги-007,4626191.21,3501854.8,0,Исполнен
40009097618,"Услуги Прочие непроизводственные услуги, филиал АО РН-Ярославль (процедура 40009097618)",2022-10-13,43,770000000217,102,ЗК-Услуги-005,3745867.75,3480959.88,0,Исполнен
40006212184,Услуги Строительство и содержание дорог для Самаранефтепродукт АО (процедура 40006212184),2023-01-23,19,7736050003,64,ЗК-Услуги-010,3419661.83,3449511.86,0,Исполнен
40002680806,Услуги Маркетинг и мероприятия — РН-Морской_терминал_Находка (№40002680806),2022-03-24,72,8603176619,92,ЗК-Услуги-010,4626376.95,3448814.8,0,Исполнен
40002560366,"Услуги Строительство и содержание дорог, филиал 6. ПАО АНК Башнефть (процедура 40002560366)",2022-02-25,17,8904034470,64,ЗК-Услуги-010,3290439.99,3439959.85,0,Исполнен
40004000308,Услуги Экология и охрана труда для УДМУРТНЕФТЬ-БУРЕНИЕ (процедура 40004000308),2023-10-17,24,8612017132,95,ЗК-Услуги-006,2665571.99,3413741.08,0,В работе
40000389779,Услуги Работа с гибкими трубами (ГНКТ) — РН-Морской_терминал_Находка (№40000389779),2022-03-10,72,8612003852,61,ЗК-Услуги-003,3102498.15,3379442.98,0,В работе
40003323346,"Услуги Инвестпроекты и НИОКР, филиал АО РН-Ярославль (процедура 40003323346)",2025-02-09,43,8620005853,89,ЗК-Услуги-005,4088629.91,3379356.16,0,Исполнен
40007587654,Услуги Авторский и технадзор для АО РН-Ярославль (процедура 40007587654),2024-04-02,43,9102032738,79,ЗК-Услуги-008,3496918.02,3350438.62,0,Исполнен
40009203340,Услуги Ремонт и освоение скважин — МурманскНП (№40009203340),2023-09-06,62,7326005335,62,ЗК-Услуги-001,2542533.76,3335107.07,0,Исполнен
40008037346,"Услуги Зарезка боковых стволов (ЗБС), филиал ПАО СаратовскийНПЗ (процедура 40008037346)",2024-05-17,18,8617016118,56,ЗК-Услуги-001,3344952.77,3320364.73,0,Исполнен
40005344720,Услуги Маркетинг и мероприятия для СНКНГ Славнефть-Красноярскнефтегаз (процедура 40005344720),2025-05-29,21,7708345125,92,ЗК-Услуги-007,2855205.86,3274057.61,0,В работе
40006926831,Услуги Сейсморазведка — ООО РН-Пожарная безопасность (№40006926831),2023-02-12,47,7204186388,58,ЗК-Услуги-005,3100737.83,3249163.44,0,Исполнен
40001792819,"Услуги Экология и охрана труда, филиал АО РН-Ярославль (процедура 40001792819)",2022-01-23,43,6685153736,95,ЗК-Услуги-005,2507839.66,3235025.21,0,Исполнен
40006775601,Услуги Сейсморазведка для ИркутскНП (процедура 40006775601),2023-11-09,30,8612003852,58,ЗК-Услуги-001,3861066.86,3228983.39,0,Исполнен
40000849540,Услуги ТО и ремонт оборудования — ООО РН-Юганскнефтегаз (№40000849540),2025-03-22,52,8603116722,67,ЗК-Услуги-009,3894291.64,3205130.75,0,Исполнен
40009444371,"Услуги Работа с гибкими трубами (ГНКТ), филиал 00_РН-Москва (процедура 40009444371)",2024-02-07,65,8620001545,61,ЗК-Услуги-001,4211198.15,3183488.5,0,В работе
40002770643,Услуги ТО и ремонт оборудования для ООО РН-Черноземье (процедура 40002770643),2025-07-02,6,770000000194,67,ЗК-Услуги-005,2660871.83,3139284.83,0,В работе
40005699065,Услуги Охрана и режим — ООО Харампурнефтегаз (№40005699065),2024-02-03,70,276153614,87,ЗК-Услуги-010,2414497.75,3087958.06,0,Исполнен
40001656193,"Услуги Прочие геологические услуги, филиал ООО РН-Черноземье (процедура 40001656193)",2023-01-23,6,770000000207,99,ЗК-Услуги-009,3999534.01,3087753.93,0,В работе
40005295511,Услуги Строительство и содержание дорог для РН-АЭРО (процедура 40005295511),2022-07-02,40,770000000222,64,ЗК-Услуги-004,3428045.23,3086947.93,0,Исполнен
40001123132,Услуги Строительство и содержание дорог — ООО РН-СтройКонтроль (№40001123132),2025-07-16,48,7326005335,64,ЗК-Услуги-008,3885621.82,3068931.02,0,Исполнен
40007435357,"Услуги Корпоративная безопасность, филиал УДМУРТНЕФТЬ-БУРЕНИЕ (процедура 40007435357)",2024-10-20,24,6230000743,60,ЗК-Услуги-006,3105971.38,3060042.69,0,В работе
40001190619,Услуги Сопровождение бурения для АООРЕНБУРГНЕФТЬ (процедура 40001190619),2025-05-16,2,6732075238,57,ЗК-Услуги-003,2725109.52,3054941.59,0,Исполнен
40004244667,Услуги Ремонт и освоение скважин — ООО РН ВАНКОР (№40004244667),2023-02-28,68,770000000196,62,ЗК-Услуги-004,2677290.89,3022924.48,0,Исполнен
40007379430,"Услуги Социально-бытовые услуги, филиал ООО РН-Пожарная безопасность (процедура 40007379430)",2025-03-02,47,7724294887,84,ЗК-Услуги-002,2838968.39,2980056.46,0,Исполнен
40000964621,Услуги Авиаперевозки и работы для РН-ОХРАНА-АНГАРСК (процедура 40000964621),2024-03-14,7,7734720936,83,ЗК-Услуги-001,3768732.44,2961015.97,0,Исполнен
40009196266,Услуги Обслуживание энергохозяйства — ИркутскНП (№40009196266),2024-07-18,30,8603100120,68,ЗК-Услуги-008,2893058.49,2957477.48,0,Исполнен
40004871009,"Услуги Финансы и консалтинг, филиал ВСНК (процедура 40004871009)",2024-10-29,3,770000000223,80,ЗК-Услуги-001,3810446.21,2947822.32,0,Исполнен
40000411847,Услуги Прочие непроизводственные услуги для РН-ОХРАНА-АНГАРСК (процедура 40000411847),2025-01-29,7,770000000243,102,ЗК-Услуги-001,3411359.6,2933900.81,0,Исполнен
40001040668,Услуги Охрана и режим — Башнефть-ПЕТРОТЕСТ (№40001040668),2023-01-09,57,770000000247,87,ЗК-Услуги-004,3880337.69,2927819.96,0,В работе
40003198848,"Услуги Операторские и агентские услуги, филиал УДМУРТНЕФТЬ-БУРЕНИЕ (процедура 40003198848)",2022-11-08,24,770000000231,70,ЗК-Услуги-010,2962605.88,2900741.51,0,В работе
40007007447,Услуги Прочие геологические услуги для РН-Морской_терминал_Находка (процедура 40007007447),2025-12-09,72,8603132450,99,ЗК-Услуги-010,2787167.43,2860907.81,0,Исполнен
40004192823,Услуги Землеустроительные работы — ООО РН-Черноземье (№40004192823),2024-04-29,6,8603115020,77,ЗК-Услуги-006,3109630.36,2852195.57,0,Исполнен
40008315171,"Услуги Инвестпроекты и НИОКР, филиал ООО Удмуртнефть-Снабжение (процедура 40008315171)",2022-02-20,53,770000000198,89,ЗК-Услуги-009,3586210.41,2843175.52,0,Исполнен
40006446881,Услуги АХО и административные услуги для ВНИКТИНХО (процедура 40006446881),2023-09-26,46,770000000242,85,ЗК-Услуги-001,2647269.27,2837754.8,0,Расторгнут
40001248496,Услуги Промбезопасность и контроль — ООО РН-Пожарная безопасность (№40001248496),2022-12-22,47,770000000230,69,ЗК-Услуги-007,3546359.32,2820976.06,0,Исполнен
40008509270,"Услуги Автотранспортные услуги, филиал РН-ОХРАНА-АНГАРСК (процедура 40008509270)",2024-05-16,7,7714867426,63,ЗК-Услуги-010,3410926.51,2805803.66,0,Исполнен
40002421915,Услуги HR и обучение персонала для АО Тюменнефтегаз (процедура 40002421915),2024-05-01,73,7725613712,94,ЗК-Услуги-005,3578845.95,2777021.18,0,Исполнен
40002437464,Услуги Инвестпроекты и НИОКР — ООО РН-Проектирование Добыча (№40002437464),2024-08-31,37,2311236806,89,ЗК-Услуги-008,3542305.74,2774455.9,0,Исполнен
40008042026,"Услуги Зарезка боковых стволов (ЗБС), филиал ООО РН-Пожарная безопасность (процедура 40008042026)",2023-05-09,47,3818031445,56,ЗК-Услуги-007,3053228.35,2767893.29,0,Исполнен
40002567560,Услуги Обслуживание энергохозяйства для РН-ОХРАНА-АНГАРСК (процедура 40002567560),2022-06-20,7,8603115020,68,ЗК-Услуги-004,2420073.61,2742112.04,0,Исполнен
40008728437,Услуги Обслуживание энергохозяйства — ВСНК (№40008728437),2023-01-01,3,9705171690,68,ЗК-Услуги-004,3463176.38,2739802.63,0,Исполнен
40008142659,"Услуги Работа с гибкими трубами (ГНКТ), филиал АО РН-Ярославль (процедура 40008142659)",2024-10-12,43,7717133960,61,ЗК-Услуги-006,2350856.19,2736337.83,0,В работе
40006508034,Услуги Строительство и содержание дорог для РН-СТ (процедура 40006508034),2022-11-27,71,7017261765,64,ЗК-Услуги-006,2559724.15,2720970.21,0,В работе
40008057723,Услуги Авторский и технадзор — АО РОСПАН ИНТЕРНЕШНЛ (№40008057723),2025-10-16,41,5504118353,79,ЗК-Услуги-009,2904505.98,2696546.94,0,Исполнен
40008369097,"Услуги АХО и административные услуги, филиал АО РН-Тверь (процедура 40008369097)",2024-07-01,59,8617016118,85,ЗК-Услуги-005,3610058.01,2678455.75,0,Исполнен
40005377819,Услуги АХО и административные услуги для ООО РН-Черноземье (процедура 40005377819),2022-06-25,6,8603091244,85,ЗК-Услуги-008,2625016.07,2678104.98,0,Исполнен
40006782222,Услуги Эксплуатационное бурение — 00_РН-Москва (№40006782222),2022-06-01,65,770000000242,55,ЗК-Услуги-005,3258255.01,2676321.34,0,Исполнен
40004134174,"Услуги Прочие непроизводственные услуги, филиал РН-Морской_терминал_Находка (процедура 40004134174)",2022-03-08,72,7736540833,102,ЗК-Услуги-002,2429350.59,2664992.76,0,Исполнен
40009729970,Услуги Промбезопасность и контроль для ООО РН-Пожарная безопасность (процедура 40009729970),2025-12-27,47,770000000195,69,ЗК-Услуги-006,2401095.02,2652208.21,0,Исполнен
40006045709,Услуги Строительство и содержание дорог — Нефтепромлизинг (№40006045709),2025-02-11,75,9725063406,64,ЗК-Услуги-009,3397170.3,2645856.72,0,Исполнен
40005177826,"Услуги Прочие непроизводственные услуги, филиал ООО РН-ГИР (процедура 40005177826)",2024-06-23,39,770000000214,102,ЗК-Услуги-003,3215277.38,2643183.81,0,Исполнен
40003192218,Услуги Экология и охрана труда для ИркутскНП (процедура 40003192218),2024-08-29,30,8603150829,95,ЗК-Услуги-001,3275648.48,2637256.37,0,Исполнен
40006958087,Услуги Корпоративная безопасность — АО РОСПАН ИНТЕРНЕШНЛ (№40006958087),2025-12-14,41,276153614,60,ЗК-Услуги-001,3495873.7,2629622.96,0,Исполнен
40003110080,"Услуги АХО и административные услуги, филиал Туапсинский НПЗ (процедура 40003110080)",2024-06-08,29,8904059355,85,ЗК-Услуги-003,2217307.52,2626223.66,0,Исполнен
40008139043,Услуги Маркетинг и мероприятия для Банк ВБРР (процедура 40008139043),2024-06-22,44,8603148450,92,ЗК-Услуги-010,2033310.0,2608782.45,0,В работе
40005100997,Услуги Аренда и покупка имущества — ООО РН-Морской терминал Архангельск (№40005100997),2025-03-21,77,8603093017,93,ЗК-Услуги-005,3288856.99,2580455.04,0,В работе
40004942618,"Услуги Прочие непроизводственные услуги, филиал АО АНПЗ ВНК (процедура 40004942618)",2023-01-01,74,272010012,102,ЗК-Услуги-003,2674495.69,2579347.91,0,Исполнен
40001438862,Услуги Ремонт и освоение скважин для РН-АЭРО (процедура 40001438862),2022-03-07,40,7734580189,62,ЗК-Услуги-009,2743735.29,2579086.18,0,Исполнен
40008990187,Услуги Строительно-монтажные работы (СМР) — ООО РН-СтройКонтроль (№40008990187),2025-10-02,48,2540065503,72,ЗК-Услуги-008,2704318.84,2576479.59,0,Исполнен
40001445646,"Услуги Охрана и режим, филиал ООО ИК СИБИНТЕК (процедура 40001445646)",2022-05-19,80,7816043890,87,ЗК-Услуги-003,3344853.13,2559600.47,0,Исполнен
40008346877,Услуги Землеустроительные работы для РН-Краснодарнефтегаз (процедура 40008346877),2025-11-04,14,6501312481,77,ЗК-Услуги-009,2382712.06,2547787.46,0,В работе
40008072524,Услуги Сейсморазведка — УНХ (№40008072524),2024-08-03,9,8619015462,58,ЗК-Услуги-006,2270578.57,2538764.45,0,Исполнен
40006470237,"Услуги Строительно-монтажные работы (СМР), филиал ООО РН-Карт (процедура 40006470237)",2025-01-11,5,2466237136,72,ЗК-Услуги-007,2594795.79,2522715.11,0,Исполнен
40000697304,Услуги Инвестпроекты и НИОКР для АО РОСПАН ИНТЕРНЕШНЛ (процедура 40000697304),2025-01-19,41,8603157278,89,ЗК-Услуги-004,2380524.68,2504649.66,0,Исполнен
40006746491,Услуги HR и обучение персонала — Филиал ПАО АНК Башнефть Башнефть-Новойл (№40006746491),2024-02-01,10,7017253595,94,ЗК-Услуги-004,2600512.82,2495771.87,0,Исполнен
40004847365,"Услуги Операционные услуги добычи, филиал АО РН-Ярославль (процедура 40004847365)",2023-10-17,43,770000000231,65,ЗК-Услуги-002,2256217.09,2478160.22,0,В работе
40007220648,Услуги Маркетинг и мероприятия для ООО РН-Пожарная безопасность (процедура 40007220648),2022-08-24,47,7706660065,92,ЗК-Услуги-005,2695764.85,2475894.49,0,Исполнен
40001918492,Услуги Маркетинг и мероприятия — АО РН-Ярославль (№40001918492),2023-02-25,43,6732075238,92,ЗК-Услуги-008,2414543.79,2473169.45,0,Исполнен
40008497417,"Услуги Финансы и консалтинг, филиал УДМУРТНЕФТЬ-БУРЕНИЕ (процедура 40008497417)",2022-01-04,24,5948040571,80,ЗК-Услуги-007,2489052.86,2471028.74,0,Исполнен
40000780936,Услуги Авторский и технадзор для ООО ИК СИБИНТЕК (процедура 40000780936),2024-06-19,80,277025397,79,ЗК-Услуги-007,2252465.6,2463736.17,0,Исполнен
40002520378,Услуги Прочие нефтепромысловые услуги — БРЯНСКНЕФТЕПРОДУКТ (№40002520378),2024-09-09,45,770000000211,71,ЗК-Услуги-006,1916522.24,2462975.86,0,Исполнен
40001514884,"Услуги Маркетинг и мероприятия, филиал ООО Харампурнефтегаз (процедура 40001514884)",2025-04-23,70,8602068466,92,ЗК-Услуги-003,2150956.74,2447960.35,0,Исполнен
40002116693,Услуги Промбезопасность и контроль для ПЕНЗАНЕФТЕПРОДУКТ (процедура 40002116693),2025-06-17,83,770000000224,69,ЗК-Услуги-005,2939657.01,2426888.65,0,Исполнен
40005397388,Услуги Прочие непроизводственные услуги — РН-ОХРАНА-АНГАРСК (№40005397388),2022-12-02,7,770000000202,102,ЗК-Услуги-001,2022328.03,2424769.27,0,Исполнен
40006234957,"Услуги Охрана и режим, филиал ООО РН-Черноземье (процедура 40006234957)",2025-03-28,6,8609320474,87,ЗК-Услуги-007,2055452.29,2374912.31,0,Исполнен
40007332946,Услуги ИТ-услуги и поддержка для АО КНП (процедура 40007332946),2024-03-23,33,770000000219,86,ЗК-Услуги-009,2782274.96,2370678.15,0,Исполнен
40003217611,Услуги Аренда и покупка имущества — РН-ОХРАНА-АНГАРСК (№40003217611),2022-01-27,7,770000000205,93,ЗК-Услуги-001,2711657.85,2361961.18,0,Исполнен
40003133871,"Услуги Экология и охрана труда, филиал МурманскНП (процедура 40003133871)",2022-08-25,62,770000000211,95,ЗК-Услуги-002,2160453.94,2359497.91,0,Исполнен
40007549406,Услуги ТО и ремонт оборудования для ООО РН-Черноземье (процедура 40007549406),2023-10-04,6,7839039731,67,ЗК-Услуги-003,2465304.4,2351770.18,0,В работе
40007154781,Услуги Авторский и технадзор — АнгараНефть (№40007154781),2024-08-02,56,8801011908,79,ЗК-Услуги-003,1878192.32,2351762.73,0,Исполнен
40001719439,"Услуги Авторский и технадзор, филиал ООО РН-СтройКонтроль (процедура 40001719439)",2025-02-19,48,770000000230,79,ЗК-Услуги-008,2137963.25,2346770.14,0,В работе
40002697319,Услуги Ж/д перевозки для ТНП (процедура 40002697319),2025-12-24,13,8603157278,82,ЗК-Услуги-007,2887287.32,2341538.45,0,Исполнен
40005861678,Услуги Финансы и консалтинг — АО Отрадненский ГПЗ (№40005861678),2025-02-06,55,8619008017,80,ЗК-Услуги-006,1782040.24,2337160.18,0,Исполнен
40003722400,"Услуги Разведочное бурение, филиал ООО РН-Черноземье (процедура 40003722400)",2022-01-24,6,7842209221,96,ЗК-Услуги-010,1851468.06,2335176.03,0,Исполнен
40001161874,Услуги Геофизические исследования (ГИС) для ВНИКТИНХО (процедура 40001161874),2023-12-09,46,770000000227,59,ЗК-Услуги-010,2096102.99,2321980.53,0,Исполнен
40004944422,Услуги Страхование — Туапсинский НПЗ (№40004944422),2022-07-14,29,9725063406,81,ЗК-Услуги-004,3065403.09,2315360.73,0,В работе
40006802006,"Услуги Строительство и содержание дорог, филиал АО РН-Няганьнефтегаз (процедура 40006802006)",2024-10-15,35,8602089508,64,ЗК-Услуги-009,2627594.81,2313741.76,0,Исполнен
40000330200,Услуги Геофизические исследования (ГИС) для ООО НЗМП (процедура 40000330200),2025-06-21,50,770000000249,59,ЗК-Услуги-001,2088755.17,2309700.98,0,Исполнен
40000071268,Услуги Аренда и покупка имущества — РН-ОХРАНА-АНГАРСК (№40000071268),2025-02-25,7,8603091244,93,ЗК-Услуги-002,3014479.78,2299728.45,0,Исполнен
40007380778,"Услуги Авиаперевозки и работы, филиал Туапсинский НПЗ (процедура 40007380778)",2022-08-07,29,8904081664,83,ЗК-Услуги-004,2211425.56,2222314.84,0,Исполнен
40006819430,Услуги HR и обучение персонала для АЗКиОС (процедура 40006819430),2022-02-05,78,7734580189,94,ЗК-Услуги-003,1986652.17,2218282.06,0,Исполнен
40006765152,Услуги Социально-бытовые услуги — ООО РН-СтройКонтроль (№40006765152),2023-03-08,48,7725607130,84,ЗК-Услуги-001,1910557.36,2214999.77,0,Исполнен
40002605385,"Услуги Землеустроительные работы, филиал АнгараНефть (процедура 40002605385)",2023-01-30,56,271006454,77,ЗК-Услуги-005,2595104.13,2214372.13,0,Исполнен
40001629807,Услуги Прочие непроизводственные услуги для РН-Краснодарнефтегаз (процедура 40001629807),2025-04-15,14,770000000223,102,ЗК-Услуги-007,1761902.46,2212309.96,0,Исполнен
40006931498,Услуги Строительство и содержание дорог — ПАО НК Роснефть-Курганнефтепродукт (№40006931498),2022-08-29,58,7202135194,64,ЗК-Услуги-002,2418199.51,2163204.0,0,Исполнен
40006184059,"Услуги HR и обучение персонала, филиал РН-АЭРО (процедура 40006184059)",2025-11-15,40,7326005335,94,ЗК-Услуги-005,1931209.55,2149118.3,0,Исполнен
40008458413,Услуги Геофизические исследования (ГИС) для Туапсинский НПЗ (процедура 40008458413),2023-10-02,29,770000000217,59,ЗК-Услуги-006,2702322.37,2139170.65,0,Исполнен
40000863252,Услуги Зарезка боковых стволов (ЗБС) — ООО РН-СтройКонтроль (№40000863252),2023-12-18,48,7725111141,56,ЗК-Услуги-007,1967611.3,2129452.79,0,Расторгнут
40005407700,"Услуги Маркетинг и мероприятия, филиал АО РН-Ярославль (процедура 40005407700)",2024-05-03,43,770000000205,92,ЗК-Услуги-001,2343138.19,2126498.8,0,Исполнен
40007544645,Услуги Ж/д перевозки для АО РН-Ярославль (процедура 40007544645),2025-06-29,43,8602089508,82,ЗК-Услуги-007,2150943.11,2117732.63,0,Исполнен
40005117060,Услуги Авиаперевозки и работы — АООРЕНБУРГНЕФТЬ (№40005117060),2023-04-11,2,7730282618,83,ЗК-Услуги-004,2733775.44,2116021.13,0,Исполнен
40002489806,"Услуги Промбезопасность и контроль, филиал УДМУРТНЕФТЬ-БУРЕНИЕ (процедура 40002489806)",2025-05-31,24,7017261765,69,ЗК-Услуги-008,1945557.18,2113531.69,0,Исполнен
40002876308,Услуги Корпоративная безопасность для АО РН-Ярославль (процедура 40002876308),2022-12-03,43,8601036750,60,ЗК-Услуги-004,2246358.49,2106512.79,0,Исполнен
40003703995,Услуги Операторские и агентские услуги — РН-Краснодарнефтегаз (№40003703995),2022-05-19,14,7713801616,70,ЗК-Услуги-006,1872731.7,2102373.75,0,Исполнен
40002625150,"Услуги Прочие нефтепромысловые услуги, филиал ВНИКТИНХО (процедура 40002625150)",2024-04-29,46,8610030917,71,ЗК-Услуги-009,2219811.8,2093331.87,0,Исполнен
40000959664,Услуги Инвестпроекты и НИОКР для АЗКиОС (процедура 40000959664),2024-07-28,78,6732075238,89,ЗК-Услуги-005,1659515.5,2091592.61,0,Исполнен
40001396509,Услуги Обслуживание энергохозяйства — ВНИКТИНХО (№40001396509),2024-01-09,46,8612014660,68,ЗК-Услуги-004,1978021.64,2088386.01,0,Исполнен
40001833623,"Услуги Землеустроительные работы, филиал АнгараНефть (процедура 40001833623)",2022-08-31,56,770000000232,77,ЗК-Услуги-008,2673861.19,2073298.24,0,Исполнен
40005654006,Услуги Строительство и содержание дорог для АнгараНефть (процедура 40005654006),2024-03-02,56,770000000241,64,ЗК-Услуги-009,2727520.0,2068355.43,0,Исполнен
40009418117,Услуги Социально-бытовые услуги — ООО РН_БУНКЕР (№40009418117),2024-10-16,61,8603170092,84,ЗК-Услуги-004,1621237.2,2062757.99,0,В работе
40009983500,"Услуги Землеустроительные работы, филиал РН-Морской_терминал_Находка (процедура 40009983500)",2023-12-06,72,8602060026,77,ЗК-Услуги-003,1552284.3,2050563.38,0,Исполнен
40007227711,Услуги Зарезка боковых стволов (ЗБС) для ООО Харампурнефтегаз (процедура 40007227711),2022-12-08,70,770000000233,56,ЗК-Услуги-008,2189480.29,2039429.09,0,Исполнен
40006968618,Услуги Прочие непроизводственные услуги — АО Тюменнефтегаз (№40006968618),2022-09-21,73,8603089941,102,ЗК-Услуги-005,2514948.15,2036939.27,0,Исполнен
40009526328,"Услуги Ж/д перевозки, филиал ООО РН_БУНКЕР (процедура 40009526328)",2022-11-18,61,770000000249,82,ЗК-Услуги-002,2539119.13,2032336.17,0,Исполнен
40009246276,Услуги Энергоснабжение для ООО РН-Драгмет (процедура 40009246276),2023-09-11,38,8604035184,101,ЗК-Услуги-010,1773319.15,2024139.52,0,Исполнен
40001883155,Услуги Капитальное строительство — ООО РН-Пожарная безопасность (№40001883155),2023-04-29,47,7718607570,0,ЗК-Услуги-009,1922330.56,2020101.61,0,Исполнен
40003499663,"Услуги Социально-бытовые услуги, филиал РН-СТАВРОПОЛЬЕ (процедура 40003499663)",2024-02-18,15,2466237136,84,ЗК-Услуги-003,1726309.27,2017354.11,0,Исполнен
40001951945,Услуги Сопровождение бурения для АО РН-Тверь (процедура 40001951945),2024-08-14,59,5948040571,57,ЗК-Услуги-002,1722016.57,2006580.12,0,В работе
40009857364,Услуги Эксплуатационное бурение — РН-Бурение (№40009857364),2025-12-28,85,5911074937,55,ЗК-Услуги-001,1924863.13,1990671.71,0,Расторгнут
40006900286,"Услуги Химизация добычи, филиал АО РОСПАН ИНТЕРНЕШНЛ (процедура 40006900286)",2022-08-25,41,16450280885,66,ЗК-Услуги-008,2099550.85,1984854.52,0,Исполнен
40001090056,Услуги Социально-бытовые услуги для АО РН-Тверь (процедура 40001090056),2025-05-18,59,770000000218,84,ЗК-Услуги-003,1697967.32,1965455.08,0,В работе
40005008429,Услуги Социально-бытовые услуги — ООО РН_БУНКЕР (№40005008429),2025-12-09,61,7714024384,84,ЗК-Услуги-007,2077669.1,1964420.99,0,В работе
40007408699,"Услуги Энергоснабжение, филиал АО РН-Няганьнефтегаз (процедура 40007408699)",2025-02-05,35,8603240536,101,ЗК-Услуги-001,2137040.25,1942610.75,0,Исполнен
40005815381,Услуги ТО и ремонт оборудования для МурманскНП (процедура 40005815381),2022-11-25,62,3808091156,67,ЗК-Услуги-001,2002778.31,1941629.18,0,Исполнен
40009485436,Услуги Строительно-монтажные работы (СМР) — ПАО НК Роснефть-Курганнефтепродукт (№40009485436),2024-04-05,58,8911008591,72,ЗК-Услуги-009,1755817.22,1941558.8,0,В работе
40001625894,"Услуги Ж/д перевозки, филиал АООРЕНБУРГНЕФТЬ (процедура 40001625894)",2023-12-30,2,8603148450,82,ЗК-Услуги-008,2581156.05,1923755.27,0,В работе
40009499971,Услуги Проектно-изыскательские работы (ПИР) для АО РНПК (процедура 40009499971),2025-03-18,36,770000000227,73,ЗК-Услуги-003,1449560.51,1919151.18,0,В работе
40007543327,Услуги ТО и ремонт оборудования — ООО РН-Черноземье (№40007543327),2025-10-29,6,8603152495,67,ЗК-Услуги-006,2028434.91,1907836.79,0,Исполнен
40009629226,"Услуги Экология и охрана труда, филиал ООО РН Комсомольский - НПЗ (процедура 40009629226)",2022-02-21,28,8602217069,95,ЗК-Услуги-003,1554683.83,1901897.3,0,Исполнен
40004023127,Услуги Маркетинг и мероприятия для АООРЕНБУРГНЕФТЬ (процедура 40004023127),2025-03-28,2,8612003852,92,ЗК-Услуги-004,2161503.52,1897016.5,0,Исполнен
40008362023,Услуги Экология и охрана труда — 6. ПАО АНК Башнефть (№40008362023),2023-04-20,17,770000000216,95,ЗК-Услуги-001,2489501.23,1895540.61,0,Исполнен
40007223017,"Услуги Работа с гибкими трубами (ГНКТ), филиал 6. ПАО АНК Башнефть (процедура 40007223017)",2023-10-01,17,8602068466,61,ЗК-Услуги-005,1895580.55,1888939.61,0,Исполнен
40001468811,Услуги Авторский и технадзор для АО РОСПАН ИНТЕРНЕШНЛ (процедура 40001468811),2023-11-05,41,6316164422,79,ЗК-Услуги-001,1790954.34,1884609.85,0,Исполнен
40001406479,Услуги Инвестпроекты и НИОКР — СНКНГ Славнефть-Красноярскнефтегаз (№40001406479),2023-04-13,21,8603116722,89,ЗК-Услуги-001,2344171.32,1866102.37,0,В работе
40003092416,"Услуги Химизация добычи, филиал ВНИКТИНХО (процедура 40003092416)",2022-06-02,46,2709010901,66,ЗК-Услуги-010,1971630.08,1859444.14,0,Исполнен
40002543142,Услуги Эксплуатационное бурение для ООО РН-Пожарная безопасность (процедура 40002543142),2023-07-13,47,6501312481,55,ЗК-Услуги-007,1642101.74,1858702.27,0,Исполнен
40008479331,Услуги Строительство и содержание дорог — Саратовнефтепродукт (№40008479331),2025-05-06,67,8603100120,64,ЗК-Услуги-006,2294183.95,1845881.65,0,В работе
40004436030,"Услуги Работа с гибкими трубами (ГНКТ), филиал НК НПЗ (процедура 40004436030)",2022-05-11,12,5019026876,61,ЗК-Услуги-002,1810616.48,1844400.3,0,Исполнен
40002915310,Услуги Охрана и режим для АО РН-Ярославль (процедура 40002915310),2023-07-12,43,7838392447,87,ЗК-Услуги-002,1468452.59,1839629.15,0,Исполнен
40009823369,Услуги Авторский и технадзор — РН-ОХРАНА-АНГАРСК (№40009823369),2023-06-01,7,770000000237,79,ЗК-Услуги-007,1741508.5,1838202.07,0,Исполнен
40009823369,"Услуги Авторский и технадзор, филиал РН-ОХРАНА-АНГАРСК (процедура 40009823369)",2023-06-01,7,7706061801,79,ЗК-Услуги-001,1741508.5,1838202.07,0,Исполнен
40001167676,Услуги Авиаперевозки и работы для ООО РН-Морской терминал Архангельск (процедура 40001167676),2023-02-25,77,6501312481,83,ЗК-Услуги-002,2343443.4,1824320.53,0,Исполнен
40005944970,Услуги Разведочное бурение — АО ННК (№40005944970),2022-01-08,1,8619015462,96,ЗК-Услуги-008,1937364.96,1822212.18,0,Исполнен
40005944970,"Услуги Разведочное бурение, филиал АО ННК (процедура 40005944970)",2022-01-08,1,770000000202,96,ЗК-Услуги-006,1937364.96,1822212.18,0,Исполнен
40002550687,Услуги Корпоративная безопасность для ООО Харампурнефтегаз (процедура 40002550687),2025-03-18,70,8602194090,60,ЗК-Услуги-002,1589841.33,1822102.36,0,Исполнен
40008232732,Услуги Зарезка боковых стволов (ЗБС) — СНКНГ Славнефть-Красноярскнефтегаз (№40008232732),2025-01-03,21,5019026876,56,ЗК-Услуги-007,1419991.96,1820824.17,0,Исполнен
40004281968,"Услуги Операторские и агентские услуги, филиал АО РН-Ярославль (процедура 40004281968)",2024-01-17,43,7725111141,70,ЗК-Услуги-004,1641046.82,1812377.4,0,В работе
40006200133,Услуги Ж/д перевозки для Туапсинский НПЗ (процедура 40006200133),2025-12-24,29,1658073803,82,ЗК-Услуги-002,1861131.46,1783771.28,0,Исполнен
40006200133,Услуги Ж/д перевозки — Туапсинский НПЗ (№40006200133),2025-12-24,29,8603165021,82,ЗК-Услуги-006,1861131.46,1783771.28,0,Исполнен
40005953145,"Услуги Прочие геологические услуги, филиал РН-ОХРАНА-АНГАРСК (процедура 40005953145)",2023-04-16,7,8602067215,99,ЗК-Услуги-009,1333234.49,1772929.43,0,Исполнен
40005953145,Услуги Прочие геологические услуги для РН-ОХРАНА-АНГАРСК (процедура 40005953145),2023-04-16,7,1645028088,99,ЗК-Услуги-009,1333234.49,1772929.43,0,Исполнен
40000197980,Услуги Операционные услуги добычи — УНХ (№40000197980),2024-09-24,9,271006454,65,ЗК-Услуги-008,1535220.15,1772750.08,0,В работе
40003221177,"Услуги Ж/д перевозки, филиал ООО НЗМП (процедура 40003221177)",2025-05-09,50,9725063406,82,ЗК-Услуги-003,1649302.7,1767049.27,0,Исполнен
40009830728,Услуги Энергоснабжение для Саратовнефтепродукт (процедура 40009830728),2023-05-31,67,8619015462,101,ЗК-Услуги-003,1489185.49,1750509.33,0,Исполнен
40002172734,Услуги ИТ-услуги и поддержка — УНХ (№40002172734),2024-05-31,9,7719846807,86,ЗК-Услуги-002,2046777.64,1739369.35,0,Исполнен
40002225905,"Услуги ТО и ремонт оборудования, филиал АО РН-Тверь (процедура 40002225905)",2022-12-25,59,770000000218,67,ЗК-Услуги-005,2133477.8,1723661.57,0,В работе
40004352476,Услуги HR и обучение персонала для ООО РН-Черноземье (процедура 40004352476),2022-11-27,6,6670053231,94,ЗК-Услуги-004,1567109.82,1715878.36,0,Исполнен
40007612062,Услуги Капитальное строительство — УНХ (№40007612062),2025-08-15,9,3818031445,0,ЗК-Услуги-007,1799980.68,1713351.29,0,Исполнен
40000435941,"Услуги Ж/д перевозки, филиал ООО ИК СИБИНТЕК (процедура 40000435941)",2022-09-13,80,7724294887,82,ЗК-Услуги-004,1804938.58,1705016.89,0,Исполнен
40003565992,Услуги Проектно-изыскательские работы (ПИР) для ООО РН ВАНКОР (процедура 40003565992),2025-07-10,68,6685017532,73,ЗК-Услуги-009,1517472.96,1704995.16,0,Исполнен
40003693283,Услуги HR и обучение персонала — УНХ (№40003693283),2025-08-01,9,5904266846,94,ЗК-Услуги-002,1986730.77,1693561.95,0,Исполнен
40005461724,"Услуги Энергоснабжение, филиал АО РН-Ярославль (процедура 40005461724)",2025-10-10,43,7017253595,101,ЗК-Услуги-006,2203062.97,1692788.69,0,Исполнен
40005461724,Услуги Энергоснабжение для АО РН-Ярославль (процедура 40005461724),2025-10-10,43,8620005853,101,ЗК-Услуги-007,2203062.97,1692788.69,0,Исполнен
40005176791,Услуги Ремонт и освоение скважин — РН-ОХРАНА-АНГАРСК (№40005176791),2023-09-11,7,8602285774,62,ЗК-Услуги-004,1844769.58,1689896.51,0,В работе
40001667613,"Услуги Капитальное строительство, филиал РН-ОХРАНА-АНГАРСК (процедура 40001667613)",2024-05-30,7,8603115020,0,ЗК-Услуги-006,1521020.27,1683653.49,0,Исполнен
40003043314,Услуги Поставка углеводородов для АнгараНефть (процедура 40003043314),2025-10-12,56,8603148450,90,ЗК-Услуги-007,2203470.77,1674632.46,0,Исполнен
40000392060,Услуги Корпоративная безопасность — РН-Бурение (№40000392060),2022-09-07,85,770000000200,60,ЗК-Услуги-004,1764792.99,1674120.18,0,Исполнен
40005974262,"Услуги EPC/EPCM контракты, филиал ООО ННПО (процедура 40005974262)",2023-01-06,4,7730155419,74,ЗК-Услуги-008,2064430.2,1663167.04,0,Исполнен
40006303122,Услуги Эксплуатационное бурение для РН-Краснодарнефтегаз (процедура 40006303122),2025-08-12,14,263029296,55,ЗК-Услуги-009,2224690.14,1661354.95,0,Исполнен
40007719050,Услуги Химизация добычи — АО Отрадненский ГПЗ (№40007719050),2023-10-13,55,770000000237,66,ЗК-Услуги-001,2122183.58,1652913.59,0,В работе
40007967185,"Услуги Капитальное строительство, филиал ООО ИК СИБИНТЕК (процедура 40007967185)",2023-06-17,80,7724294887,0,ЗК-Услуги-007,1749008.53,1652098.79,0,Исполнен
40008375768,Услуги Зарезка боковых стволов (ЗБС) для ООО РН-Проектирование Добыча (процедура 40008375768),2025-07-26,37,770000000237,56,ЗК-Услуги-009,1847863.34,1632360.2,0,Исполнен
40006064285,Услуги Геофизические исследования (ГИС) — ООО РН-Черноземье (№40006064285),2025-06-17,6,2466237136,59,ЗК-Услуги-010,1698401.42,1623395.88,0,Исполнен
40003742400,"Услуги EPC/EPCM контракты, филиал АнгараНефть (процедура 40003742400)",2024-07-14,56,5504118353,74,ЗК-Услуги-005,1724680.18,1623212.12,0,Исполнен
40008467832,Услуги Эксплуатационное бурение для ООО РН-СтройКонтроль (процедура 40008467832),2023-04-09,48,8603100120,55,ЗК-Услуги-002,1419432.3,1620698.7,0,В работе
40008467832,Услуги Эксплуатационное бурение — ООО РН-СтройКонтроль (№40008467832),2023-04-09,48,8604048095,55,ЗК-Услуги-010,1419432.3,1620698.7,0,В работе
40003703886,"Услуги Химизация добычи, филиал УНХ (процедура 40003703886)",2022-10-12,9,7736540833,66,ЗК-Услуги-006,1326246.33,1619746.75,0,Исполнен
40003703886,Услуги Химизация добычи для УНХ (процедура 40003703886),2022-10-12,9,4707029837,66,ЗК-Услуги-007,1326246.33,1619746.75,0,Исполнен
40004239477,Услуги Землеустроительные работы — ООО Удмуртнефть-Снабжение (№40004239477),2024-03-05,53,8904034470,77,ЗК-Услуги-002,1532901.98,1619384.48,0,Исполнен
40008891285,"Услуги Строительство и содержание дорог, филиал Уфимский филиал АО РН-ПН (процедура 40008891285)",2023-08-07,26,770000000226,64,ЗК-Услуги-002,1965066.57,1617618.08,0,В работе
40008919153,Услуги Сопровождение бурения для АО РН-Ярославль (процедура 40008919153),2025-05-29,43,8617016118,57,ЗК-Услуги-010,1343051.42,1607752.66,0,Исполнен
40005800384,Услуги Авторский и технадзор — ООО Харампурнефтегаз (№40005800384),2024-12-19,70,770000000208,79,ЗК-Услуги-010,1274159.95,1603851.67,0,Исполнен
40002193026,"Услуги Страхование, филиал Туапсинский НПЗ (процедура 40002193026)",2025-10-13,29,7703567364,81,ЗК-Услуги-001,1699530.21,1598916.75,0,В работе
40007393338,Услуги Сейсморазведка для СНКНГ Славнефть-Красноярскнефтегаз (процедура 40007393338),2025-05-11,21,8612003852,58,ЗК-Услуги-004,1583328.1,1589505.97,0,Исполнен
40007393338,Услуги Сейсморазведка — СНКНГ Славнефть-Красноярскнефтегаз (№40007393338),2025-05-11,21,770000000199,58,ЗК-Услуги-007,1583328.1,1589505.97,0,Исполнен
40006259259,"Услуги Обслуживание энергохозяйства, филиал РН-АЭРО (процедура 40006259259)",2024-12-18,40,2709010901,68,ЗК-Услуги-009,1424567.55,1588416.68,0,Исполнен
40006259259,Услуги Обслуживание энергохозяйства для РН-АЭРО (процедура 40006259259),2024-12-18,40,2540065503,68,ЗК-Услуги-003,1424567.55,1588416.68,0,Исполнен
40005964652,Услуги Инвестпроекты и НИОКР — ООО РН-Черноземье (№40005964652),2023-02-17,6,7714867426,89,ЗК-Услуги-007,1848029.82,1578876.79,0,Исполнен
40009120151,"Услуги Проектно-изыскательские работы (ПИР), филиал УНХ (процедура 40009120151)",2024-12-27,9,7204002873,73,ЗК-Услуги-007,1698637.2,1577329.14,0,Исполнен
40009120151,Услуги Проектно-изыскательские работы (ПИР) для УНХ (процедура 40009120151),2024-12-27,9,5504118353,73,ЗК-Услуги-007,1698637.2,1577329.14,0,Исполнен
40005007648,Услуги Проектно-изыскательские работы (ПИР) — ООО НЗМП (№40005007648),2022-11-19,50,9706023006,73,ЗК-Услуги-002,2031442.39,1574298.3,0,В работе
40005007648,"Услуги Проектно-изыскательские работы (ПИР), филиал ООО НЗМП (процедура 40005007648)",2022-11-19,50,8612017816,73,ЗК-Услуги-006,2031442.39,1574298.3,0,В работе
40006487969,Услуги Прочие непроизводственные услуги для РН-СТАВРОПОЛЬЕ (процедура 40006487969),2025-04-29,15,2451000582,102,ЗК-Услуги-002,1347027.45,1573152.72,0,Исполнен
40001677704,Услуги Прочие нефтепромысловые услуги — ООО ИК СИБИНТЕК (№40001677704),2024-04-22,80,770000000238,71,ЗК-Услуги-006,1818226.36,1570598.94,0,Исполнен
40000048762,"Услуги Непроизводственные объекты, филиал ПАО СаратовскийНПЗ (процедура 40000048762)",2023-01-15,18,5504118353,78,ЗК-Услуги-010,1230225.06,1568651.0,0,Исполнен
40004986171,Услуги Охрана и режим для АО Отрадненский ГПЗ (процедура 40004986171),2024-11-23,55,8603209670,87,ЗК-Услуги-003,1728067.54,1567741.53,0,Исполнен
40004986171,Услуги Охрана и режим — АО Отрадненский ГПЗ (№40004986171),2024-11-23,55,2721141058,87,ЗК-Услуги-002,1728067.54,1567741.53,0,Исполнен
40006489534,"Услуги ТО и ремонт оборудования, филиал ООО РН-Черноземье (процедура 40006489534)",2022-02-11,6,770000000214,67,ЗК-Услуги-006,1215592.4,1567573.65,0,Исполнен
40006489534,Услуги ТО и ремонт оборудования для ООО РН-Черноземье (процедура 40006489534),2022-02-11,6,6316164422,67,ЗК-Услуги-002,1215592.4,1567573.65,0,Исполнен
40009454402,Услуги Инвестпроекты и НИОКР — СНКНГ Славнефть-Красноярскнефтегаз (№40009454402),2022-03-20,21,1649015690,89,ЗК-Услуги-005,1852055.26,1567424.98,0,Исполнен
40007995741,"Услуги Энергоснабжение, филиал РН-ОХРАНА-АНГАРСК (процедура 40007995741)",2025-01-30,7,5003116972,101,ЗК-Услуги-002,1304778.87,1558863.64,0,В работе
40000551131,Услуги Строительство и содержание дорог для СНКНГ Славнефть-Красноярскнефтегаз (процедура 40000551131),2025-06-01,21,6311158009,64,ЗК-Услуги-003,2047785.22,1556340.17,0,В работе
40004728929,Услуги Социально-бытовые услуги — ООО РН-Пожарная безопасность (№40004728929),2025-12-11,47,272010012,84,ЗК-Услуги-003,1197478.52,1554327.46,0,Исполнен
40005921084,"Услуги Экология и охрана труда, филиал Саратовнефтепродукт (процедура 40005921084)",2023-02-22,67,8602270697,95,ЗК-Услуги-006,1901240.57,1538074.71,0,Исполнен
40005921084,Услуги Экология и охрана труда для Саратовнефтепродукт (процедура 40005921084),2023-02-22,67,7751033130,95,ЗК-Услуги-006,1901240.57,1538074.71,0,Исполнен
40005921084,Услуги Экология и охрана труда — Саратовнефтепродукт (№40005921084),2023-02-22,67,4501174492,95,ЗК-Услуги-010,1901240.57,1538074.71,0,Исполнен
40001324337,"Услуги Работа с гибкими трубами (ГНКТ), филиал Самотлорнефтегаз (процедура 40001324337)",2024-04-17,20,5948040571,61,ЗК-Услуги-003,1280886.91,1530593.31,0,Исполнен
40003641141,Услуги Маркетинг и мероприятия для ООО_Башнефть-Розница (процедура 40003641141),2023-02-03,63,1106013435,92,ЗК-Услуги-003,1318917.04,1509984.7,0,Исполнен
40004659866,Услуги Обслуживание энергохозяйства — СНКНГ Славнефть-Красноярскнефтегаз (№40004659866),2024-04-07,21,7714024384,68,ЗК-Услуги-001,1306610.5,1507865.49,0,Исполнен
40008390674,"Услуги Геофизические исследования (ГИС), филиал ООО РН-СтройКонтроль (процедура 40008390674)",2023-04-17,48,8603203326,59,ЗК-Услуги-007,1800461.87,1505172.97,0,В работе
40003680725,Услуги Авторский и технадзор для БРЯНСКНЕФТЕПРОДУКТ (процедура 40003680725),2022-10-08,45,770000000239,79,ЗК-Услуги-008,1578788.71,1501607.9,0,Исполнен
40003680725,Услуги Авторский и технадзор — БРЯНСКНЕФТЕПРОДУКТ (№40003680725),2022-10-08,45,9102032738,79,ЗК-Услуги-002,1578788.71,1501607.9,0,Исполнен
40007684638,"Услуги ИТ-услуги и поддержка, филиал ООО Удмуртэнергонефть (процедура 40007684638)",2024-08-17,25,770000000231,86,ЗК-Услуги-004,1570799.73,1499000.09,0,Исполнен
40001575823,Услуги ИТ-услуги и поддержка для РН-ОХРАНА-АНГАРСК (процедура 40001575823),2025-11-04,7,6686129782,86,ЗК-Услуги-010,1815516.36,1484419.08,0,В работе
40008979115,Услуги Сейсморазведка — ООО НЗМП (№40008979115),2022-04-03,50,8603209670,58,ЗК-Услуги-007,1164604.59,1477833.91,0,Исполнен
40000624781,"Услуги Обслуживание энергохозяйства, филиал ООО Удмуртнефть-Снабжение (процедура 40000624781)",2022-07-31,53,1658073803,68,ЗК-Услуги-008,1294906.49,1467785.25,0,Исполнен
40001905298,Услуги Эксплуатационное бурение для КалугаНП (процедура 40001905298),2022-01-19,76,6685017532,55,ЗК-Услуги-001,1830343.43,1467483.68,0,Исполнен
40001905298,Услуги Эксплуатационное бурение — КалугаНП (№40001905298),2022-01-19,76,4704057515,55,ЗК-Услуги-004,1830343.43,1467483.68,0,Исполнен
40007699897,"Услуги Корпоративная безопасность, филиал ООО_Башнефть-Розница (процедура 40007699897)",2023-07-25,63,770000000222,60,ЗК-Услуги-006,1572184.46,1456940.97,0,В работе
40001122834,Услуги Охрана и режим для РН-ОХРАНА-АНГАРСК (процедура 40001122834),2023-06-23,7,770000000243,87,ЗК-Услуги-003,1100522.05,1454903.88,0,Исполнен
40001122834,Услуги Охрана и режим — РН-ОХРАНА-АНГАРСК (№40001122834),2023-06-23,7,770000000223,87,ЗК-Услуги-005,1100522.05,1454903.88,0,Исполнен
40006200139,"Услуги Охрана и режим, филиал УДМУРТНЕФТЬ-БУРЕНИЕ (процедура 40006200139)",2025-01-15,24,1650371861,87,ЗК-Услуги-010,1517801.22,1448094.98,0,Исполнен
40006200139,Услуги Охрана и режим для УДМУРТНЕФТЬ-БУРЕНИЕ (процедура 40006200139),2025-01-15,24,7017253595,87,ЗК-Услуги-009,1517801.22,1448094.98,0,Исполнен
40005911787,Услуги АХО и административные услуги — ВНИКТИНХО (№40005911787),2024-03-15,46,5003116972,85,ЗК-Услуги-003,1891221.4,1446767.79,0,Исполнен
40007465682,"Услуги Прочие геологические услуги, филиал Самаранефтепродукт АО (процедура 40007465682)",2023-05-31,19,8602142712,99,ЗК-Услуги-005,1377939.52,1445290.19,0,Исполнен
40007465682,Услуги Прочие геологические услуги для Самаранефтепродукт АО (процедура 40007465682),2023-05-31,19,8603224164,99,ЗК-Услуги-008,1377939.52,1445290.19,0,Исполнен
40007465682,Услуги Прочие геологические услуги — Самаранефтепродукт АО (№40007465682),2023-05-31,19,7734580189,99,ЗК-Услуги-006,1377939.52,1445290.19,0,Исполнен
40009837530,"Услуги Социально-бытовые услуги, филиал Самаранефтепродукт АО (процедура 40009837530)",2024-07-20,19,9705171690,84,ЗК-Услуги-004,1501162.81,1427656.64,0,Исполнен
40004231622,Услуги Аренда и покупка имущества для ООО ПНЦ Биосфера (процедура 40004231622),2025-01-16,51,7728803870,93,ЗК-Услуги-008,1296610.6,1424728.63,0,Расторгнут
40008482171,Услуги Финансы и консалтинг — АнгараНефть (№40008482171),2022-05-27,56,8603140517,80,ЗК-Услуги-003,1515452.2,1421840.01,0,Исполнен
40008482171,"Услуги Финансы и консалтинг, филиал АнгараНефть (процедура 40008482171)",2022-05-27,56,770000000225,80,ЗК-Услуги-003,1515452.2,1421840.01,0,Исполнен
40005044787,Услуги Промбезопасность и контроль для РН-Краснодарнефтегаз (процедура 40005044787),2023-12-23,14,1653008600,69,ЗК-Услуги-004,1786738.76,1418091.17,0,Исполнен
40005044787,Услуги Промбезопасность и контроль — РН-Краснодарнефтегаз (№40005044787),2023-12-23,14,7725607130,69,ЗК-Услуги-009,1786738.76,1418091.17,0,Исполнен
40002722006,"Услуги Социально-бытовые услуги, филиал Филиал ПАО АНК Башнефть Башнефть-Новойл (процедура 40002722006)",2022-05-26,10,7204186388,84,ЗК-Услуги-005,1398474.43,1409385.72,0,Исполнен
40000231455,Услуги Финансы и консалтинг для ООО РН-Черноземье (процедура 40000231455),2023-10-31,6,5031111782,80,ЗК-Услуги-008,1884356.26,1408114.32,0,Исполнен
40000231455,Услуги Финансы и консалтинг — ООО РН-Черноземье (№40000231455),2023-10-31,6,8612012328,80,ЗК-Услуги-006,1884356.26,1408114.32,0,Исполнен
40008744983,"Услуги Прочие геологические услуги, филиал АО РН-Ярославль (процедура 40008744983)",2023-01-03,43,7725700676,99,ЗК-Услуги-003,1370838.61,1393882.25,0,Исполнен
40009567893,Услуги Работа с гибкими трубами (ГНКТ) для АнгараНефть (процедура 40009567893),2025-11-13,56,8603089941,61,ЗК-Услуги-008,1372986.16,1393604.42,0,Исполнен
40003840531,Услуги Авиаперевозки и работы — АО Орелнефтепродукт (№40003840531),2023-08-16,11,7736514086,83,ЗК-Услуги-009,1643080.02,1385660.75,0,В работе
40003434895,"Услуги Сопровождение бурения, филиал Филиал ПАО АНК Башнефть Башнефть-Новойл (процедура 40003434895)",2022-08-29,10,8601036750,57,ЗК-Услуги-008,1763914.37,1383709.24,0,Исполнен
40003434895,Услуги Сопровождение бурения для Филиал ПАО АНК Башнефть Башнефть-Новойл (процедура 40003434895),2022-08-29,10,8604059474,57,ЗК-Услуги-004,1763914.37,1383709.24,0,Исполнен
40006105041,Услуги Экология и охрана труда — РН-ОХРАНА-АНГАРСК (№40006105041),2022-09-01,7,770000000208,95,ЗК-Услуги-006,1499695.58,1379148.55,0,Исполнен
40006105041,"Услуги Экология и охрана труда, филиал РН-ОХРАНА-АНГАРСК (процедура 40006105041)",2022-09-01,7,8603214470,95,ЗК-Услуги-001,1499695.58,1379148.55,0,Исполнен
40000858246,Услуги Обслуживание энергохозяйства для АО Отрадненский ГПЗ (процедура 40000858246),2024-08-05,55,8602068466,68,ЗК-Услуги-004,1219536.51,1379134.07,0,Исполнен
40000858246,Услуги Обслуживание энергохозяйства — АО Отрадненский ГПЗ (№40000858246),2024-08-05,55,8603132450,68,ЗК-Услуги-008,1219536.51,1379134.07,0,Исполнен
40003393861,"Услуги Эксплуатационное бурение, филиал ООО РН-Пожарная безопасность (процедура 40003393861)",2023-12-08,47,5911074937,55,ЗК-Услуги-001,1718226.7,1377194.93,0,Исполнен
40002964143,Услуги Аренда и покупка имущества для Саратовнефтепродукт (процедура 40002964143),2025-05-12,67,7838392447,93,ЗК-Услуги-003,1580594.02,1374018.26,0,Исполнен
40002964143,Услуги Аренда и покупка имущества — Саратовнефтепродукт (№40002964143),2025-05-12,67,770000000231,93,ЗК-Услуги-001,1580594.02,1374018.26,0,Исполнен
40009384190,"Услуги Авиаперевозки и работы, филиал РН-Морской_терминал_Находка (процедура 40009384190)",2022-02-11,72,7714867426,83,ЗК-Услуги-009,1355458.74,1366596.11,0,Исполнен
40002657129,Услуги Авиаперевозки и работы для АО РН-Ярославль (процедура 40002657129),2022-10-21,43,8604071023,83,ЗК-Услуги-002,1391876.11,1363125.03,0,В работе
40000341460,Услуги Маркетинг и мероприятия — АЗКиОС (№40000341460),2024-06-18,78,8801011908,92,ЗК-Услуги-009,1700582.29,1355791.95,0,В работе
40006863988,"Услуги Строительно-монтажные работы (СМР), филиал ПАО НК Роснефть-Курганнефтепродукт (процедура 40006863988)",2022-11-08,58,3812527396,72,ЗК-Услуги-004,1506142.87,1349823.74,0,Исполнен
40008637638,Услуги Операторские и агентские услуги для АнгараНефть (процедура 40008637638),2022-10-27,56,2451000582,70,ЗК-Услуги-002,1708716.4,1347850.9,0,Исполнен
40008637638,Услуги Операторские и агентские услуги — АнгараНефть (№40008637638),2022-10-27,56,7736514086,70,ЗК-Услуги-004,1708716.4,1347850.9,0,Исполнен
40008637638,"Услуги Операторские и агентские услуги, филиал АнгараНефть (процедура 40008637638)",2022-10-27,56,7725613712,70,ЗК-Услуги-010,1708716.4,1347850.9,0,Исполнен
40008053062,Услуги Капитальное строительство для 00_РН-Москва (процедура 40008053062),2022-03-09,65,770000000237,0,ЗК-Услуги-006,1718817.71,1345710.45,0,Исполнен
40008053062,Услуги Капитальное строительство — 00_РН-Москва (№40008053062),2022-03-09,65,7713801616,0,ЗК-Услуги-007,1718817.71,1345710.45,0,Исполнен
40008053062,"Услуги Капитальное строительство, филиал 00_РН-Москва (процедура 40008053062)",2022-03-09,65,246513783782,0,ЗК-Услуги-003,1718817.71,1345710.45,0,Исполнен
40006736205,Услуги Корпоративная безопасность для 6. ПАО АНК Башнефть (процедура 40006736205),2024-11-24,17,8602067215,60,ЗК-Услуги-003,1557180.17,1345309.0,0,Исполнен
40006736205,Услуги Корпоративная безопасность — 6. ПАО АНК Башнефть (№40006736205),2024-11-24,17,7816043890,60,ЗК-Услуги-010,1557180.17,1345309.0,0,Исполнен
40000489697,"Услуги Авиаперевозки и работы, филиал ООО РН-Черноземье (процедура 40000489697)",2023-05-10,6,8602142712,83,ЗК-Услуги-008,1579475.43,1342483.91,0,Исполнен
40008352188,Услуги Зарезка боковых стволов (ЗБС) для АО РН-Ярославль (процедура 40008352188),2023-03-01,43,7726351724,56,ЗК-Услуги-005,1621688.71,1341912.27,0,Исполнен
40000549042,Услуги Прочие непроизводственные услуги — ПАО СаратовскийНПЗ (№40000549042),2023-11-11,18,8607100346,102,ЗК-Услуги-004,1016150.69,1334518.86,0,В работе
40001514934,"Услуги Маркетинг и мероприятия, филиал ООО ННПО (процедура 40001514934)",2024-11-28,4,7842209221,92,ЗК-Услуги-007,1404539.75,1327262.16,0,Исполнен
40001514934,Услуги Маркетинг и мероприятия для ООО ННПО (процедура 40001514934),2024-11-28,4,7203556170,92,ЗК-Услуги-007,1404539.75,1327262.16,0,Исполнен
40007818369,Услуги Операционные услуги добычи — АРТ АВИА (№40007818369),2022-05-25,23,770000000197,65,ЗК-Услуги-009,1689382.69,1323269.5,0,Исполнен
40000200580,"Услуги Прочие нефтепромысловые услуги, филиал АО Отрадненский ГПЗ (процедура 40000200580)",2023-11-17,55,770000000215,71,ЗК-Услуги-009,1631368.19,1322006.71,0,Исполнен
40000200580,Услуги Прочие нефтепромысловые услуги для АО Отрадненский ГПЗ (процедура 40000200580),2023-11-17,55,770000000220,71,ЗК-Услуги-005,1631368.19,1322006.71,0,Исполнен
40008584419,Услуги Ж/д перевозки — АО РН-Ярославль (№40008584419),2022-11-24,43,770000000226,82,ЗК-Услуги-008,1707920.2,1310814.02,0,Исполнен
40006415586,"Услуги Капитальное строительство, филиал АО РН-Тверь (процедура 40006415586)",2022-08-22,59,9900000004,0,ЗК-Услуги-010,1666085.64,1303950.95,0,Расторгнут
40006415586,Услуги Капитальное строительство для АО РН-Тверь (процедура 40006415586),2022-08-22,59,8607100346,0,ЗК-Услуги-001,1666085.64,1303950.95,0,Расторгнут
40004881545,Услуги HR и обучение персонала — Смоленск-НП (№40004881545),2025-11-08,8,9900000076,94,ЗК-Услуги-009,1665286.22,1303544.47,0,Исполнен
40004881545,"Услуги HR и обучение персонала, филиал Смоленск-НП (процедура 40004881545)",2025-11-08,8,7705838531,94,ЗК-Услуги-008,1665286.22,1303544.47,0,Исполнен
40005632514,Услуги Поставка углеводородов для АО РН-Ярославль (процедура 40005632514),2024-04-24,43,9900000066,90,ЗК-Услуги-006,1442977.51,1301806.42,0,Исполнен
40007953734,Услуги Работа с гибкими трубами (ГНКТ) — ООО Башнефть-Добыча (№40007953734),2023-01-18,49,9900000259,61,ЗК-Услуги-003,1004345.31,1290049.69,0,Исполнен
40006111927,"Услуги Химизация добычи, филиал АО РН-Няганьнефтегаз (процедура 40006111927)",2024-09-11,35,9900000066,66,ЗК-Услуги-003,1674285.34,1284863.67,0,Исполнен
40006111927,Услуги Химизация добычи для АО РН-Няганьнефтегаз (процедура 40006111927),2024-09-11,35,9900000021,66,ЗК-Услуги-008,1674285.34,1284863.67,0,Исполнен
40006111927,Услуги Химизация добычи — АО РН-Няганьнефтегаз (№40006111927),2024-09-11,35,9900000028,66,ЗК-Услуги-005,1674285.34,1284863.67,0,Исполнен
40007486008,"Услуги Химизация добычи, филиал 6. ПАО АНК Башнефть (процедура 40007486008)",2022-02-25,17,9900000238,66,ЗК-Услуги-010,1011112.31,1284349.64,0,В работе
40007486008,Услуги Химизация добычи для 6. ПАО АНК Башнефть (процедура 40007486008),2022-02-25,17,9900000056,66,ЗК-Услуги-007,1011112.31,1284349.64,0,В работе
40007486008,Услуги Химизация добычи — 6. ПАО АНК Башнефть (№40007486008),2022-02-25,17,9900000066,66,ЗК-Услуги-005,1011112.31,1284349.64,0,В работе
40002559641,"Услуги Строительство и содержание дорог, филиал 6. ПАО АНК Башнефть (процедура 40002559641)",2022-04-21,17,9900000189,64,ЗК-Услуги-008,1323794.44,1272013.89,0,В работе
40002559641,Услуги Строительство и содержание дорог для 6. ПАО АНК Башнефть (процедура 40002559641),2022-04-21,17,7736280166,64,ЗК-Услуги-010,1323794.44,1272013.89,0,В работе
40002559641,Услуги Строительство и содержание дорог — 6. ПАО АНК Башнефть (№40002559641),2022-04-21,17,9900000073,64,ЗК-Услуги-010,1323794.44,1272013.89,0,В работе
40002579881,"Услуги АХО и административные услуги, филиал АО Тюменнефтегаз (процедура 40002579881)",2022-01-22,73,9900000005,85,ЗК-Услуги-004,1184602.88,1270060.98,0,Исполнен
40002579881,Услуги АХО и административные услуги для АО Тюменнефтегаз (процедура 40002579881),2022-01-22,73,9900000189,85,ЗК-Услуги-002,1184602.88,1270060.98,0,Исполнен
40009868698,Услуги Инвестпроекты и НИОКР — АО РН-Ярославль (№40009868698),2024-10-22,43,9900000133,89,ЗК-Услуги-003,1359896.67,1269743.13,0,Исполнен
40008055025,"Услуги АХО и административные услуги, филиал ООО РН-Проектирование Добыча (процедура 40008055025)",2022-03-02,37,9900000266,85,ЗК-Услуги-008,1336976.93,1269586.73,0,В работе
40001411949,Услуги Зарезка боковых стволов (ЗБС) для ВНИКТИНХО (процедура 40001411949),2025-12-01,46,9900000001,56,ЗК-Услуги-007,1085679.39,1269533.26,0,Исполнен
40003740936,Услуги Работа с гибкими трубами (ГНКТ) — РН-АЭРО (№40003740936),2025-12-26,40,9900000147,61,ЗК-Услуги-002,1461633.42,1268638.28,0,Исполнен
40009170300,"Услуги Работа с гибкими трубами (ГНКТ), филиал АнгараНефть (процедура 40009170300)",2023-09-29,56,9900000098,61,ЗК-Услуги-006,1689926.0,1267012.05,0,Исполнен
40002951007,Услуги Аренда и покупка имущества для АООРЕНБУРГНЕФТЬ (процедура 40002951007),2025-04-06,2,9900000049,93,ЗК-Услуги-009,1473325.88,1265590.72,0,Исполнен
40004792664,Услуги Авиаперевозки и работы — Туапсинский НПЗ (№40004792664),2025-02-03,29,9900000035,83,ЗК-Услуги-004,982602.12,1263752.11,0,Расторгнут
40004710082,"Услуги Промбезопасность и контроль, филиал АРТ АВИА (процедура 40004710082)",2023-09-30,23,9900000079,69,ЗК-Услуги-009,1449785.74,1260155.47,0,В работе
40007552911,Услуги Прочие нефтепромысловые услуги для Саратовнефтепродукт (процедура 40007552911),2025-10-30,67,9900000075,71,ЗК-Услуги-002,997936.85,1250785.21,0,Исполнен
40009721871,Услуги Экология и охрана труда — ВНИКТИНХО (№40009721871),2025-09-03,46,9900000053,95,ЗК-Услуги-002,1307581.06,1241698.98,0,Исполнен
40009721871,"Услуги Экология и охрана труда, филиал ВНИКТИНХО (процедура 40009721871)",2025-09-03,46,9900000196,95,ЗК-Услуги-009,1307581.06,1241698.98,0,Исполнен
40005292946,Услуги Разведочное бурение для УДМУРТНЕФТЬ-БУРЕНИЕ (процедура 40005292946),2025-10-14,24,9900000140,96,ЗК-Услуги-007,1560424.26,1234817.32,0,Исполнен
40007740916,Услуги Строительно-монтажные работы (СМР) — ООО РН-Черноземье (№40007740916),2025-06-18,6,9900000071,72,ЗК-Услуги-007,1469063.8,1234202.42,0,Исполнен
40007740916,"Услуги Строительно-монтажные работы (СМР), филиал ООО РН-Черноземье (процедура 40007740916)",2025-06-18,6,9900000042,72,ЗК-Услуги-001,1469063.8,1234202.42,0,Исполнен
40007740916,Услуги Строительно-монтажные работы (СМР) для ООО РН-Черноземье (процедура 40007740916),2025-06-18,6,9900000266,72,ЗК-Услуги-006,1469063.8,1234202.42,0,Исполнен
40000688754,Услуги Непроизводственные объекты — РН-Морской_терминал_Находка (№40000688754),2023-07-28,72,9900000259,78,ЗК-Услуги-007,1371684.14,1232539.49,0,Исполнен
40006007895,"Услуги HR и обучение персонала, филиал АО РОСПАН ИНТЕРНЕШНЛ (процедура 40006007895)",2025-06-01,41,9900000053,94,ЗК-Услуги-006,1175565.39,1222567.3,0,Исполнен
40006007895,Услуги HR и обучение персонала для АО РОСПАН ИНТЕРНЕШНЛ (процедура 40006007895),2025-06-01,41,9900000070,94,ЗК-Услуги-006,1175565.39,1222567.3,0,Исполнен
40004268582,Услуги Разведочное бурение — ООО РН-ГИР (№40004268582),2022-07-08,39,9900000002,96,ЗК-Услуги-002,1594395.66,1221613.94,0,Исполнен
40005739367,"Услуги Прочие нефтепромысловые услуги, филиал ООО РН-Черноземье (процедура 40005739367)",2022-11-11,6,9900000084,71,ЗК-Услуги-006,1594037.11,1219758.66,0,Исполнен
40004704064,Услуги HR и обучение персонала для РН-Морской_терминал_Находка (процедура 40004704064),2025-11-03,72,9900000067,94,ЗК-Услуги-004,1515335.03,1218860.85,0,Расторгнут
40002493629,Услуги Разведочное бурение — АО РОСПАН ИНТЕРНЕШНЛ (№40002493629),2022-04-22,41,9900000196,96,ЗК-Услуги-009,1444981.27,1214085.61,0,В работе
40002493629,"Услуги Разведочное бурение, филиал АО РОСПАН ИНТЕРНЕШНЛ (процедура 40002493629)",2022-04-22,41,9900000126,96,ЗК-Услуги-001,1444981.27,1214085.61,0,В работе
40002493629,Услуги Разведочное бурение для АО РОСПАН ИНТЕРНЕШНЛ (процедура 40002493629),2022-04-22,41,9900000057,96,ЗК-Услуги-008,1444981.27,1214085.61,0,В работе
40002493629,Услуги Разведочное бурение — АО РОСПАН ИНТЕРНЕШНЛ (№40002493629),2022-04-22,41,9900000140,96,ЗК-Услуги-005,1444981.27,1214085.61,0,В работе
40001248191,"Услуги Прочие геологические услуги, филиал АООРЕНБУРГНЕФТЬ (процедура 40001248191)",2025-10-23,2,9900000077,99,ЗК-Услуги-001,1298291.64,1211756.76,0,Исполнен
40007731343,Услуги Эксплуатационное бурение для ООО РН-Пожарная безопасность (процедура 40007731343),2022-01-06,47,9900000112,55,ЗК-Услуги-004,985490.79,1207872.79,0,Исполнен
40007731343,Услуги Эксплуатационное бурение — ООО РН-Пожарная безопасность (№40007731343),2022-01-06,47,9900000074,55,ЗК-Услуги-001,985490.79,1207872.79,0,Исполнен
40001007059,"Услуги Авторский и технадзор, филиал ООО РН-СтройКонтроль (процедура 40001007059)",2022-09-30,48,9900000066,79,ЗК-Услуги-006,1469175.72,1204692.81,0,В работе
40000845687,Услуги Экология и охрана труда для АО РН-Тверь (процедура 40000845687),2022-02-01,59,9900000189,95,ЗК-Услуги-002,989130.31,1201043.31,0,Исполнен
40003476178,Услуги Авторский и технадзор — АО РН-Ярославль (№40003476178),2024-05-04,43,6633028244,79,ЗК-Услуги-005,1398695.3,1197773.38,0,Расторгнут
40003476178,"Услуги Авторский и технадзор, филиал АО РН-Ярославль (процедура 40003476178)",2024-05-04,43,9900000091,79,ЗК-Услуги-007,1398695.3,1197773.38,0,Расторгнут
40001188949,Услуги Ремонт и освоение скважин для АО АНПЗ ВНК (процедура 40001188949),2023-11-19,74,9900000049,62,ЗК-Услуги-002,1483151.56,1193970.03,0,Исполнен
40001188949,Услуги Ремонт и освоение скважин — АО АНПЗ ВНК (№40001188949),2023-11-19,74,9900000063,62,ЗК-Услуги-006,1483151.56,1193970.03,0,Исполнен
40005849218,"Услуги Прочие непроизводственные услуги, филиал РН-Морской_терминал_Находка (процедура 40005849218)",2025-09-03,72,9900000073,102,ЗК-Услуги-006,1582048.39,1190489.62,0,Исполнен
40007494819,Услуги Операторские и агентские услуги для Саратовнефтепродукт (процедура 40007494819),2024-12-09,67,9900000055,70,ЗК-Услуги-005,1513583.19,1189889.35,0,Исполнен
40008003123,Услуги Строительство и содержание дорог — Нефтепромлизинг (№40008003123),2023-04-05,75,9900000147,64,ЗК-Услуги-005,918935.7,1187964.49,0,В работе
40007283962,"Услуги Поставка углеводородов, филиал ООО РН-Черноземье (процедура 40007283962)",2022-02-06,6,9900000252,90,ЗК-Услуги-003,983640.74,1187837.95,0,Исполнен
40002108633,Услуги Капитальное строительство для АО Отрадненский ГПЗ (процедура 40002108633),2023-04-14,55,9900000070,0,ЗК-Услуги-010,1161581.42,1184793.64,0,Исполнен
40002108633,Услуги Капитальное строительство — АО Отрадненский ГПЗ (№40002108633),2023-04-14,55,9900000175,0,ЗК-Услуги-010,1161581.42,1184793.64,0,Исполнен
40001690455,"Услуги Экология и охрана труда, филиал АнгараНефть (процедура 40001690455)",2023-01-09,56,9900000028,95,ЗК-Услуги-002,1487175.15,1176860.14,0,В работе
40008159279,Услуги Землеустроительные работы для БРЯНСКНЕФТЕПРОДУКТ (процедура 40008159279),2023-02-06,45,9900000238,77,ЗК-Услуги-007,984707.32,1176469.48,0,Исполнен
40008159279,Услуги Землеустроительные работы — БРЯНСКНЕФТЕПРОДУКТ (№40008159279),2023-02-06,45,9900000065,77,ЗК-Услуги-001,984707.32,1176469.48,0,Исполнен
40008431741,"Услуги ТО и ремонт оборудования, филиал АО КНП (процедура 40008431741)",2022-11-16,33,9900000091,67,ЗК-Услуги-006,913229.62,1173525.83,0,Исполнен
40008431741,Услуги ТО и ремонт оборудования для АО КНП (процедура 40008431741),2022-11-16,33,9900000053,67,ЗК-Услуги-006,913229.62,1173525.83,0,Исполнен
40008717545,Услуги HR и обучение персонала — СНКНГ Славнефть-Красноярскнефтегаз (№40008717545),2022-05-16,21,9900000053,94,ЗК-Услуги-003,1397432.76,1171920.3,0,В работе
40007938636,"Услуги Геофизические исследования (ГИС), филиал Уфимский филиал АО РН-ПН (процедура 40007938636)",2024-12-25,26,9900000189,59,ЗК-Услуги-002,1403162.27,1171774.54,0,Исполнен
40007541266,Услуги Аренда и покупка имущества для ООО СКН (процедура 40007541266),2023-06-20,87,9900000078,93,ЗК-Услуги-002,1467085.39,1168510.39,0,Расторгнут
40005062311,Услуги Прочие геологические услуги — АО РН-Ярославль (№40005062311),2025-03-30,43,9900000070,99,ЗК-Услуги-009,1072561.67,1168292.35,0,Расторгнут
40001583189,"Услуги Зарезка боковых стволов (ЗБС), филиал ООО ТЮНГД (процедура 40001583189)",2024-07-10,64,9900000203,56,ЗК-Услуги-005,1242389.02,1167945.67,0,Исполнен
40008616730,Услуги Охрана и режим для ООО РН-Черноземье (процедура 40008616730),2023-04-03,6,9900000074,87,ЗК-Услуги-007,911414.73,1164518.72,0,В работе
40008616730,Услуги Охрана и режим — ООО РН-Черноземье (№40008616730),2023-04-03,6,9900000004,87,ЗК-Услуги-005,911414.73,1164518.72,0,В работе
40001342455,"Услуги Сопровождение бурения, филиал АО РОСПАН ИНТЕРНЕШНЛ (процедура 40001342455)",2025-09-18,41,9900000059,57,ЗК-Услуги-007,1025772.63,1164157.79,0,В работе
40007101965,Услуги Поставка углеводородов для ООО РН-СтройКонтроль (процедура 40007101965),2024-05-05,48,9900000077,90,ЗК-Услуги-004,935799.22,1163832.53,0,Исполнен
40007101965,Услуги Поставка углеводородов — ООО РН-СтройКонтроль (№40007101965),2024-05-05,48,9900000000,90,ЗК-Услуги-008,935799.22,1163832.53,0,Исполнен
40008935229,"Услуги Авторский и технадзор, филиал ООО РН_БУНКЕР (процедура 40008935229)",2023-07-23,61,9900000161,79,ЗК-Услуги-010,963282.56,1163371.63,0,В работе
40008935229,Услуги Авторский и технадзор для ООО РН_БУНКЕР (процедура 40008935229),2023-07-23,61,7708084402,79,ЗК-Услуги-010,963282.56,1163371.63,0,В работе
40001090228,Услуги Строительно-монтажные работы (СМР) — АО РН-Ярославль (№40001090228),2025-04-29,43,9900000051,72,ЗК-Услуги-007,1206221.76,1162216.69,0,Исполнен
40001090228,"Услуги Строительно-монтажные работы (СМР), филиал АО РН-Ярославль (процедура 40001090228)",2025-04-29,43,5603011386,72,ЗК-Услуги-010,1206221.76,1162216.69,0,Исполнен
40006284463,Услуги Работа с гибкими трубами (ГНКТ) для РН-ОХРАНА-АНГАРСК (процедура 40006284463),2022-06-15,7,9900000077,61,ЗК-Услуги-005,1405415.6,1156451.58,0,Исполнен
40006284463,Услуги Работа с гибкими трубами (ГНКТ) — РН-ОХРАНА-АНГАРСК (№40006284463),2022-06-15,7,9900000080,61,ЗК-Услуги-006,1405415.6,1156451.58,0,Исполнен
40003373018,"Услуги Сейсморазведка, филиал ООО НЗМП (процедура 40003373018)",2024-01-07,50,9900000196,58,ЗК-Услуги-005,1374882.16,1155587.28,0,Исполнен
40003373018,Услуги Сейсморазведка для ООО НЗМП (процедура 40003373018),2024-01-07,50,9900000091,58,ЗК-Услуги-007,1374882.16,1155587.28,0,Исполнен
40003373018,Услуги Сейсморазведка — ООО НЗМП (№40003373018),2024-01-07,50,9900000060,58,ЗК-Услуги-002,1374882.16,1155587.28,0,Исполнен
40001437065,"Услуги HR и обучение персонала, филиал ООО РН ВАНКОР (процедура 40001437065)",2022-10-15,68,9900000072,94,ЗК-Услуги-005,898921.31,1153031.27,0,Исполнен
40004832869,Услуги Обслуживание энергохозяйства для РН-Морской_терминал_Находка (процедура 40004832869),2023-12-09,72,9900000245,68,ЗК-Услуги-010,1313971.13,1151433.74,0,Исполнен
40004443063,Услуги HR и обучение персонала — АнгараНефть (№40004443063),2022-05-19,56,9900000175,94,ЗК-Услуги-003,953343.29,1146684.07,0,Исполнен
40004443063,"Услуги HR и обучение персонала, филиал АнгараНефть (процедура 40004443063)",2022-05-19,56,9900000002,94,ЗК-Услуги-009,953343.29,1146684.07,0,Исполнен
40004746730,Услуги EPC/EPCM контракты для ООО РН-Пожарная безопасность (процедура 40004746730),2022-11-01,47,9900000231,74,ЗК-Услуги-006,1340183.68,1146620.32,0,Исполнен
40008701042,Услуги Зарезка боковых стволов (ЗБС) — ООО РН-Пожарная безопасность (№40008701042),2023-08-30,47,9900000000,56,ЗК-Услуги-010,1361462.05,1141589.31,0,Исполнен
40004634130,"Услуги Социально-бытовые услуги, филиал АО РН-Ярославль (процедура 40004634130)",2022-03-19,43,7705838531,84,ЗК-Услуги-003,1259739.28,1138406.81,0,В работе
40003061128,Услуги Строительство и содержание дорог для Саратовнефтепродукт (процедура 40003061128),2024-03-02,67,9900000072,64,ЗК-Услуги-007,1291226.88,1135338.38,0,Исполнен
40006549346,Услуги Прочие геологические услуги — ООО РН-Пожарная безопасность (№40006549346),2023-11-21,47,9900000070,99,ЗК-Услуги-004,1331666.44,1133869.94,0,Исполнен
40007894322,"Услуги Прочие геологические услуги, филиал ООО РН-ПУРНЕФТЕГАЗ (процедура 40007894322)",2022-05-07,34,9900000154,99,ЗК-Услуги-003,1063293.39,1133427.35,0,Исполнен
40006017995,Услуги Капитальное строительство для АО РН-Ярославль (процедура 40006017995),2024-07-17,43,9900000182,0,ЗК-Услуги-008,900962.01,1128685.87,0,Исполнен
40004645022,Услуги Ж/д перевозки — ЗАО ИННЦ (№40004645022),2023-04-06,27,9900000059,82,ЗК-Услуги-004,1408299.79,1127282.8,0,Исполнен
40009097323,"Услуги Обслуживание энергохозяйства, филиал ООО РН Комсомольский - НПЗ (процедура 40009097323)",2025-08-04,28,9900000064,68,ЗК-Услуги-001,947109.88,1126019.75,0,Исполнен
40001021754,Услуги Операторские и агентские услуги для ВНИКТИНХО (процедура 40001021754),2024-04-28,46,9900000154,70,ЗК-Услуги-006,1138344.11,1123316.49,0,В работе
40001021754,Услуги Операторские и агентские услуги — ВНИКТИНХО (№40001021754),2024-04-28,46,9900000054,70,ЗК-Услуги-010,1138344.11,1123316.49,0,В работе
40006717624,"Услуги Авторский и технадзор, филиал Саратовнефтепродукт (процедура 40006717624)",2024-11-20,67,9900000161,79,ЗК-Услуги-001,926340.23,1120254.3,0,В работе
40006717624,Услуги Авторский и технадзор для Саратовнефтепродукт (процедура 40006717624),2024-11-20,67,9900000069,79,ЗК-Услуги-005,926340.23,1120254.3,0,В работе
40000719752,Услуги Поставка углеводородов — РН-АЭРО (№40000719752),2022-07-01,40,9900000061,90,ЗК-Услуги-007,1272016.11,1119575.19,0,В работе
40000719752,"Услуги Поставка углеводородов, филиал РН-АЭРО (процедура 40000719752)",2022-07-01,40,9900000007,90,ЗК-Услуги-006,1272016.11,1119575.19,0,В работе
40007713768,Услуги Прочие геологические услуги для ООО РН_БУНКЕР (процедура 40007713768),2024-03-16,61,6633028244,99,ЗК-Услуги-002,1182203.31,1118495.79,0,Исполнен
40007434097,Услуги Прочие геологические услуги — ООО НЗМП (№40007434097),2025-03-04,50,9900000069,99,ЗК-Услуги-004,964598.49,1118082.24,0,В работе
40007150564,"Услуги Социально-бытовые услуги, филиал ООО Харампурнефтегаз (процедура 40007150564)",2023-10-25,70,9900000062,84,ЗК-Услуги-002,1449233.23,1117747.45,0,Исполнен
40009350560,Услуги Ж/д перевозки для 6. ПАО АНК Башнефть (процедура 40009350560),2022-11-23,17,9900000056,82,ЗК-Услуги-001,1397270.78,1111681.56,0,Исполнен
40000514353,Услуги Геофизические исследования (ГИС) — СНКНГ Славнефть-Красноярскнефтегаз (№40000514353),2022-01-02,21,9900000049,59,ЗК-Услуги-003,954938.59,1111090.51,0,В работе
40000514353,"Услуги Геофизические исследования (ГИС), филиал СНКНГ Славнефть-Красноярскнефтегаз (процедура 40000514353)",2022-01-02,21,9900000049,59,ЗК-Услуги-003,954938.59,1111090.51,0,В работе
40000514353,Услуги Геофизические исследования (ГИС) для СНКНГ Славнефть-Красноярскнефтегаз (процедура 40000514353),2022-01-02,21,9900000259,59,ЗК-Услуги-007,954938.59,1111090.51,0,В работе
40000757802,Услуги Аренда и покупка имущества — 6. ПАО АНК Башнефть (№40000757802),2023-09-30,17,9900000210,93,ЗК-Услуги-001,1320452.93,1109591.38,0,Исполнен
40008909069,"Услуги Маркетинг и мероприятия, филиал Туапсинский НПЗ (процедура 40008909069)",2022-09-20,29,9900000154,92,ЗК-Услуги-009,1325961.55,1103112.7,0,Расторгнут
40008909069,Услуги Маркетинг и мероприятия для Туапсинский НПЗ (процедура 40008909069),2022-09-20,29,7708639661,92,ЗК-Услуги-006,1325961.55,1103112.7,0,Расторгнут
40002807098,Услуги Эксплуатационное бурение — АО РН-Няганьнефтегаз (№40002807098),2025-03-02,35,9900000014,55,ЗК-Услуги-004,1264430.8,1099020.21,0,Исполнен
40002807098,"Услуги Эксплуатационное бурение, филиал АО РН-Няганьнефтегаз (процедура 40002807098)",2025-03-02,35,7708084402,55,ЗК-Услуги-003,1264430.8,1099020.21,0,Исполнен
40002807098,Услуги Эксплуатационное бурение для АО РН-Няганьнефтегаз (процедура 40002807098),2025-03-02,35,9900000075,55,ЗК-Услуги-003,1264430.8,1099020.21,0,Исполнен
40002203000,Услуги Землеустроительные работы — АО РН-Ярославль (№40002203000),2022-04-09,43,9900000119,77,ЗК-Услуги-002,1012737.45,1095594.13,0,Исполнен
40009070312,"Услуги Непроизводственные объекты, филиал 00_РН-Москва (процедура 40009070312)",2024-09-23,65,9900000051,78,ЗК-Услуги-002,1138655.65,1087587.22,0,Исполнен
40000362688,Услуги Эксплуатационное бурение для РН-ОХРАНА-АНГАРСК (процедура 40000362688),2023-03-19,7,9900000021,55,ЗК-Услуги-010,1322865.86,1083045.14,0,Исполнен
40008290527,Услуги Работа с гибкими трубами (ГНКТ) — АО РН-Тверь (№40008290527),2025-12-29,59,9900000080,61,ЗК-Услуги-005,1003403.36,1082984.55,0,Исполнен
40004046403,"Услуги Проектно-изыскательские работы (ПИР), филиал ПАО СаратовскийНПЗ (процедура 40004046403)",2024-11-03,18,9900000068,73,ЗК-Услуги-009,1267516.96,1080018.63,0,Исполнен
40009122803,Услуги Прочие геологические услуги для АО РН-Няганьнефтегаз (процедура 40009122803),2022-03-02,35,9900000266,99,ЗК-Услуги-002,1246699.2,1079052.4,0,Исполнен
40009122803,Услуги Прочие геологические услуги — АО РН-Няганьнефтегаз (№40009122803),2022-03-02,35,9900000054,99,ЗК-Услуги-002,1246699.2,1079052.4,0,Исполнен
40005753313,"Услуги Маркетинг и мероприятия, филиал УНХ (процедура 40005753313)",2022-01-24,9,9900000075,92,ЗК-Услуги-006,1144346.15,1078181.19,0,Исполнен
40007557155,Услуги HR и обучение персонала для ВНИКТИНХО (процедура 40007557155),2025-10-16,46,6633028244,94,ЗК-Услуги-010,1226938.92,1075710.28,0,Исполнен
40004050488,Услуги Корпоративная безопасность — ВНИКТИНХО (№40004050488),2023-02-07,46,9900000105,60,ЗК-Услуги-002,1105788.94,1075546.87,0,Исполнен
40004050488,"Услуги Корпоративная безопасность, филиал ВНИКТИНХО (процедура 40004050488)",2023-02-07,46,7708084402,60,ЗК-Услуги-004,1105788.94,1075546.87,0,Исполнен
40004050488,Услуги Корпоративная безопасность для ВНИКТИНХО (процедура 40004050488),2023-02-07,46,9900000070,60,ЗК-Услуги-006,1105788.94,1075546.87,0,Исполнен
40009327233,Услуги Авиаперевозки и работы — ООО РН-Черноземье (№40009327233),2023-09-30,6,9900000119,83,ЗК-Услуги-005,1205038.42,1067083.26,0,Исполнен
40001366891,"Услуги Финансы и консалтинг, филиал 6. ПАО АНК Башнефть (процедура 40001366891)",2022-02-10,17,9900000080,80,ЗК-Услуги-001,1423641.29,1063307.74,0,Исполнен
40002187337,Услуги Операционные услуги добычи для Филиал ПАО АНК Башнефть Башнефть-Новойл (процедура 40002187337),2022-09-13,10,9900000217,65,ЗК-Услуги-006,1139581.32,1062622.01,0,Исполнен
40003574404,Услуги Аренда и покупка имущества — ООО РН-Карт (№40003574404),2023-09-22,5,9900000051,93,ЗК-Услуги-001,820979.26,1061133.03,0,Исполнен
40007021147,"Услуги Строительно-монтажные работы (СМР), филиал РН-ОХРАНА-АНГАРСК (процедура 40007021147)",2023-10-08,7,9900000238,72,ЗК-Услуги-003,835216.57,1049180.78,0,Исполнен
40000216792,Услуги Корпоративная безопасность для РН-Морской_терминал_Находка (процедура 40000216792),2025-02-26,72,9900000080,60,ЗК-Услуги-010,1301900.41,1043371.58,0,Исполнен
40007426100,Услуги Авторский и технадзор — ООО СКН (№40007426100),2024-03-16,87,9900000071,79,ЗК-Услуги-005,1359327.14,1040626.67,0,В работе
40007023532,"Услуги Разведочное бурение, филиал АО РН-Тверь (процедура 40007023532)",2023-09-11,59,9900000021,96,ЗК-Услуги-010,841856.56,1040293.85,0,Исполнен
40008095124,Услуги Операционные услуги добычи для РН-ОХРАНА-АНГАРСК (процедура 40008095124),2024-10-08,7,9900000071,65,ЗК-Услуги-005,1258381.84,1039801.07,0,Исполнен
40002026230,Услуги EPC/EPCM контракты — АООРЕНБУРГНЕФТЬ (№40002026230),2023-11-01,2,9900000126,74,ЗК-Услуги-010,799323.66,1036645.01,0,Исполнен
40002026230,"Услуги EPC/EPCM контракты, филиал АООРЕНБУРГНЕФТЬ (процедура 40002026230)",2023-11-01,2,9900000055,74,ЗК-Услуги-006,799323.66,1036645.01,0,Исполнен
40003719353,Услуги Сейсморазведка для Туапсинский НПЗ (процедура 40003719353),2025-02-11,29,9900000069,58,ЗК-Услуги-010,1391538.38,1035769.3,0,Исполнен
40000372742,Услуги Социально-бытовые услуги — АО АНПЗ ВНК (№40000372742),2023-06-12,74,9900000050,84,ЗК-Услуги-008,1061519.49,1034245.98,0,Исполнен
40001198886,"Услуги Непроизводственные объекты, филиал АО РНПК (процедура 40001198886)",2024-05-31,36,9900000049,78,ЗК-Услуги-005,813541.43,1034081.88,0,Исполнен
40005606370,Услуги Операционные услуги добычи для РН-СТ (процедура 40005606370),2025-06-14,71,6633028244,65,ЗК-Услуги-001,1340793.59,1034015.26,0,Исполнен
40003982757,Услуги Разведочное бурение — АО РН-Ярославль (№40003982757),2024-07-31,43,9900000062,96,ЗК-Услуги-005,1229768.25,1031601.65,0,Исполнен
40008342521,"Услуги Операторские и агентские услуги, филиал ООО РН-СтройКонтроль (процедура 40008342521)",2025-04-29,48,9900000055,70,ЗК-Услуги-003,1272219.53,1030518.97,0,В работе
40008342521,Услуги Операторские и агентские услуги для ООО РН-СтройКонтроль (процедура 40008342521),2025-04-29,48,9900000147,70,ЗК-Услуги-004,1272219.53,1030518.97,0,В работе
40008342521,Услуги Операторские и агентские услуги — ООО РН-СтройКонтроль (№40008342521),2025-04-29,48,9900000203,70,ЗК-Услуги-008,1272219.53,1030518.97,0,В работе
40008342521,"Услуги Операторские и агентские услуги, филиал ООО РН-СтройКонтроль (процедура 40008342521)",2025-04-29,48,9900000133,70,ЗК-Услуги-007,1272219.53,1030518.97,0,В работе
40008342521,Услуги Операторские и агентские услуги для ООО РН-СтройКонтроль (процедура 40008342521),2025-04-29,48,9900000112,70,ЗК-Услуги-005,1272219.53,1030518.97,0,В работе
40000190476,Услуги Охрана и режим — ООО Башнефть-Добыча (№40000190476),2022-03-08,49,9900000007,87,ЗК-Услуги-002,1046219.86,1030226.8,0,Расторгнут
40002180297,"Услуги Операционные услуги добычи, филиал СНКНГ Славнефть-Красноярскнефтегаз (процедура 40002180297)",2022-02-14,21,9900000062,65,ЗК-Услуги-006,1148036.26,1025846.48,0,В работе
40002546662,Услуги Обслуживание энергохозяйства для ООО РН-Черноземье (процедура 40002546662),2023-10-16,6,9900000231,68,ЗК-Услуги-006,1022423.66,1024211.42,0,Исполнен
40008521682,Услуги ИТ-услуги и поддержка — ПАО СаратовскийНПЗ (№40008521682),2022-06-09,18,9900000217,86,ЗК-Услуги-010,1151621.07,1022835.76,0,Исполнен
40006488650,"Услуги Авиаперевозки и работы, филиал АО РН-Ярославль (процедура 40006488650)",2024-01-17,43,9900000002,83,ЗК-Услуги-010,1199164.23,1017533.95,0,В работе
40001652547,Услуги ТО и ремонт оборудования для АООРЕНБУРГНЕФТЬ (процедура 40001652547),2025-04-26,2,9900000231,67,ЗК-Услуги-006,1055863.11,1009126.29,0,Исполнен
40003720512,Услуги Операционные услуги добычи — ООО РН-Черноземье (№40003720512),2025-11-26,6,9900000266,65,ЗК-Услуги-009,820013.47,1006286.04,0,Исполнен
40006840928,"Услуги Поставка углеводородов, филиал ООО РН-СтройКонтроль (процедура 40006840928)",2022-04-28,48,9900000196,90,ЗК-Услуги-008,792107.78,1005207.0,0,Исполнен
40006840928,Услуги Поставка углеводородов для ООО РН-СтройКонтроль (процедура 40006840928),2022-04-28,48,9900000005,90,ЗК-Услуги-008,792107.78,1005207.0,0,Исполнен
40007653563,Услуги ИТ-услуги и поддержка — ООО РН Комсомольский - НПЗ (№40007653563),2024-08-10,28,9900000091,86,ЗК-Услуги-001,956954.69,1002416.95,0,Исполнен
40002498000,"Услуги Геофизические исследования (ГИС), филиал АО РН-Тверь (процедура 40002498000)",2022-08-17,59,9900000059,59,ЗК-Услуги-005,1150628.1,1001867.61,0,Исполнен
40002230857,Услуги EPC/EPCM контракты для ТЗК Шереметьево (процедура 40002230857),2025-02-13,42,9900000126,74,ЗК-Услуги-007,1071596.81,995754.32,0,Исполнен
40006245179,Услуги Работа с гибкими трубами (ГНКТ) — РН-Морской_терминал_Находка (№40006245179),2024-05-12,72,9900000224,61,ЗК-Услуги-006,1133371.38,992648.2,0,Исполнен
40006245179,"Услуги Работа с гибкими трубами (ГНКТ), филиал РН-Морской_терминал_Находка (процедура 40006245179)",2024-05-12,72,9900000005,61,ЗК-Услуги-005,1133371.38,992648.2,0,Исполнен
40005783320,Услуги Непроизводственные объекты для АнгараНефть (процедура 40005783320),2025-03-28,56,9900000175,78,ЗК-Услуги-008,780637.16,991734.33,0,Исполнен
40005783320,Услуги Непроизводственные объекты — АнгараНефть (№40005783320),2025-03-28,56,9900000161,78,ЗК-Услуги-003,780637.16,991734.33,0,Исполнен
40004661838,"Услуги Экология и охрана труда, филиал РН-АЭРО (процедура 40004661838)",2023-04-12,40,9900000069,95,ЗК-Услуги-006,1312519.81,991088.22,0,В работе
40001167882,Услуги Непроизводственные объекты для РН-Морской_терминал_Находка (процедура 40001167882),2023-05-28,72,9900000021,78,ЗК-Услуги-005,895246.13,990217.04,0,В работе
40005041414,Услуги Охрана и режим — БРЯНСКНЕФТЕПРОДУКТ (№40005041414),2023-01-27,45,9900000217,87,ЗК-Услуги-008,1221845.11,989095.34,0,Исполнен
40006728731,"Услуги Инвестпроекты и НИОКР, филиал АО РН-Ярославль (процедура 40006728731)",2024-10-26,43,9900000078,89,ЗК-Услуги-004,1195626.13,986561.16,0,Исполнен
40006728731,Услуги Инвестпроекты и НИОКР для АО РН-Ярославль (процедура 40006728731),2024-10-26,43,9900000001,89,ЗК-Услуги-008,1195626.13,986561.16,0,Исполнен
40006728731,Услуги Инвестпроекты и НИОКР — АО РН-Ярославль (№40006728731),2024-10-26,43,9900000078,89,ЗК-Услуги-010,1195626.13,986561.16,0,Исполнен
40006728731,"Услуги Инвестпроекты и НИОКР, филиал АО РН-Ярославль (процедура 40006728731)",2024-10-26,43,9900000007,89,ЗК-Услуги-002,1195626.13,986561.16,0,Исполнен
40006445514,Услуги Маркетинг и мероприятия для ООО РН-Пожарная безопасность (процедура 40006445514),2024-02-06,47,9900000273,92,ЗК-Услуги-009,1273096.04,983396.91,0,Расторгнут
40006445514,Услуги Маркетинг и мероприятия — ООО РН-Пожарная безопасность (№40006445514),2024-02-06,47,9900000077,92,ЗК-Услуги-009,1273096.04,983396.91,0,Расторгнут
40002884593,"Услуги Охрана и режим, филиал АО РН-Тверь (процедура 40002884593)",2025-08-21,59,9900000210,87,ЗК-Услуги-010,1230366.34,981114.38,0,Исполнен
40002884593,Услуги Охрана и режим для АО РН-Тверь (процедура 40002884593),2025-08-21,59,9900000062,87,ЗК-Услуги-010,1230366.34,981114.38,0,Исполнен
40008814712,Услуги Авторский и технадзор — ООО РН-Пожарная безопасность (№40008814712),2022-09-22,47,9900000069,79,ЗК-Услуги-006,1161636.95,980697.91,0,Исполнен
40008814712,"Услуги Авторский и технадзор, филиал ООО РН-Пожарная безопасность (процедура 40008814712)",2022-09-22,47,9900000068,79,ЗК-Услуги-004,1161636.95,980697.91,0,Исполнен
40008814712,Услуги Авторский и технадзор для ООО РН-Пожарная безопасность (процедура 40008814712),2022-09-22,47,9900000052,79,ЗК-Услуги-004,1161636.95,980697.91,0,Исполнен
40006662678,Услуги Маркетинг и мероприятия — ООО РН-ПУРНЕФТЕГАЗ (№40006662678),2024-09-18,34,9900000189,92,ЗК-Услуги-006,1169281.6,979003.89,0,В работе
40009457429,"Услуги Авторский и технадзор, филиал ООО РН-ГИР (процедура 40009457429)",2022-02-06,39,9900000105,79,ЗК-Услуги-005,1132247.16,977397.89,0,Исполнен
40006712656,Услуги Работа с гибкими трубами (ГНКТ) для ООО РН-Черноземье (процедура 40006712656),2024-05-16,6,9900000126,61,ЗК-Услуги-006,1174187.43,976420.03,0,Исполнен
40001750764,Услуги Промбезопасность и контроль — 6. ПАО АНК Башнефть (№40001750764),2024-10-11,17,6633028244,69,ЗК-Услуги-007,1214249.37,973192.63,0,В работе
40001750764,"Услуги Промбезопасность и контроль, филиал 6. ПАО АНК Башнефть (процедура 40001750764)",2024-10-11,17,9900000154,69,ЗК-Услуги-007,1214249.37,973192.63,0,В работе
40007759888,Услуги Авиаперевозки и работы для ПЕНЗАНЕФТЕПРОДУКТ (процедура 40007759888),2022-08-13,83,9900000059,83,ЗК-Услуги-009,1292722.74,966651.24,0,Исполнен
40001587850,Услуги Строительно-монтажные работы (СМР) — РН-Морской_терминал_Находка (№40001587850),2023-11-05,72,9900000003,72,ЗК-Услуги-008,744879.79,965484.92,0,Исполнен
40001587850,"Услуги Строительно-монтажные работы (СМР), филиал РН-Морской_терминал_Находка (процедура 40001587850)",2023-11-05,72,9900000069,72,ЗК-Услуги-006,744879.79,965484.92,0,Исполнен
40001587850,Услуги Строительно-монтажные работы (СМР) для РН-Морской_терминал_Находка (процедура 40001587850),2023-11-05,72,9900000140,72,ЗК-Услуги-006,744879.79,965484.92,0,Исполнен
40006053424,Услуги Прочие нефтепромысловые услуги — ООО РН-Черноземье (№40006053424),2023-04-14,6,9900000042,71,ЗК-Услуги-005,1202394.33,964866.64,0,Исполнен
40001349668,"Услуги Ж/д перевозки, филиал ООО РН-Черноземье (процедура 40001349668)",2022-07-31,6,9900000021,82,ЗК-Услуги-001,813281.85,964552.32,0,Исполнен
40008137722,Услуги Социально-бытовые услуги для ПАО НК Роснефть-Курганнефтепродукт (процедура 40008137722),2023-12-21,58,9900000133,84,ЗК-Услуги-009,939916.56,961712.36,0,В работе
40003005407,Услуги Маркетинг и мероприятия — Филиал ПАО АНК Башнефть Башнефть-Сервис в г. Уфе (№40003005407),2025-10-18,16,9900000105,92,ЗК-Услуги-009,917981.9,956494.59,0,Исполнен
40003005407,"Услуги Маркетинг и мероприятия, филиал Филиал ПАО АНК Башнефть Башнефть-Сервис в г. Уфе (процедура 40003005407)",2025-10-18,16,9900000084,92,ЗК-Услуги-009,917981.9,956494.59,0,Исполнен
40003926596,Услуги Инвестпроекты и НИОКР для РН-Морской_терминал_Находка (процедура 40003926596),2023-07-29,72,9900000007,89,ЗК-Услуги-008,905694.69,955789.7,0,Исполнен
40003926596,Услуги Инвестпроекты и НИОКР — РН-Морской_терминал_Находка (№40003926596),2023-07-29,72,9900000003,89,ЗК-Услуги-010,905694.69,955789.7,0,Исполнен
40007015299,"Услуги Прочие нефтепромысловые услуги, филиал НК НПЗ (процедура 40007015299)",2022-11-12,12,9900000063,71,ЗК-Услуги-003,1111567.24,947715.14,0,Исполнен
40006319292,Услуги Обслуживание энергохозяйства для АЗКиОС (процедура 40006319292),2023-10-07,78,9900000035,68,ЗК-Услуги-001,940521.14,940275.6,0,Исполнен
40008995003,Услуги Прочие нефтепромысловые услуги — ООО РН_БУНКЕР (№40008995003),2024-07-12,61,9900000175,71,ЗК-Услуги-008,941903.86,939799.46,0,Исполнен
40008995003,"Услуги Прочие нефтепромысловые услуги, филиал ООО РН_БУНКЕР (процедура 40008995003)",2024-07-12,61,9900000060,71,ЗК-Услуги-007,941903.86,939799.46,0,Исполнен
40008995003,Услуги Прочие нефтепромысловые услуги для ООО РН_БУНКЕР (процедура 40008995003),2024-07-12,61,9900000001,71,ЗК-Услуги-005,941903.86,939799.46,0,Исполнен
40005364251,Услуги Инвестпроекты и НИОКР — РН-ОХРАНА-АНГАРСК (№40005364251),2025-07-13,7,9900000091,89,ЗК-Услуги-010,1077440.96,937707.1,0,Исполнен
40005364251,"Услуги Инвестпроекты и НИОКР, филиал РН-ОХРАНА-АНГАРСК (процедура 40005364251)",2025-07-13,7,9900000074,89,ЗК-Услуги-007,1077440.96,937707.1,0,Исполнен
40000701823,Услуги Работа с гибкими трубами (ГНКТ) для Саратовнефтепродукт (процедура 40000701823),2025-03-24,67,9900000189,61,ЗК-Услуги-010,862008.74,935524.92,0,Исполнен
40000701823,Услуги Работа с гибкими трубами (ГНКТ) — Саратовнефтепродукт (№40000701823),2025-03-24,67,9900000252,61,ЗК-Услуги-004,862008.74,935524.92,0,Исполнен
40008971249,"Услуги Строительно-монтажные работы (СМР), филиал СНКНГ Славнефть-Красноярскнефтегаз (процедура 40008971249)",2025-07-29,21,9900000189,72,ЗК-Услуги-009,1098794.84,933633.83,0,Исполнен
40001495464,Услуги Химизация добычи для Нефтепромлизинг (процедура 40001495464),2023-01-23,75,9900000091,66,ЗК-Услуги-010,1069384.0,930006.1,0,Исполнен
40007160937,Услуги Авиаперевозки и работы — ПАО СаратовскийНПЗ (№40007160937),2024-08-22,18,9900000003,83,ЗК-Услуги-002,959777.9,929132.72,0,Исполнен
40007160937,"Услуги Авиаперевозки и работы, филиал ПАО СаратовскийНПЗ (процедура 40007160937)",2024-08-22,18,9900000005,83,ЗК-Услуги-009,959777.9,929132.72,0,Исполнен
40004590142,Услуги Ремонт и освоение скважин для АО РН-Ярославль (процедура 40004590142),2023-02-21,43,9900000064,62,ЗК-Услуги-009,1100303.91,922533.34,0,Исполнен
40009485637,Услуги Геофизические исследования (ГИС) — УВАТНЕФТЕГАЗ (№40009485637),2022-12-23,22,9900000058,59,ЗК-Услуги-005,1094382.98,917565.56,0,Исполнен
40009485637,"Услуги Геофизические исследования (ГИС), филиал УВАТНЕФТЕГАЗ (процедура 40009485637)",2022-12-23,22,9900000168,59,ЗК-Услуги-001,1094382.98,917565.56,0,Исполнен
40002998606,Услуги EPC/EPCM контракты для ООО РН-Черноземье (процедура 40002998606),2023-07-30,6,9900000252,74,ЗК-Услуги-007,802370.07,915227.8,0,Исполнен
40003210224,Услуги Операционные услуги добычи — ВЧНГ (№40003210224),2024-03-08,31,9900000189,65,ЗК-Услуги-010,1163752.64,912131.62,0,Исполнен
40003210224,"Услуги Операционные услуги добычи, филиал ВЧНГ (процедура 40003210224)",2024-03-08,31,9900000077,65,ЗК-Услуги-010,1163752.64,912131.62,0,Исполнен
40001340789,Услуги Разведочное бурение для ООО РН_БУНКЕР (процедура 40001340789),2023-10-13,61,9900000063,96,ЗК-Услуги-004,692711.9,910665.8,0,В работе
40001340789,Услуги Разведочное бурение — ООО РН_БУНКЕР (№40001340789),2023-10-13,61,9900000203,96,ЗК-Услуги-009,692711.9,910665.8,0,В работе
40001340789,"Услуги Разведочное бурение, филиал ООО РН_БУНКЕР (процедура 40001340789)",2023-10-13,61,9900000071,96,ЗК-Услуги-006,692711.9,910665.8,0,В работе
40001340789,Услуги Разведочное бурение для ООО РН_БУНКЕР (процедура 40001340789),2023-10-13,61,9900000098,96,ЗК-Услуги-003,692711.9,910665.8,0,В работе
40008387059,Услуги Операционные услуги добычи — УНХ (№40008387059),2024-09-04,9,9900000049,65,ЗК-Услуги-006,815949.0,910433.33,0,Исполнен
40008387059,"Услуги Операционные услуги добычи, филиал УНХ (процедура 40008387059)",2024-09-04,9,9900000061,65,ЗК-Услуги-010,815949.0,910433.33,0,Исполнен
40004905857,Услуги Охрана и режим для ООО Башнефть-Сервис НПЗ (процедура 40004905857),2023-04-30,32,9900000073,87,ЗК-Услуги-006,796102.59,908053.3,0,В работе
40001062922,Услуги Эксплуатационное бурение — РН-Бурение (№40001062922),2024-08-01,85,9900000072,55,ЗК-Услуги-005,868634.22,906403.12,0,Исполнен
40001062922,"Услуги Эксплуатационное бурение, филиал РН-Бурение (процедура 40001062922)",2024-08-01,85,9900000084,55,ЗК-Услуги-002,868634.22,906403.12,0,Исполнен
40008848335,Услуги Разведочное бурение для АООРЕНБУРГНЕФТЬ (процедура 40008848335),2022-04-03,2,9900000003,96,ЗК-Услуги-010,1067157.67,906286.48,0,Расторгнут
40004557428,Услуги Химизация добычи — ООО ПНЦ Биосфера (№40004557428),2024-09-06,51,9900000003,66,ЗК-Услуги-010,911796.65,902067.35,0,Исполнен
40002043529,"Услуги Операторские и агентские услуги, филиал АО РН-Ярославль (процедура 40002043529)",2022-02-11,43,9900000074,70,ЗК-Услуги-002,780490.59,899639.51,0,Расторгнут
40007292918,Услуги Экология и охрана труда для РН-АЭРО (процедура 40007292918),2023-02-26,40,9900000021,95,ЗК-Услуги-007,916818.7,898324.94,0,Исполнен
40009614966,Услуги ТО и ремонт оборудования — ООО РН-СтройКонтроль (№40009614966),2022-10-25,48,9900000049,67,ЗК-Услуги-002,1200125.34,897783.82,0,Исполнен
40009614966,"Услуги ТО и ремонт оборудования, филиал ООО РН-СтройКонтроль (процедура 40009614966)",2022-10-25,48,9900000035,67,ЗК-Услуги-006,1200125.34,897783.82,0,Исполнен
40009371579,Услуги Землеустроительные работы для ООО РН-Черноземье (процедура 40009371579),2025-12-21,6,9900000064,77,ЗК-Услуги-005,844316.05,892010.34,0,В работе
40009371579,Услуги Землеустроительные работы — ООО РН-Черноземье (№40009371579),2025-12-21,6,9900000075,77,ЗК-Услуги-004,844316.05,892010.34,0,В работе
40003788381,"Услуги Прочие нефтепромысловые услуги, филиал ООО РН-Черноземье (процедура 40003788381)",2023-02-16,6,9900000259,71,ЗК-Услуги-007,902364.24,882705.0,0,Исполнен
40003788381,Услуги Прочие нефтепромысловые услуги для ООО РН-Черноземье (процедура 40003788381),2023-02-16,6,9900000161,71,ЗК-Услуги-008,902364.24,882705.0,0,Исполнен
40008104445,Услуги Капитальное строительство — АО КНП (№40008104445),2022-12-08,33,9900000042,0,ЗК-Услуги-004,1049970.38,882338.37,0,Исполнен
40008104445,"Услуги Капитальное строительство, филиал АО КНП (процедура 40008104445)",2022-12-08,33,9900000245,0,ЗК-Услуги-001,1049970.38,882338.37,0,Исполнен
40006552118,Услуги Геофизические исследования (ГИС) для Саратовнефтепродукт (процедура 40006552118),2024-12-18,67,9900000056,59,ЗК-Услуги-001,685800.41,877155.6,0,Исполнен
40004479294,Услуги Эксплуатационное бурение — ООО_Башнефть-Розница (№40004479294),2023-02-03,63,9900000224,55,ЗК-Услуги-001,679887.34,876078.65,0,Исполнен
40004395832,"Услуги Корпоративная безопасность, филиал ООО ТЮНГД (процедура 40004395832)",2025-05-06,64,9900000055,60,ЗК-Услуги-001,826169.34,869901.59,0,Исполнен
40009620938,Услуги Капитальное строительство для ООО НЗМП (процедура 40009620938),2023-03-08,50,9900000245,0,ЗК-Услуги-005,1015743.14,866659.14,0,Исполнен
40002764335,Услуги Социально-бытовые услуги — 00_РН-Москва (№40002764335),2024-07-14,65,5603011386,84,ЗК-Услуги-004,1123499.9,857652.61,0,Исполнен
40002764335,"Услуги Социально-бытовые услуги, филиал 00_РН-Москва (процедура 40002764335)",2024-07-14,65,9900000126,84,ЗК-Услуги-009,1123499.9,857652.61,0,Исполнен
40002764335,Услуги Социально-бытовые услуги для 00_РН-Москва (процедура 40002764335),2024-07-14,65,9900000003,84,ЗК-Услуги-003,1123499.9,857652.61,0,Исполнен
40007706380,Услуги Авторский и технадзор — ООО РН_БУНКЕР (№40007706380),2022-01-31,61,9900000004,79,ЗК-Услуги-007,693714.29,856527.01,0,Исполнен
40008693784,"Услуги Ремонт и освоение скважин, филиал ООО Башнефть-Добыча (процедура 40008693784)",2022-10-12,49,9900000238,62,ЗК-Услуги-008,697987.35,852863.41,0,Исполнен
40008344420,Услуги Разведочное бурение для ООО РН_БУНКЕР (процедура 40008344420),2025-06-21,61,9900000154,96,ЗК-Услуги-006,715814.9,849519.56,0,Исполнен
40006810058,Услуги Эксплуатационное бурение — ПАО СаратовскийНПЗ (№40006810058),2024-10-15,18,9900000056,55,ЗК-Услуги-010,870181.04,849219.5,0,В работе
40009566848,"Услуги Энергоснабжение, филиал АО Отрадненский ГПЗ (процедура 40009566848)",2023-04-30,55,9900000055,101,ЗК-Услуги-001,710742.55,848944.76,0,Исполнен
40005520715,Услуги Социально-бытовые услуги для ТНП (процедура 40005520715),2025-11-18,13,9900000065,84,ЗК-Услуги-008,1002733.79,848079.9,0,В работе
40005520715,Услуги Социально-бытовые услуги — ТНП (№40005520715),2025-11-18,13,9900000161,84,ЗК-Услуги-010,1002733.79,848079.9,0,В работе
40003758884,"Услуги ИТ-услуги и поддержка, филиал ООО РН-Черноземье (процедура 40003758884)",2023-03-20,6,9900000217,86,ЗК-Услуги-003,1057396.37,842152.83,0,Исполнен
40000531733,Услуги Разведочное бурение для Филиал ПАО АНК Башнефть Башнефть-Новойл (процедура 40000531733),2023-04-08,10,9900000028,96,ЗК-Услуги-008,1120918.9,837339.33,0,Исполнен
40009744459,Услуги Землеустроительные работы — ЗАО ИННЦ (№40009744459),2023-01-27,27,9900000182,77,ЗК-Услуги-004,684871.03,833594.76,0,Исполнен
40009744459,"Услуги Землеустроительные работы, филиал ЗАО ИННЦ (процедура 40009744459)",2023-01-27,27,5603011386,77,ЗК-Услуги-008,684871.03,833594.76,0,Исполнен
40009758408,Услуги Авиаперевозки и работы для Башнефть-ПЕТРОТЕСТ (процедура 40009758408),2025-12-18,57,9900000078,83,ЗК-Услуги-001,827262.74,831791.84,0,Расторгнут
40009758408,Услуги Авиаперевозки и работы — Башнефть-ПЕТРОТЕСТ (№40009758408),2025-12-18,57,9900000140,83,ЗК-Услуги-003,827262.74,831791.84,0,Расторгнут
40009758408,"Услуги Авиаперевозки и работы, филиал Башнефть-ПЕТРОТЕСТ (процедура 40009758408)",2025-12-18,57,9900000074,83,ЗК-Услуги-006,827262.74,831791.84,0,Расторгнут
40002155608,Услуги Корпоративная безопасность для АО РН-Ярославль (процедура 40002155608),2023-08-20,43,9900000112,60,ЗК-Услуги-009,679985.53,828679.55,0,Исполнен
40002155608,Услуги Корпоративная безопасность — АО РН-Ярославль (№40002155608),2023-08-20,43,9900000091,60,ЗК-Услуги-002,679985.53,828679.55,0,Исполнен
40001899429,"Услуги ТО и ремонт оборудования, филиал ПАО СаратовскийНПЗ (процедура 40001899429)",2024-02-21,18,9900000069,67,ЗК-Услуги-001,989476.45,823451.03,0,В работе
40001899429,Услуги ТО и ремонт оборудования для ПАО СаратовскийНПЗ (процедура 40001899429),2024-02-21,18,9900000252,67,ЗК-Услуги-010,989476.45,823451.03,0,В работе
40002084427,Услуги Сейсморазведка — АО РН-Ярославль (№40002084427),2023-02-26,43,9900000073,58,ЗК-Услуги-003,759769.52,822504.67,0,Исполнен
40008239357,"Услуги Сейсморазведка, филиал ТНП (процедура 40008239357)",2022-07-25,13,9900000076,58,ЗК-Услуги-004,1012214.27,822458.04,0,Исполнен
40008029193,Услуги Сопровождение бурения для ООО ИК СИБИНТЕК (процедура 40008029193),2022-02-24,80,7708639661,57,ЗК-Услуги-005,945187.22,821585.77,0,Исполнен
40008029193,Услуги Сопровождение бурения — ООО ИК СИБИНТЕК (№40008029193),2022-02-24,80,9900000245,57,ЗК-Услуги-003,945187.22,821585.77,0,Исполнен
40004984319,"Услуги Энергоснабжение, филиал ООО РН-Черноземье (процедура 40004984319)",2023-06-21,6,9900000080,101,ЗК-Услуги-010,745653.37,817874.2,0,Исполнен
40007673359,Услуги Непроизводственные объекты для СНКНГ Славнефть-Красноярскнефтегаз (процедура 40007673359),2025-11-02,21,9900000210,78,ЗК-Услуги-002,1026414.23,817520.64,0,Исполнен
40007678342,Услуги АХО и административные услуги — ООО РН-Черноземье (№40007678342),2025-01-29,6,9900000055,85,ЗК-Услуги-002,1066884.37,815763.81,0,Исполнен
40001664724,"Услуги АХО и административные услуги, филиал АО АНПЗ ВНК (процедура 40001664724)",2022-12-13,74,9900000080,85,ЗК-Услуги-007,946596.1,813981.64,0,Исполнен
40001664724,Услуги АХО и административные услуги для АО АНПЗ ВНК (процедура 40001664724),2022-12-13,74,9900000140,85,ЗК-Услуги-009,946596.1,813981.64,0,Исполнен
40001664724,Услуги АХО и административные услуги — АО АНПЗ ВНК (№40001664724),2022-12-13,74,9900000055,85,ЗК-Услуги-010,946596.1,813981.64,0,Исполнен
40001664724,"Услуги АХО и административные услуги, филиал АО АНПЗ ВНК (процедура 40001664724)",2022-12-13,74,9900000049,85,ЗК-Услуги-002,946596.1,813981.64,0,Исполнен
40009083693,Услуги Капитальное строительство для АО ННК (процедура 40009083693),2022-11-04,1,9900000077,0,ЗК-Услуги-007,743574.86,810508.22,0,В работе
40000964717,Услуги Прочие непроизводственные услуги — ООО РН-Пожарная безопасность (№40000964717),2025-04-16,47,9900000259,102,ЗК-Услуги-007,791747.92,807121.25,0,Расторгнут
40000964717,"Услуги Прочие непроизводственные услуги, филиал ООО РН-Пожарная безопасность (процедура 40000964717)",2025-04-16,47,9900000071,102,ЗК-Услуги-007,791747.92,807121.25,0,Расторгнут
40005060503,Услуги Эксплуатационное бурение для ООО НЗМП (процедура 40005060503),2024-05-27,50,9900000068,55,ЗК-Услуги-003,1029589.35,804364.88,0,Исполнен
40005564837,Услуги АХО и административные услуги — РН-Морской_терминал_Находка (№40005564837),2022-05-20,72,9900000060,85,ЗК-Услуги-007,750818.41,802842.46,0,Исполнен
40006983806,"Услуги Операционные услуги добычи, филиал ИркутскНП (процедура 40006983806)",2025-05-26,30,9900000054,65,ЗК-Услуги-001,730606.56,798438.37,0,Исполнен
40000978580,Услуги Химизация добычи для АООРЕНБУРГНЕФТЬ (процедура 40000978580),2023-01-07,2,7708639661,66,ЗК-Услуги-010,737601.39,796184.44,0,Исполнен
40006263459,Услуги Страхование — ООО ПНЦ Биосфера (№40006263459),2024-03-15,51,9900000069,81,ЗК-Услуги-001,709153.22,795773.41,0,Исполнен
40001112307,"Услуги HR и обучение персонала, филиал ВНИКТИНХО (процедура 40001112307)",2022-10-20,46,9900000140,94,ЗК-Услуги-005,992391.42,792910.01,0,В работе
40001112307,Услуги HR и обучение персонала для ВНИКТИНХО (процедура 40001112307),2022-10-20,46,9900000074,94,ЗК-Услуги-002,992391.42,792910.01,0,В работе
40004612912,Услуги HR и обучение персонала — ООО РН_БУНКЕР (№40004612912),2025-03-18,61,7736280166,94,ЗК-Услуги-009,1064956.84,792843.65,0,Исполнен
40008565562,"Услуги АХО и административные услуги, филиал СНКНГ Славнефть-Красноярскнефтегаз (процедура 40008565562)",2024-01-04,21,9900000140,85,ЗК-Услуги-007,821312.83,792228.3,0,Исполнен
40008565562,Услуги АХО и административные услуги для СНКНГ Славнефть-Красноярскнефтегаз (процедура 40008565562),2024-01-04,21,9900000052,85,ЗК-Услуги-004,821312.83,792228.3,0,Исполнен
40008565562,Услуги АХО и административные услуги — СНКНГ Славнефть-Красноярскнефтегаз (№40008565562),2024-01-04,21,9900000168,85,ЗК-Услуги-004,821312.83,792228.3,0,Исполнен
40008565562,"Услуги АХО и административные услуги, филиал СНКНГ Славнефть-Красноярскнефтегаз (процедура 40008565562)",2024-01-04,21,8913008910,85,ЗК-Услуги-002,821312.83,792228.3,0,Исполнен
40005322299,Услуги Страхование для АО РНПК (процедура 40005322299),2022-02-07,36,9900000062,81,ЗК-Услуги-005,642549.43,789461.32,0,Исполнен
40008236378,Услуги Прочие геологические услуги — СНКНГ Славнефть-Красноярскнефтегаз (№40008236378),2024-03-05,21,9900000182,99,ЗК-Услуги-004,646485.55,788519.88,0,Исполнен
40000729938,"Услуги HR и обучение персонала, филиал УВАТНЕФТЕГАЗ (процедура 40000729938)",2022-04-08,22,9900000073,94,ЗК-Услуги-001,782271.3,786001.2,0,В работе
40004120068,Услуги Прочие нефтепромысловые услуги для АнгараНефть (процедура 40004120068),2024-05-21,56,9900000001,71,ЗК-Услуги-008,752294.46,783044.37,0,Расторгнут
40004120068,Услуги Прочие нефтепромысловые услуги — АнгараНефть (№40004120068),2024-05-21,56,9900000077,71,ЗК-Услуги-003,752294.46,783044.37,0,Расторгнут
40007680444,"Услуги ТО и ремонт оборудования, филиал Туапсинский НПЗ (процедура 40007680444)",2022-08-22,29,9900000078,67,ЗК-Услуги-006,649607.27,781650.62,0,В работе
40006776891,Услуги Геофизические исследования (ГИС) для ПЕНЗАНЕФТЕПРОДУКТ (процедура 40006776891),2024-08-12,83,9900000210,59,ЗК-Услуги-004,1037286.25,776889.41,0,Исполнен
40008411698,Услуги Экология и охрана труда — АЗКиОС (№40008411698),2025-08-10,78,7708084402,95,ЗК-Услуги-009,731241.55,776459.45,0,Исполнен
40009834809,"Услуги Авиаперевозки и работы, филиал УДМУРТНЕФТЬ-БУРЕНИЕ (процедура 40009834809)",2024-03-22,24,9900000070,83,ЗК-Услуги-007,804626.18,773909.09,0,В работе
40003860525,Услуги Геофизические исследования (ГИС) для АнгараНефть (процедура 40003860525),2025-02-02,56,9900000252,59,ЗК-Услуги-009,819685.44,772690.01,0,Исполнен
40006573155,Услуги Социально-бытовые услуги — ООО РН-СтройКонтроль (№40006573155),2023-12-31,48,9900000238,84,ЗК-Услуги-010,694809.71,770457.3,0,Исполнен
40000134227,"Услуги Химизация добычи, филиал ООО РН-Черноземье (процедура 40000134227)",2025-05-09,6,9900000028,66,ЗК-Услуги-003,786137.88,767176.61,0,Исполнен
40000456145,Услуги Сопровождение бурения для ВНИКТИНХО (процедура 40000456145),2022-10-06,46,9900000028,57,ЗК-Услуги-001,805286.65,765842.58,0,Исполнен
40008279011,Услуги EPC/EPCM контракты — ООО Харампурнефтегаз (№40008279011),2022-10-23,70,9900000062,74,ЗК-Услуги-005,638227.73,765813.83,0,В работе
40008279011,"Услуги EPC/EPCM контракты, филиал ООО Харампурнефтегаз (процедура 40008279011)",2022-10-23,70,9900000059,74,ЗК-Услуги-003,638227.73,765813.83,0,В работе
40003468988,Услуги Землеустроительные работы для АО СМНГШ (процедура 40003468988),2025-10-26,79,9900000053,77,ЗК-Услуги-006,798069.24,762950.18,0,Исполнен
40003468988,Услуги Землеустроительные работы — АО СМНГШ (№40003468988),2025-10-26,79,9900000054,77,ЗК-Услуги-008,798069.24,762950.18,0,Исполнен
40005165169,"Услуги Инвестпроекты и НИОКР, филиал ООО РН-СтройКонтроль (процедура 40005165169)",2022-10-11,48,9900000238,89,ЗК-Услуги-004,780852.98,761751.77,0,В работе
40008333909,Услуги Прочие геологические услуги для Смоленск-НП (процедура 40008333909),2022-12-09,8,9900000076,99,ЗК-Услуги-005,597254.7,761567.26,0,Исполнен
40000291679,Услуги Промбезопасность и контроль — ООО Харампурнефтегаз (№40000291679),2025-05-28,70,9900000076,69,ЗК-Услуги-005,685451.91,761546.31,0,В работе
40000291679,"Услуги Промбезопасность и контроль, филиал ООО Харампурнефтегаз (процедура 40000291679)",2025-05-28,70,9900000231,69,ЗК-Услуги-004,685451.91,761546.31,0,В работе
40008087477,Услуги Экология и охрана труда для АО РН-Ярославль (процедура 40008087477),2025-10-31,43,9900000119,95,ЗК-Услуги-004,872803.96,758608.33,0,Исполнен
40008087477,Услуги Экология и охрана труда — АО РН-Ярославль (№40008087477),2025-10-31,43,9900000098,95,ЗК-Услуги-004,872803.96,758608.33,0,Исполнен
40001976232,"Услуги Авторский и технадзор, филиал Туапсинский НПЗ (процедура 40001976232)",2023-08-06,29,9900000238,79,ЗК-Услуги-004,742384.84,756156.28,0,Исполнен
40009107768,Услуги Химизация добычи для Саратовнефтепродукт (процедура 40009107768),2023-05-06,67,9900000002,66,ЗК-Услуги-004,668208.7,754259.86,0,В работе
40009107768,Услуги Химизация добычи — Саратовнефтепродукт (№40009107768),2023-05-06,67,9900000133,66,ЗК-Услуги-005,668208.7,754259.86,0,В работе
40001934047,"Услуги Промбезопасность и контроль, филиал РН-Морской_терминал_Находка (процедура 40001934047)",2023-05-24,72,9900000000,69,ЗК-Услуги-002,692449.23,750885.56,0,Исполнен
40006064159,Услуги Работа с гибкими трубами (ГНКТ) для ВНИКТИНХО (процедура 40006064159),2025-07-02,46,9900000077,61,ЗК-Услуги-002,585963.38,748014.99,0,В работе
40008879557,Услуги Авиаперевозки и работы — РН-АЭРО (№40008879557),2022-07-06,40,9900000058,83,ЗК-Услуги-009,660242.83,747956.93,0,Исполнен
40008879557,"Услуги Авиаперевозки и работы, филиал РН-АЭРО (процедура 40008879557)",2022-07-06,40,9900000210,83,ЗК-Услуги-002,660242.83,747956.93,0,Исполнен
40008879557,Услуги Авиаперевозки и работы для РН-АЭРО (процедура 40008879557),2022-07-06,40,9900000052,83,ЗК-Услуги-006,660242.83,747956.93,0,Исполнен
40006886167,Услуги Маркетинг и мероприятия — РН-Краснодарнефтегаз (№40006886167),2024-11-17,14,9900000021,92,ЗК-Услуги-002,773174.03,744725.27,0,Исполнен
40006886167,"Услуги Маркетинг и мероприятия, филиал РН-Краснодарнефтегаз (процедура 40006886167)",2024-11-17,14,9900000004,92,ЗК-Услуги-005,773174.03,744725.27,0,Исполнен
40002891144,Услуги Прочие нефтепромысловые услуги для ООО РН-Черноземье (процедура 40002891144),2024-03-15,6,9900000057,71,ЗК-Услуги-004,799074.56,739891.33,0,Исполнен
40003853316,Услуги HR и обучение персонала — СНКНГ Славнефть-Красноярскнефтегаз (№40003853316),2025-03-10,21,9900000003,94,ЗК-Услуги-007,743861.19,737835.87,0,Исполнен
40004533524,"Услуги Экология и охрана труда, филиал РН-Эксплорейшн (процедура 40004533524)",2024-08-04,86,9900000014,95,ЗК-Услуги-007,661589.9,737532.15,0,Исполнен
40004533524,Услуги Экология и охрана труда для РН-Эксплорейшн (процедура 40004533524),2024-08-04,86,9900000119,95,ЗК-Услуги-006,661589.9,737532.15,0,Исполнен
40004533524,Услуги Экология и охрана труда — РН-Эксплорейшн (№40004533524),2024-08-04,86,9900000231,95,ЗК-Услуги-010,661589.9,737532.15,0,Исполнен
40007610380,"Услуги Непроизводственные объекты, филиал РН-Морской_терминал_Находка (процедура 40007610380)",2025-06-20,72,9900000126,78,ЗК-Услуги-005,988654.83,735719.24,0,Исполнен
40003451031,Услуги Операционные услуги добычи для РН-ОХРАНА-АНГАРСК (процедура 40003451031),2025-03-10,7,9900000014,65,ЗК-Услуги-001,888571.48,733428.6,0,Исполнен
40006883318,Услуги Обслуживание энергохозяйства — АЗКиОС (№40006883318),2022-08-26,78,9900000203,68,ЗК-Услуги-003,696665.83,733155.32,0,Исполнен
40000473578,"Услуги Инвестпроекты и НИОКР, филиал ПАО СаратовскийНПЗ (процедура 40000473578)",2025-04-29,18,9900000238,89,ЗК-Услуги-009,845003.21,730324.8,0,Исполнен
40000849940,Услуги Обслуживание энергохозяйства для ЗАО ИННЦ (процедура 40000849940),2024-08-12,27,9900000070,68,ЗК-Услуги-001,547729.18,728026.26,0,Исполнен
40007621214,Услуги Финансы и консалтинг — РН-ОХРАНА-АНГАРСК (№40007621214),2025-01-07,7,9900000067,80,ЗК-Услуги-005,912155.85,727681.9,0,Исполнен
40005802937,"Услуги Разведочное бурение, филиал ООО Харампурнефтегаз (процедура 40005802937)",2024-01-12,70,1655142978,96,ЗК-Услуги-002,645157.05,720592.16,0,Исполнен
40002066656,Услуги Поставка углеводородов для АО РН-Няганьнефтегаз (процедура 40002066656),2024-03-03,35,9900000259,90,ЗК-Услуги-004,630777.59,719817.02,0,Исполнен
40007457723,Услуги Зарезка боковых стволов (ЗБС) — Саратовнефтепродукт (№40007457723),2024-03-17,67,9900000231,56,ЗК-Услуги-001,849233.76,715929.64,0,В работе
40007457723,"Услуги Зарезка боковых стволов (ЗБС), филиал Саратовнефтепродукт (процедура 40007457723)",2024-03-17,67,9900000068,56,ЗК-Услуги-003,849233.76,715929.64,0,В работе
40005905694,Услуги Энергоснабжение для ООО НЗМП (процедура 40005905694),2025-12-23,50,9900000076,101,ЗК-Услуги-010,697629.26,710527.47,0,Исполнен
40000904295,Услуги Маркетинг и мероприятия — Туапсинский НПЗ (№40000904295),2023-10-27,29,9900000061,92,ЗК-Услуги-007,725185.59,705893.11,0,Расторгнут
40000904295,"Услуги Маркетинг и мероприятия, филиал Туапсинский НПЗ (процедура 40000904295)",2023-10-27,29,9900000053,92,ЗК-Услуги-010,725185.59,705893.11,0,Расторгнут
40000268221,Услуги Обслуживание энергохозяйства для Туапсинский НПЗ (процедура 40000268221),2024-04-11,29,9900000266,68,ЗК-Услуги-003,730311.58,704523.69,0,Расторгнут
40002738845,Услуги Автотранспортные услуги — РН-Краснодарнефтегаз (№40002738845),2022-10-14,14,7705838531,63,ЗК-Услуги-004,604933.15,699110.56,0,Расторгнут
40001943760,"Услуги Прочие геологические услуги, филиал ВНИКТИНХО (процедура 40001943760)",2022-06-30,46,9900000014,99,ЗК-Услуги-002,862483.48,698628.07,0,Исполнен
40003686700,Услуги Сопровождение бурения для РН-Морской_терминал_Находка (процедура 40003686700),2024-12-06,72,9900000064,57,ЗК-Услуги-003,843818.32,698438.09,0,Исполнен
40003686700,Услуги Сопровождение бурения — РН-Морской_терминал_Находка (№40003686700),2024-12-06,72,9900000072,57,ЗК-Услуги-009,843818.32,698438.09,0,Исполнен
40008122943,"Услуги Ремонт и освоение скважин, филиал Смоленск-НП (процедура 40008122943)",2025-12-11,8,9900000112,62,ЗК-Услуги-003,580890.5,695370.79,0,Исполнен
40001299263,Услуги Охрана и режим для РН-Краснодарнефтегаз (процедура 40001299263),2023-09-06,14,9900000021,87,ЗК-Услуги-005,918770.32,694558.01,0,Исполнен
40004936845,Услуги Эксплуатационное бурение — ООО НЗМП (№40004936845),2022-05-19,50,9900000119,55,ЗК-Услуги-002,744902.2,693759.39,0,Исполнен
40004936845,"Услуги Эксплуатационное бурение, филиал ООО НЗМП (процедура 40004936845)",2022-05-19,50,9900000021,55,ЗК-Услуги-004,744902.2,693759.39,0,Исполнен
40001841571,Услуги Работа с гибкими трубами (ГНКТ) для АнгараНефть (процедура 40001841571),2025-04-11,56,9900000238,61,ЗК-Услуги-007,570909.42,692080.46,0,Исполнен
40001841571,Услуги Работа с гибкими трубами (ГНКТ) — АнгараНефть (№40001841571),2025-04-11,56,9900000052,61,ЗК-Услуги-007,570909.42,692080.46,0,Исполнен
40008043806,"Услуги Финансы и консалтинг, филиал РН-ОХРАНА-АНГАРСК (процедура 40008043806)",2023-01-05,7,9900000196,80,ЗК-Услуги-003,771262.31,691487.9,0,В работе
40006219462,Услуги Непроизводственные объекты для АО КНП (процедура 40006219462),2024-03-09,33,9900000259,78,ЗК-Услуги-005,787649.33,685501.55,0,В работе
40002417113,Услуги Авторский и технадзор — РН-Лояльность (№40002417113),2025-01-15,82,9900000054,79,ЗК-Услуги-001,862001.13,683005.85,0,В работе
40005102828,"Услуги Операторские и агентские услуги, филиал АООРЕНБУРГНЕФТЬ (процедура 40005102828)",2022-10-24,2,9900000005,70,ЗК-Услуги-010,563670.13,682413.39,0,В работе
40009809575,Услуги Ж/д перевозки для ПЕНЗАНЕФТЕПРОДУКТ (процедура 40009809575),2024-06-22,83,9900000028,82,ЗК-Услуги-010,610236.82,682162.81,0,Исполнен
40009809575,Услуги Ж/д перевозки — ПЕНЗАНЕФТЕПРОДУКТ (№40009809575),2024-06-22,83,9900000055,82,ЗК-Услуги-010,610236.82,682162.81,0,Исполнен
40009809575,"Услуги Ж/д перевозки, филиал ПЕНЗАНЕФТЕПРОДУКТ (процедура 40009809575)",2024-06-22,83,9900000059,82,ЗК-Услуги-001,610236.82,682162.81,0,Исполнен
40000792428,Услуги Корпоративная безопасность для АО Отрадненский ГПЗ (процедура 40000792428),2025-12-04,55,7708084402,60,ЗК-Услуги-005,648852.01,682035.1,0,Исполнен
40000792428,Услуги Корпоративная безопасность — АО Отрадненский ГПЗ (№40000792428),2025-12-04,55,9900000080,60,ЗК-Услуги-010,648852.01,682035.1,0,Исполнен
40005297108,"Услуги EPC/EPCM контракты, филиал АнгараНефть (процедура 40005297108)",2022-08-27,56,9900000050,74,ЗК-Услуги-009,736030.26,680863.38,0,В работе
40008697581,Услуги Прочие непроизводственные услуги для СНКНГ Славнефть-Красноярскнефтегаз (процедура 40008697581),2024-09-18,21,7705838531,102,ЗК-Услуги-001,847983.44,680841.76,0,Исполнен
40008697581,Услуги Прочие непроизводственные услуги — СНКНГ Славнефть-Красноярскнефтегаз (№40008697581),2024-09-18,21,9900000014,102,ЗК-Услуги-001,847983.44,680841.76,0,Исполнен
40003417400,"Услуги Геофизические исследования (ГИС), филиал ООО НЗМП (процедура 40003417400)",2024-11-29,50,9900000055,59,ЗК-Услуги-004,586154.77,680467.81,0,Исполнен
40000771650,Услуги Химизация добычи для АнгараНефть (процедура 40000771650),2024-07-10,56,9900000252,66,ЗК-Услуги-004,875044.18,671629.37,0,В работе
40008443549,Услуги Обслуживание энергохозяйства — Саратовнефтепродукт (№40008443549),2024-06-22,67,9900000098,68,ЗК-Услуги-002,583907.11,671109.41,0,В работе
40004582502,"Услуги Экология и охрана труда, филиал ООО РН-Черноземье (процедура 40004582502)",2025-04-22,6,9900000133,95,ЗК-Услуги-009,621481.68,670277.81,0,Исполнен
40009174197,Услуги Ремонт и освоение скважин для АО РОСПАН ИНТЕРНЕШНЛ (процедура 40009174197),2025-06-29,41,9900000059,62,ЗК-Услуги-009,557909.11,667997.21,0,В работе
40001145737,Услуги Страхование — АО РН-Ярославль (№40001145737),2024-07-24,43,9900000119,81,ЗК-Услуги-002,870695.28,667699.9,0,Исполнен
40007483300,"Услуги Прочие непроизводственные услуги, филиал ООО РН-Черноземье (процедура 40007483300)",2025-07-30,6,9900000112,102,ЗК-Услуги-009,713479.36,667480.45,0,В работе
40002901408,Услуги Работа с гибкими трубами (ГНКТ) для ООО РН-Черноземье (процедура 40002901408),2022-03-11,6,9900000055,61,ЗК-Услуги-006,707397.21,662848.81,0,В работе
40000792320,Услуги Корпоративная безопасность — Самаранефтепродукт АО (№40000792320),2023-12-11,19,9900000140,60,ЗК-Услуги-008,541300.69,662437.7,0,Исполнен
40000792320,"Услуги Корпоративная безопасность, филиал Самаранефтепродукт АО (процедура 40000792320)",2023-12-11,19,9900000189,60,ЗК-Услуги-010,541300.69,662437.7,0,Исполнен
40002888436,Услуги Энергоснабжение для УВАТНЕФТЕГАЗ (процедура 40002888436),2024-06-25,22,9900000035,101,ЗК-Услуги-004,721169.58,660484.45,0,Исполнен
40002888436,Услуги Энергоснабжение — УВАТНЕФТЕГАЗ (№40002888436),2024-06-25,22,9900000003,101,ЗК-Услуги-002,721169.58,660484.45,0,Исполнен
40007876272,"Услуги Проектно-изыскательские работы (ПИР), филиал ВНИКТИНХО (процедура 40007876272)",2024-09-18,46,9900000182,73,ЗК-Услуги-002,604029.89,659976.32,0,Исполнен
40000813829,Услуги Социально-бытовые услуги для ООО РН-СтройКонтроль (процедура 40000813829),2022-01-01,48,9900000147,84,ЗК-Услуги-009,539636.74,655773.76,0,Исполнен
40008873447,Услуги Охрана и режим — РН-АЭРО (№40008873447),2024-05-28,40,9900000056,87,ЗК-Услуги-001,646313.14,653980.78,0,Исполнен
40008873447,"Услуги Охрана и режим, филиал РН-АЭРО (процедура 40008873447)",2024-05-28,40,9900000071,87,ЗК-Услуги-007,646313.14,653980.78,0,Исполнен
40002519811,Услуги HR и обучение персонала для АО РН-Ярославль (процедура 40002519811),2025-01-11,43,9900000005,94,ЗК-Услуги-003,549243.28,651736.39,0,В работе
40002877154,Услуги Капитальное строительство — АО КНП (№40002877154),2023-05-02,33,9900000147,0,ЗК-Услуги-003,604464.87,650492.51,0,Исполнен
40000805873,"Услуги Страхование, филиал ООО РН-Черноземье (процедура 40000805873)",2025-03-21,6,9900000252,81,ЗК-Услуги-002,786393.11,650388.24,0,Исполнен
40006591434,Услуги Разведочное бурение для Саратовнефтепродукт (процедура 40006591434),2025-01-27,67,9900000004,96,ЗК-Услуги-010,539471.65,650040.19,0,Исполнен
40001178130,Услуги Строительство и содержание дорог — РН-Морской_терминал_Находка (№40001178130),2024-07-19,72,9900000052,64,ЗК-Услуги-006,734577.55,649549.18,0,Исполнен
40001386036,"Услуги Промбезопасность и контроль, филиал Башнефть-ПЕТРОТЕСТ (процедура 40001386036)",2022-02-27,57,9900000266,69,ЗК-Услуги-010,539614.65,646109.3,0,Исполнен
40007988378,Услуги Геофизические исследования (ГИС) для АО РНПК (процедура 40007988378),2022-07-15,36,9900000054,59,ЗК-Услуги-002,748762.03,643892.83,0,В работе
40000572915,Услуги Прочие геологические услуги — АО Отрадненский ГПЗ (№40000572915),2025-03-28,55,9900000067,99,ЗК-Услуги-010,699848.04,641246.18,0,Исполнен
40001809141,"Услуги Финансы и консалтинг, филиал ЗАО ИННЦ (процедура 40001809141)",2023-08-10,27,9900000203,80,ЗК-Услуги-004,817075.78,637926.77,0,Исполнен
40001477875,Услуги Сейсморазведка для ООО РН Комсомольский - НПЗ (процедура 40001477875),2022-09-13,28,9900000067,58,ЗК-Услуги-010,836256.32,637241.74,0,Исполнен
40000965779,Услуги Прочие непроизводственные услуги — ООО Харампурнефтегаз (№40000965779),2022-10-03,70,7705838531,102,ЗК-Услуги-009,819852.58,637138.95,0,В работе
40005139171,"Услуги Страхование, филиал ООО РН_БУНКЕР (процедура 40005139171)",2022-11-09,61,9900000091,81,ЗК-Услуги-009,759638.07,636033.16,0,Исполнен
40009057105,Услуги Авторский и технадзор для РН-Краснодарнефтегаз (процедура 40009057105),2022-02-27,14,9900000224,79,ЗК-Услуги-006,800365.89,635908.14,0,Исполнен
40000521299,Услуги Охрана и режим — ООО РН-Карт (№40000521299),2022-03-31,5,9900000079,87,ЗК-Услуги-004,820264.19,635513.75,0,Исполнен
40000521299,"Услуги Охрана и режим, филиал ООО РН-Карт (процедура 40000521299)",2022-03-31,5,9900000007,87,ЗК-Услуги-007,820264.19,635513.75,0,Исполнен
40000033203,Услуги Энергоснабжение для РН-Морской_терминал_Находка (процедура 40000033203),2022-10-02,72,9900000059,101,ЗК-Услуги-001,780145.19,633300.78,0,Исполнен
40004161443,Услуги Социально-бытовые услуги — АО РН-Ярославль (№40004161443),2023-06-16,43,7705838531,84,ЗК-Услуги-004,819739.26,631258.66,0,Исполнен
40001992729,"Услуги Экология и охрана труда, филиал АО РН-Няганьнефтегаз (процедура 40001992729)",2024-07-30,35,9900000051,95,ЗК-Услуги-005,781966.07,631241.41,0,Исполнен
40001992729,Услуги Экология и охрана труда для АО РН-Няганьнефтегаз (процедура 40001992729),2024-07-30,35,9900000053,95,ЗК-Услуги-008,781966.07,631241.41,0,Исполнен
40001992729,Услуги Экология и охрана труда — АО РН-Няганьнефтегаз (№40001992729),2024-07-30,35,9900000168,95,ЗК-Услуги-002,781966.07,631241.41,0,Исполнен
40004012627,"Услуги Социально-бытовые услуги, филиал 6. ПАО АНК Башнефть (процедура 40004012627)",2022-10-12,17,7708639661,84,ЗК-Услуги-005,593908.49,629950.06,0,Исполнен
40005064631,Услуги Страхование для ООО РН-Морской терминал Архангельск (процедура 40005064631),2023-11-09,77,9900000054,81,ЗК-Услуги-006,680693.36,629102.37,0,Исполнен
40000949798,Услуги Проектно-изыскательские работы (ПИР) — ООО РН_БУНКЕР (№40000949798),2025-04-05,61,9900000062,73,ЗК-Услуги-005,547239.66,624915.87,0,Исполнен
40000949798,"Услуги Проектно-изыскательские работы (ПИР), филиал ООО РН_БУНКЕР (процедура 40000949798)",2025-04-05,61,9900000175,73,ЗК-Услуги-009,547239.66,624915.87,0,Исполнен
40005668053,Услуги Геофизические исследования (ГИС) для ООО НЗМП (процедура 40005668053),2025-06-21,50,7708084402,59,ЗК-Услуги-010,476680.54,624108.32,0,Исполнен
40004511395,Услуги Сопровождение бурения — ООО ИК СИБИНТЕК (№40004511395),2025-11-25,80,9900000056,57,ЗК-Услуги-001,761668.05,623770.67,0,Исполнен
40000994330,"Услуги Химизация добычи, филиал ООО Удмуртнефть-Снабжение (процедура 40000994330)",2025-06-21,53,7708084402,66,ЗК-Услуги-003,663055.49,622755.41,0,Исполнен
40000994330,Услуги Химизация добычи для ООО Удмуртнефть-Снабжение (процедура 40000994330),2025-06-21,53,9900000238,66,ЗК-Услуги-002,663055.49,622755.41,0,Исполнен
40009436083,Услуги Проектно-изыскательские работы (ПИР) — АО РОСПАН ИНТЕРНЕШНЛ (№40009436083),2023-01-25,41,7708084402,73,ЗК-Услуги-003,810462.57,621231.62,0,Исполнен
40004931904,"Услуги Корпоративная безопасность, филиал Туапсинский НПЗ (процедура 40004931904)",2022-07-08,29,7708639661,60,ЗК-Услуги-010,822311.4,620923.56,0,Исполнен
40004931904,Услуги Корпоративная безопасность для Туапсинский НПЗ (процедура 40004931904),2022-07-08,29,9900000075,60,ЗК-Услуги-009,822311.4,620923.56,0,Исполнен
40008844884,Услуги АХО и административные услуги — ООО СКН (№40008844884),2023-07-03,87,9900000051,85,ЗК-Услуги-009,780975.66,620822.74,0,Исполнен
40009765136,"Услуги Прочие геологические услуги, филиал ПАО НК Роснефть-Курганнефтепродукт (процедура 40009765136)",2024-03-16,58,9900000078,99,ЗК-Услуги-010,714411.2,620131.59,0,Исполнен
40003386101,Услуги Поставка углеводородов для ООО РН-Черноземье (процедура 40003386101),2025-06-14,6,9900000064,90,ЗК-Услуги-002,529333.3,620009.15,0,Исполнен
40003702346,Услуги Химизация добычи — АнгараНефть (№40003702346),2025-12-29,56,9900000182,66,ЗК-Услуги-003,520859.52,618463.24,0,В работе
40002488866,"Услуги Поставка углеводородов, филиал ПАО НК Роснефть-Курганнефтепродукт (процедура 40002488866)",2022-04-06,58,7736280166,90,ЗК-Услуги-004,471042.89,618140.57,0,Исполнен
40006003935,Услуги Прочие геологические услуги для ООО НЗМП (процедура 40006003935),2025-07-29,50,9900000105,99,ЗК-Услуги-009,598501.79,615209.23,0,Расторгнут
40000440657,Услуги Сопровождение бурения — СНКНГ Славнефть-Красноярскнефтегаз (№40000440657),2023-12-06,21,9900000189,57,ЗК-Услуги-003,668575.65,614992.03,0,Исполнен
40002787120,"Услуги Эксплуатационное бурение, филиал ООО РН-СтройКонтроль (процедура 40002787120)",2022-08-29,48,9900000051,55,ЗК-Услуги-007,521136.71,614501.7,0,Исполнен
40009773925,Услуги Экология и охрана труда для АО РН-Тверь (процедура 40009773925),2023-10-12,59,9900000238,95,ЗК-Услуги-003,798833.2,609292.64,0,Исполнен
40009906035,Услуги Прочие геологические услуги — Нефтепромлизинг (№40009906035),2023-11-26,75,9900000126,99,ЗК-Услуги-007,481437.54,608855.18,0,Исполнен
40008181844,"Услуги EPC/EPCM контракты, филиал ООО РН-Черноземье (процедура 40008181844)",2025-06-21,6,9900000161,74,ЗК-Услуги-007,725938.5,607975.97,0,Исполнен
40008181844,Услуги EPC/EPCM контракты для ООО РН-Черноземье (процедура 40008181844),2025-06-21,6,9900000003,74,ЗК-Услуги-009,725938.5,607975.97,0,Исполнен
40007362986,Услуги Обслуживание энергохозяйства — РН-ОХРАНА-АНГАРСК (№40007362986),2023-12-11,7,9900000063,68,ЗК-Услуги-002,530639.61,606183.65,0,В работе
40005124079,"Услуги Маркетинг и мероприятия, филиал АЗКиОС (процедура 40005124079)",2025-08-11,78,9900000133,92,ЗК-Услуги-006,542099.42,605535.06,0,Исполнен
40002463051,Услуги Авиаперевозки и работы для Банк ВБРР (процедура 40002463051),2023-07-14,44,9900000140,83,ЗК-Услуги-009,595243.23,605286.41,0,Исполнен
40002463051,Услуги Авиаперевозки и работы — Банк ВБРР (№40002463051),2023-07-14,44,9900000049,83,ЗК-Услуги-002,595243.23,605286.41,0,Исполнен
40002324808,"Услуги Инвестпроекты и НИОКР, филиал АРТ АВИА (процедура 40002324808)",2025-07-22,23,9900000266,89,ЗК-Услуги-002,761534.63,604410.93,0,Исполнен
40002324808,Услуги Инвестпроекты и НИОКР для АРТ АВИА (процедура 40002324808),2025-07-22,23,9900000061,89,ЗК-Услуги-005,761534.63,604410.93,0,Исполнен
40004227597,Услуги Социально-бытовые услуги — СНКНГ Славнефть-Красноярскнефтегаз (№40004227597),2025-06-30,21,9900000154,84,ЗК-Услуги-010,737715.26,603845.06,0,Исполнен
40007816376,"Услуги Прочие нефтепромысловые услуги, филиал ООО РН-Черноземье (процедура 40007816376)",2025-11-09,6,7708084402,71,ЗК-Услуги-010,694294.19,600607.52,0,Исполнен
40005382543,Услуги Автотранспортные услуги для АО Отрадненский ГПЗ (процедура 40005382543),2022-04-10,55,9900000196,63,ЗК-Услуги-010,708142.52,600583.22,0,Исполнен
40007138796,Услуги Инвестпроекты и НИОКР — АнгараНефть (№40007138796),2024-07-21,56,9900000056,89,ЗК-Услуги-008,715253.08,599061.75,0,В работе
40007138796,"Услуги Инвестпроекты и НИОКР, филиал АнгараНефть (процедура 40007138796)",2024-07-21,56,9900000210,89,ЗК-Услуги-009,715253.08,599061.75,0,В работе
40007138796,Услуги Инвестпроекты и НИОКР для АнгараНефть (процедура 40007138796),2024-07-21,56,9900000273,89,ЗК-Услуги-002,715253.08,599061.75,0,В работе
40007722788,Услуги Операционные услуги добычи — ВНИКТИНХО (№40007722788),2024-10-05,46,9900000259,65,ЗК-Услуги-005,474451.82,589859.7,0,Исполнен
40008833041,"Услуги Ремонт и освоение скважин, филиал УДМУРТНЕФТЬ-БУРЕНИЕ (процедура 40008833041)",2025-11-03,24,9900000273,62,ЗК-Услуги-007,570011.1,589468.7,0,В работе
40000937127,Услуги ИТ-услуги и поддержка для АО РОСПАН ИНТЕРНЕШНЛ (процедура 40000937127),2022-04-21,41,9900000210,86,ЗК-Услуги-006,470560.62,589424.8,0,Исполнен
40008861217,Услуги Геофизические исследования (ГИС) — Самотлорнефтегаз (№40008861217),2025-02-16,20,7708084402,59,ЗК-Услуги-006,561264.73,588373.52,0,В работе
40007849357,"Услуги Поставка углеводородов, филиал ВНИКТИНХО (процедура 40007849357)",2025-12-13,46,9900000147,90,ЗК-Услуги-007,724127.81,586854.92,0,Исполнен
40007849357,Услуги Поставка углеводородов для ВНИКТИНХО (процедура 40007849357),2025-12-13,46,9900000147,90,ЗК-Услуги-003,724127.81,586854.92,0,Исполнен
40004085272,Услуги Строительно-монтажные работы (СМР) — УНХ (№40004085272),2022-05-08,9,9900000091,72,ЗК-Услуги-003,760963.16,582236.53,0,Исполнен
40009656499,"Услуги Авторский и технадзор, филиал АО РН-Няганьнефтегаз (процедура 40009656499)",2025-10-18,35,9900000080,79,ЗК-Услуги-010,723014.08,581751.64,0,Исполнен
40001586423,Услуги Прочие нефтепромысловые услуги для ООО РН-СтройКонтроль (процедура 40001586423),2025-05-08,48,9900000069,71,ЗК-Услуги-009,461791.65,581536.0,0,Исполнен
40001586423,Услуги Прочие нефтепромысловые услуги — ООО РН-СтройКонтроль (№40001586423),2025-05-08,48,9900000021,71,ЗК-Услуги-008,461791.65,581536.0,0,Исполнен
40006765541,"Услуги Ж/д перевозки, филиал ООО Удмуртэнергонефть (процедура 40006765541)",2023-01-17,25,9900000189,82,ЗК-Услуги-005,750986.96,580495.78,0,В работе
40003328387,Услуги Разведочное бурение для ИркутскНП (процедура 40003328387),2025-11-14,30,9900000063,96,ЗК-Услуги-006,505000.43,578607.25,0,Расторгнут
40000358055,Услуги Сейсморазведка — СНКНГ Славнефть-Красноярскнефтегаз (№40000358055),2024-12-20,21,9900000054,58,ЗК-Услуги-010,487479.87,577507.04,0,Исполнен
40000358055,"Услуги Сейсморазведка, филиал СНКНГ Славнефть-Красноярскнефтегаз (процедура 40000358055)",2024-12-20,21,9900000075,58,ЗК-Услуги-001,487479.87,577507.04,0,Исполнен
40008001181,Услуги ИТ-услуги и поддержка для Филиал ПАО АНК Башнефть Башнефть-Новойл (процедура 40008001181),2022-08-12,10,7708639661,86,ЗК-Услуги-010,552100.94,577229.92,0,Исполнен
40003592984,Услуги Ж/д перевозки — РН-АЭРО (№40003592984),2024-12-30,40,9900000060,82,ЗК-Услуги-001,678080.03,577053.02,0,Исполнен
40005741602,"Услуги EPC/EPCM контракты, филиал УНХ (процедура 40005741602)",2025-02-08,9,1655142978,74,ЗК-Услуги-004,493171.57,576096.37,0,Исполнен
40005135053,Услуги ИТ-услуги и поддержка для АООРЕНБУРГНЕФТЬ (процедура 40005135053),2024-10-09,2,9900000074,86,ЗК-Услуги-002,608461.28,574980.07,0,В работе
40005135053,Услуги ИТ-услуги и поддержка — АООРЕНБУРГНЕФТЬ (№40005135053),2024-10-09,2,9900000245,86,ЗК-Услуги-007,608461.28,574980.07,0,В работе
40002701564,"Услуги Сопровождение бурения, филиал СНКНГ Славнефть-Красноярскнефтегаз (процедура 40002701564)",2024-08-17,21,9900000076,57,ЗК-Услуги-002,495483.92,573783.32,0,Исполнен
40002701564,Услуги Сопровождение бурения для СНКНГ Славнефть-Красноярскнефтегаз (процедура 40002701564),2024-08-17,21,9900000105,57,ЗК-Услуги-010,495483.92,573783.32,0,Исполнен
40004608618,Услуги Экология и охрана труда — АО РНПК (№40004608618),2024-06-15,36,9900000070,95,ЗК-Услуги-002,766016.12,573445.8,0,Исполнен
40005201020,"Услуги Непроизводственные объекты, филиал АО РН-Ярославль (процедура 40005201020)",2022-08-06,43,9900000063,78,ЗК-Услуги-005,588601.9,573213.69,0,Исполнен
40005201020,Услуги Непроизводственные объекты для АО РН-Ярославль (процедура 40005201020),2022-08-06,43,9900000147,78,ЗК-Услуги-004,588601.9,573213.69,0,Исполнен
40006546013,Услуги Страхование — ООО ИК СИБИНТЕК (№40006546013),2025-02-23,80,9900000231,81,ЗК-Услуги-008,524961.42,573159.84,0,Исполнен
40006546013,"Услуги Страхование, филиал ООО ИК СИБИНТЕК (процедура 40006546013)",2025-02-23,80,9900000168,81,ЗК-Услуги-004,524961.42,573159.84,0,Исполнен
40003712368,Услуги Финансы и консалтинг для АО Отрадненский ГПЗ (процедура 40003712368),2022-01-04,55,9900000079,80,ЗК-Услуги-006,521958.97,569325.68,0,Исполнен
40003712368,Услуги Финансы и консалтинг — АО Отрадненский ГПЗ (№40003712368),2022-01-04,55,9900000021,80,ЗК-Услуги-005,521958.97,569325.68,0,Исполнен
40004959702,"Услуги Сопровождение бурения, филиал ИркутскНП (процедура 40004959702)",2023-11-10,30,9900000126,57,ЗК-Услуги-002,509471.51,562175.68,0,Исполнен
40004959702,Услуги Сопровождение бурения для ИркутскНП (процедура 40004959702),2023-11-10,30,9900000210,57,ЗК-Услуги-008,509471.51,562175.68,0,Исполнен
40003202439,Услуги Автотранспортные услуги — АО РН-Няганьнефтегаз (№40003202439),2023-07-25,35,9900000000,63,ЗК-Услуги-002,728803.6,561167.55,0,В работе
40006135895,"Услуги Непроизводственные объекты, филиал АО РНПК (процедура 40006135895)",2025-02-21,36,9900000084,78,ЗК-Услуги-009,477807.28,561022.46,0,Исполнен
40006135895,Услуги Непроизводственные объекты для АО РНПК (процедура 40006135895),2025-02-21,36,9900000001,78,ЗК-Услуги-009,477807.28,561022.46,0,Исполнен
40005963413,Услуги Обслуживание энергохозяйства — ООО РН-Черноземье (№40005963413),2023-10-21,6,9900000140,68,ЗК-Услуги-003,688626.57,558544.18,0,Исполнен
40002055102,"Услуги Зарезка боковых стволов (ЗБС), филиал АО РН-Няганьнефтегаз (процедура 40002055102)",2025-01-30,35,9900000168,56,ЗК-Услуги-004,459622.07,556738.87,0,Исполнен
40002037981,Услуги Геофизические исследования (ГИС) для РН-Бурение (процедура 40002037981),2022-11-23,85,9900000065,59,ЗК-Услуги-008,598841.27,556014.6,0,В работе
40002442563,Услуги Операционные услуги добычи — ЗАО ИННЦ (№40002442563),2024-04-17,27,9900000042,65,ЗК-Услуги-009,508746.1,555377.23,0,В работе
40002442563,"Услуги Операционные услуги добычи, филиал ЗАО ИННЦ (процедура 40002442563)",2024-04-17,27,6633028244,65,ЗК-Услуги-003,508746.1,555377.23,0,В работе
40001295422,Услуги Автотранспортные услуги для ООО СКН (процедура 40001295422),2023-09-07,87,9900000053,63,ЗК-Услуги-005,721171.82,551356.38,0,Исполнен
40002690642,Услуги Поставка углеводородов — РН-Бурение (№40002690642),2022-08-14,85,9900000245,90,ЗК-Услуги-008,554072.75,548960.17,0,В работе
40000748436,"Услуги Автотранспортные услуги, филиал 6. ПАО АНК Башнефть (процедура 40000748436)",2022-02-13,17,9900000055,63,ЗК-Услуги-003,427588.47,546500.99,0,Исполнен
40006376899,Услуги Аренда и покупка имущества для Смоленск-НП (процедура 40006376899),2024-03-21,8,9900000063,93,ЗК-Услуги-007,525342.92,546064.32,0,Исполнен
40007570857,Услуги Корпоративная безопасность — ТНП (№40007570857),2022-05-05,13,8913008910,60,ЗК-Услуги-008,554645.86,545066.49,0,Исполнен
40007285695,"Услуги Прочие нефтепромысловые услуги, филиал РН-АЭРО (процедура 40007285695)",2023-07-22,40,7705838531,71,ЗК-Услуги-010,683889.54,544938.33,0,Исполнен
40003825270,Услуги Геофизические исследования (ГИС) для АО РН-Ярославль (процедура 40003825270),2023-05-09,43,9900000238,59,ЗК-Услуги-003,680049.3,544913.05,0,В работе
40004774615,Услуги Ремонт и освоение скважин — ООО РН-Черноземье (№40004774615),2025-09-21,6,9900000203,62,ЗК-Услуги-002,451300.31,541043.06,0,В работе
40009096957,"Услуги EPC/EPCM контракты, филиал РН-ОХРАНА-АНГАРСК (процедура 40009096957)",2022-07-14,7,9900000196,74,ЗК-Услуги-010,478956.08,537946.51,0,Исполнен
40009096957,Услуги EPC/EPCM контракты для РН-ОХРАНА-АНГАРСК (процедура 40009096957),2022-07-14,7,9900000060,74,ЗК-Услуги-007,478956.08,537946.51,0,Исполнен
40001324705,Услуги Экология и охрана труда — АО РОСПАН ИНТЕРНЕШНЛ (№40001324705),2023-01-28,41,9900000168,95,ЗК-Услуги-009,462851.17,537469.6,0,В работе
40005925501,"Услуги Строительно-монтажные работы (СМР), филиал Уфимский филиал АО РН-ПН (процедура 40005925501)",2025-06-15,26,9900000061,72,ЗК-Услуги-001,496901.67,537214.67,0,Исполнен
40008161443,Услуги Зарезка боковых стволов (ЗБС) для ИркутскНП (процедура 40008161443),2022-01-28,30,9900000014,56,ЗК-Услуги-003,496884.22,534935.38,0,Исполнен
40000968014,Услуги Прочие геологические услуги — ПАО СаратовскийНПЗ (№40000968014),2024-02-14,18,9900000072,99,ЗК-Услуги-005,543684.96,533754.05,0,В работе
40001770092,"Услуги Проектно-изыскательские работы (ПИР), филиал ГРОЗНЕФТЕГАЗ (процедура 40001770092)",2022-06-02,81,9900000072,73,ЗК-Услуги-003,490115.78,533698.59,0,Исполнен
40001770092,Услуги Проектно-изыскательские работы (ПИР) для ГРОЗНЕФТЕГАЗ (процедура 40001770092),2022-06-02,81,9900000091,73,ЗК-Услуги-001,490115.78,533698.59,0,Исполнен
40001770092,Услуги Проектно-изыскательские работы (ПИР) — ГРОЗНЕФТЕГАЗ (№40001770092),2022-06-02,81,9900000069,73,ЗК-Услуги-007,490115.78,533698.59,0,Исполнен
40002644792,"Услуги Работа с гибкими трубами (ГНКТ), филиал ООО РН_БУНКЕР (процедура 40002644792)",2024-03-12,61,9900000245,61,ЗК-Услуги-007,468900.71,526039.99,0,Исполнен
40008163148,Услуги Поставка углеводородов для Саратовнефтепродукт (процедура 40008163148),2024-01-21,67,1655142978,90,ЗК-Услуги-010,513281.18,524480.82,0,В работе
40008564094,Услуги Экология и охрана труда — ООО Харампурнефтегаз (№40008564094),2022-01-08,70,9900000231,95,ЗК-Услуги-008,570916.46,517667.75,0,Исполнен
40008564094,"Услуги Экология и охрана труда, филиал ООО Харампурнефтегаз (процедура 40008564094)",2022-01-08,70,9900000112,95,ЗК-Услуги-005,570916.46,517667.75,0,Исполнен
40002635910,Услуги Сейсморазведка для ООО РН-Пожарная безопасность (процедура 40002635910),2024-07-21,47,9900000059,58,ЗК-Услуги-010,443044.18,517417.77,0,Исполнен
40003561848,Услуги Сейсморазведка — АО РН-Ярославль (№40003561848),2024-06-26,43,9900000057,58,ЗК-Услуги-005,608450.15,516939.23,0,В работе
40005751928,"Услуги Охрана и режим, филиал СНКНГ Славнефть-Красноярскнефтегаз (процедура 40005751928)",2025-04-15,21,9900000049,87,ЗК-Услуги-005,406352.65,510888.95,0,Исполнен
40005751928,Услуги Охрана и режим для СНКНГ Славнефть-Красноярскнефтегаз (процедура 40005751928),2025-04-15,21,9900000035,87,ЗК-Услуги-001,406352.65,510888.95,0,Исполнен
40005751928,Услуги Охрана и режим — СНКНГ Славнефть-Красноярскнефтегаз (№40005751928),2025-04-15,21,9900000210,87,ЗК-Услуги-010,406352.65,510888.95,0,Исполнен
40000579589,"Услуги Охрана и режим, филиал АО РН-Тверь (процедура 40000579589)",2024-02-04,59,9900000133,87,ЗК-Услуги-005,637524.26,508799.02,0,Исполнен
40002991532,Услуги Охрана и режим для АО РН-Няганьнефтегаз (процедура 40002991532),2023-03-25,35,9900000052,87,ЗК-Услуги-006,649361.84,507212.61,0,Исполнен
40006803419,Услуги Операторские и агентские услуги — АО РН-Ярославль (№40006803419),2022-02-16,43,9900000050,70,ЗК-Услуги-001,471169.09,506214.39,0,Исполнен
40000719336,"Услуги Авторский и технадзор, филиал ООО РН-Пожарная безопасность (процедура 40000719336)",2022-06-02,47,9900000000,79,ЗК-Услуги-007,633461.41,505984.56,0,Исполнен
40000719336,Услуги Авторский и технадзор для ООО РН-Пожарная безопасность (процедура 40000719336),2022-06-02,47,9900000060,79,ЗК-Услуги-001,633461.41,505984.56,0,Исполнен
40000719336,Услуги Авторский и технадзор — ООО РН-Пожарная безопасность (№40000719336),2022-06-02,47,9900000252,79,ЗК-Услуги-002,633461.41,505984.56,0,Исполнен
40005644185,"Услуги Авторский и технадзор, филиал СНКНГ Славнефть-Красноярскнефтегаз (процедура 40005644185)",2025-06-30,21,9900000091,79,ЗК-Услуги-002,469216.39,503504.53,0,Исполнен
40005644185,Услуги Авторский и технадзор для СНКНГ Славнефть-Красноярскнефтегаз (процедура 40005644185),2025-06-30,21,9900000161,79,ЗК-Услуги-005,469216.39,503504.53,0,Исполнен
40008431530,Услуги Ж/д перевозки — ООО ИК СИБИНТЕК (№40008431530),2022-10-26,80,9900000073,82,ЗК-Услуги-010,500847.29,503388.38,0,В работе
40008431530,"Услуги Ж/д перевозки, филиал ООО ИК СИБИНТЕК (процедура 40008431530)",2022-10-26,80,9900000073,82,ЗК-Услуги-007,500847.29,503388.38,0,В работе
40008431530,Услуги Ж/д перевозки для ООО ИК СИБИНТЕК (процедура 40008431530),2022-10-26,80,9900000231,82,ЗК-Услуги-001,500847.29,503388.38,0,В работе
40001737358,Услуги Финансы и консалтинг — Саратовнефтепродукт (№40001737358),2022-06-11,67,9900000054,80,ЗК-Услуги-010,640871.48,502584.9,0,Исполнен
40009260321,"Услуги Охрана и режим, филиал ИркутскНП (процедура 40009260321)",2023-04-16,30,9900000061,87,ЗК-Услуги-001,461343.02,501414.04,0,Исполнен
40009260321,Услуги Охрана и режим для ИркутскНП (процедура 40009260321),2023-04-16,30,9900000079,87,ЗК-Услуги-001,461343.02,501414.04,0,Исполнен
40004038636,Услуги Авторский и технадзор — АО Отрадненский ГПЗ (№40004038636),2024-08-13,55,9900000210,79,ЗК-Услуги-006,443419.51,499598.57,0,Исполнен
40006550335,"Услуги АХО и административные услуги, филиал ООО РН-ПУРНЕФТЕГАЗ (процедура 40006550335)",2022-09-03,34,9900000042,85,ЗК-Услуги-002,440722.42,498771.88,0,Исполнен
40003006599,Услуги Промбезопасность и контроль для ООО СКН (процедура 40003006599),2023-08-07,87,9900000075,69,ЗК-Услуги-001,481110.94,498269.66,0,Исполнен
40002933545,Услуги Охрана и режим — СНКНГ Славнефть-Красноярскнефтегаз (№40002933545),2025-08-20,21,9900000140,87,ЗК-Услуги-006,395673.61,497813.84,0,Исполнен
40006875611,"Услуги Проектно-изыскательские работы (ПИР), филиал РН-АЭРО (процедура 40006875611)",2023-05-16,40,8913008910,73,ЗК-Услуги-002,386847.2,497613.69,0,Исполнен
40003081363,Услуги ТО и ремонт оборудования для ООО ИК СИБИНТЕК (процедура 40003081363),2023-02-04,80,9900000007,67,ЗК-Услуги-006,533280.51,496353.97,0,Исполнен
40004526139,Услуги Ж/д перевозки — РН-Бурение (№40004526139),2022-11-07,85,9900000140,82,ЗК-Услуги-010,603370.9,496230.23,0,Исполнен
40002640136,"Услуги ИТ-услуги и поддержка, филиал ПАО СаратовскийНПЗ (процедура 40002640136)",2025-11-05,18,9900000004,86,ЗК-Услуги-008,527960.93,494244.95,0,Исполнен
40001345807,Услуги Геофизические исследования (ГИС) для АнгараНефть (процедура 40001345807),2022-03-04,56,9900000182,59,ЗК-Услуги-002,443450.88,492446.06,0,Исполнен
40005633814,Услуги Маркетинг и мероприятия — ООО РН-ГИР (№40005633814),2023-03-04,39,1655142978,92,ЗК-Услуги-009,489219.79,491486.42,0,Исполнен
40007150493,"Услуги АХО и административные услуги, филиал ООО РН-Черноземье (процедура 40007150493)",2022-04-08,6,9900000021,85,ЗК-Услуги-008,631091.08,488585.17,0,Исполнен
40003350625,Услуги Экология и охрана труда для РН-Морской_терминал_Находка (процедура 40003350625),2023-11-05,72,9900000203,95,ЗК-Услуги-010,484556.51,484520.09,0,В работе
40007708240,Услуги Авиаперевозки и работы — ООО НЗМП (№40007708240),2024-06-01,50,9900000002,83,ЗК-Услуги-001,452680.12,484280.35,0,Исполнен
40000404611,"Услуги ТО и ремонт оборудования, филиал ПАО НК Роснефть-Курганнефтепродукт (процедура 40000404611)",2023-12-30,58,9900000070,67,ЗК-Услуги-007,511387.88,483812.73,0,Исполнен
40008952853,Услуги Прочие непроизводственные услуги для Нефтепромлизинг (процедура 40008952853),2022-09-07,75,9900000071,102,ЗК-Услуги-010,544011.76,483447.05,0,Исполнен
40008952853,Услуги Прочие непроизводственные услуги — Нефтепромлизинг (№40008952853),2022-09-07,75,7736280166,102,ЗК-Услуги-006,544011.76,483447.05,0,Исполнен
40009551541,"Услуги Сейсморазведка, филиал РН-Бурение (процедура 40009551541)",2024-06-20,85,7736280166,58,ЗК-Услуги-006,531438.47,479806.09,0,Исполнен
40009551541,Услуги Сейсморазведка для РН-Бурение (процедура 40009551541),2024-06-20,85,9900000266,58,ЗК-Услуги-006,531438.47,479806.09,0,Исполнен
40003060453,Услуги Авторский и технадзор — ООО РН Комсомольский - НПЗ (№40003060453),2025-08-12,28,7708084402,79,ЗК-Услуги-006,422991.12,478887.24,0,Исполнен
40009827503,"Услуги Проектно-изыскательские работы (ПИР), филиал АО РН-Ярославль (процедура 40009827503)",2022-04-03,43,9900000052,73,ЗК-Услуги-010,532862.97,476271.28,0,Исполнен
40001426993,Услуги Обслуживание энергохозяйства для АО КНПЗ (процедура 40001426993),2024-12-04,54,9900000071,68,ЗК-Услуги-007,633621.23,475606.08,0,Исполнен
40001426993,Услуги Обслуживание энергохозяйства — АО КНПЗ (№40001426993),2024-12-04,54,9900000252,68,ЗК-Услуги-003,633621.23,475606.08,0,Исполнен
40000344922,"Услуги Капитальное строительство, филиал УНХ (процедура 40000344922)",2023-05-31,9,7736280166,0,ЗК-Услуги-006,509228.99,473594.93,0,Исполнен
40000344922,Услуги Капитальное строительство для УНХ (процедура 40000344922),2023-05-31,9,9900000049,0,ЗК-Услуги-003,509228.99,473594.93,0,Исполнен
40001641656,Услуги ТО и ремонт оборудования — АО РН-Ярославль (№40001641656),2022-11-14,43,9900000002,67,ЗК-Услуги-007,464722.8,472743.44,0,Исполнен
40000356229,"Услуги Прочие непроизводственные услуги, филиал ООО РН-Черноземье (процедура 40000356229)",2023-07-12,6,9900000071,102,ЗК-Услуги-007,503504.07,472493.67,0,Исполнен
40006268205,Услуги Авторский и технадзор для ООО РН_БУНКЕР (процедура 40006268205),2022-06-27,61,9900000000,79,ЗК-Услуги-008,589005.83,471568.31,0,В работе
40002440732,Услуги Сопровождение бурения — ООО Харампурнефтегаз (№40002440732),2022-11-03,70,9900000062,57,ЗК-Услуги-002,416713.48,468997.89,0,Исполнен
40000228345,"Услуги Ремонт и освоение скважин, филиал ООО Башнефть-Добыча (процедура 40000228345)",2023-04-11,49,9900000003,62,ЗК-Услуги-009,593489.39,468538.64,0,Исполнен
40004494711,Услуги Прочие нефтепромысловые услуги для Туапсинский НПЗ (процедура 40004494711),2025-06-15,29,9900000002,71,ЗК-Услуги-005,514303.18,466990.83,0,Исполнен
40008351706,Услуги Строительно-монтажные работы (СМР) — ООО НЗМП (№40008351706),2022-09-23,50,9900000075,72,ЗК-Услуги-009,443145.1,465483.34,0,В работе
40005795755,"Услуги Землеустроительные работы, филиал АО Тюменнефтегаз (процедура 40005795755)",2022-05-29,73,9900000042,77,ЗК-Услуги-010,474737.08,465391.28,0,Исполнен
40005795755,Услуги Землеустроительные работы для АО Тюменнефтегаз (процедура 40005795755),2022-05-29,73,9900000075,77,ЗК-Услуги-005,474737.08,465391.28,0,Исполнен
40001132739,Услуги Авиаперевозки и работы — ООО СКН (№40001132739),2023-11-15,87,9900000224,83,ЗК-Услуги-007,620524.76,464962.4,0,Исполнен
40001132739,"Услуги Авиаперевозки и работы, филиал ООО СКН (процедура 40001132739)",2023-11-15,87,9900000091,83,ЗК-Услуги-009,620524.76,464962.4,0,Исполнен
40003082461,Услуги Работа с гибкими трубами (ГНКТ) для ВНИКТИНХО (процедура 40003082461),2023-03-08,46,9900000105,61,ЗК-Услуги-004,444164.23,464941.88,0,Исполнен
40003082461,Услуги Работа с гибкими трубами (ГНКТ) — ВНИКТИНХО (№40003082461),2023-03-08,46,9900000245,61,ЗК-Услуги-002,444164.23,464941.88,0,Исполнен
40007790119,"Услуги Эксплуатационное бурение, филиал АО РН-Ярославль (процедура 40007790119)",2023-12-14,43,7708639661,55,ЗК-Услуги-009,548232.76,462976.65,0,Исполнен
40001750968,Услуги Энергоснабжение для АООРЕНБУРГНЕФТЬ (процедура 40001750968),2024-03-30,2,9900000007,101,ЗК-Услуги-002,436248.64,461896.7,0,Исполнен
40001750968,Услуги Энергоснабжение — АООРЕНБУРГНЕФТЬ (№40001750968),2024-03-30,2,9900000005,101,ЗК-Услуги-003,436248.64,461896.7,0,Исполнен
40003348933,"Услуги Страхование, филиал ВНИКТИНХО (процедура 40003348933)",2024-03-05,46,9900000076,81,ЗК-Услуги-010,596320.6,457752.47,0,В работе
40006870421,Услуги Аренда и покупка имущества для Уфимский филиал АО РН-ПН (процедура 40006870421),2023-03-06,26,9900000058,93,ЗК-Услуги-002,535527.07,456957.18,0,Исполнен
40006870421,Услуги Аренда и покупка имущества — Уфимский филиал АО РН-ПН (№40006870421),2023-03-06,26,9900000051,93,ЗК-Услуги-003,535527.07,456957.18,0,Исполнен
40006870421,"Услуги Аренда и покупка имущества, филиал Уфимский филиал АО РН-ПН (процедура 40006870421)",2023-03-06,26,9900000021,93,ЗК-Услуги-006,535527.07,456957.18,0,Исполнен
40000075348,Услуги Работа с гибкими трубами (ГНКТ) для Уфимский филиал АО РН-ПН (процедура 40000075348),2023-12-28,26,9900000062,61,ЗК-Услуги-003,371032.6,455231.48,0,Исполнен
40000075348,Услуги Работа с гибкими трубами (ГНКТ) — Уфимский филиал АО РН-ПН (№40000075348),2023-12-28,26,9900000119,61,ЗК-Услуги-010,371032.6,455231.48,0,Исполнен
40005478378,"Услуги Строительство и содержание дорог, филиал РН-Эксплорейшн (процедура 40005478378)",2023-07-11,86,9900000003,64,ЗК-Услуги-008,560635.99,453409.46,0,Исполнен
40005478378,Услуги Строительство и содержание дорог для РН-Эксплорейшн (процедура 40005478378),2023-07-11,86,9900000224,64,ЗК-Услуги-006,560635.99,453409.46,0,Исполнен
40005478378,Услуги Строительство и содержание дорог — РН-Эксплорейшн (№40005478378),2023-07-11,86,9900000189,64,ЗК-Услуги-007,560635.99,453409.46,0,Исполнен
40007634740,"Услуги Авторский и технадзор, филиал АО РН-Ярославль (процедура 40007634740)",2022-01-23,43,9900000098,79,ЗК-Услуги-001,492803.82,452901.29,0,Исполнен
40002230450,Услуги Обслуживание энергохозяйства для УДМУРТНЕФТЬ-БУРЕНИЕ (процедура 40002230450),2023-09-11,24,9900000238,68,ЗК-Услуги-003,530752.04,451643.82,0,В работе
40003914730,Услуги Проектно-изыскательские работы (ПИР) — УНХ (№40003914730),2023-01-15,9,1655142978,73,ЗК-Услуги-003,406426.35,447800.69,0,Исполнен
40004414378,"Услуги Охрана и режим, филиал Уфимский филиал АО РН-ПН (процедура 40004414378)",2022-08-09,26,9900000073,87,ЗК-Услуги-002,379977.35,447217.01,0,В работе
40009980469,Услуги Ж/д перевозки для ИркутскНП (процедура 40009980469),2023-10-28,30,9900000238,82,ЗК-Услуги-007,332800.13,443720.15,0,Исполнен
40009980469,Услуги Ж/д перевозки — ИркутскНП (№40009980469),2023-10-28,30,9900000112,82,ЗК-Услуги-009,332800.13,443720.15,0,Исполнен
40009980469,"Услуги Ж/д перевозки, филиал ИркутскНП (процедура 40009980469)",2023-10-28,30,9900000063,82,ЗК-Услуги-004,332800.13,443720.15,0,Исполнен
40009980469,Услуги Ж/д перевозки для ИркутскНП (процедура 40009980469),2023-10-28,30,9900000065,82,ЗК-Услуги-005,332800.13,443720.15,0,Исполнен
40007691785,Услуги Промбезопасность и контроль — ООО РН-ГИР (№40007691785),2024-01-27,39,9900000028,69,ЗК-Услуги-003,462183.37,441160.12,0,Исполнен
40006656950,"Услуги Промбезопасность и контроль, филиал ООО РН-Пожарная безопасность (процедура 40006656950)",2022-09-15,47,9900000238,69,ЗК-Услуги-009,508428.9,438063.36,0,Исполнен
40000162133,Услуги Прочие нефтепромысловые услуги для РН-АЭРО (процедура 40000162133),2024-04-06,40,9900000003,71,ЗК-Услуги-004,399150.33,437987.78,0,В работе
40006692720,Услуги Автотранспортные услуги — АО Отрадненский ГПЗ (№40006692720),2022-10-30,55,9900000133,63,ЗК-Услуги-005,532686.09,437455.58,0,Исполнен
40002165781,"Услуги Строительство и содержание дорог, филиал УДМУРТНЕФТЬ-БУРЕНИЕ (процедура 40002165781)",2024-08-13,24,9900000063,64,ЗК-Услуги-001,563599.08,437350.88,0,Исполнен
40008131252,Услуги Сопровождение бурения для ООО РН_БУНКЕР (процедура 40008131252),2024-08-16,61,9900000061,57,ЗК-Услуги-002,384468.84,437170.71,0,Исполнен
40000175333,Услуги Экология и охрана труда — УДМУРТНЕФТЬ-БУРЕНИЕ (№40000175333),2023-12-03,24,9900000062,95,ЗК-Услуги-009,382418.4,436535.71,0,Исполнен
40006890118,"Услуги Капитальное строительство, филиал ООО РН-Морской терминал Архангельск (процедура 40006890118)",2025-05-18,77,9900000066,0,ЗК-Услуги-002,545463.45,435589.87,0,Исполнен
40006890118,Услуги Капитальное строительство для ООО РН-Морской терминал Архангельск (процедура 40006890118),2025-05-18,77,9900000059,0,ЗК-Услуги-005,545463.45,435589.87,0,Исполнен
40003053480,Услуги Непроизводственные объекты — Самотлорнефтегаз (№40003053480),2025-08-13,20,9900000052,78,ЗК-Услуги-008,493754.4,435543.21,0,Исполнен
40007224070,"Услуги Разведочное бурение, филиал РН-Бурение (процедура 40007224070)",2023-01-27,85,9900000058,96,ЗК-Услуги-003,393785.52,432482.87,0,Исполнен
40002361630,Услуги Геофизические исследования (ГИС) для АО РН-Ярославль (процедура 40002361630),2024-03-22,43,9900000126,59,ЗК-Услуги-006,496708.95,431910.95,0,Исполнен
40002361630,Услуги Геофизические исследования (ГИС) — АО РН-Ярославль (№40002361630),2024-03-22,43,9900000161,59,ЗК-Услуги-004,496708.95,431910.95,0,Исполнен
40002361630,"Услуги Геофизические исследования (ГИС), филиал АО РН-Ярославль (процедура 40002361630)",2024-03-22,43,9900000000,59,ЗК-Услуги-007,496708.95,431910.95,0,Исполнен
40000650044,Услуги HR и обучение персонала для Башнефть-ПЕТРОТЕСТ (процедура 40000650044),2023-08-05,57,9900000072,94,ЗК-Услуги-010,497010.42,431730.14,0,Исполнен
40003356169,Услуги Проектно-изыскательские работы (ПИР) — ООО Башнефть-Добыча (№40003356169),2022-06-12,49,9900000259,73,ЗК-Услуги-003,544036.28,429358.75,0,В работе
40006882723,"Услуги Проектно-изыскательские работы (ПИР), филиал АнгараНефть (процедура 40006882723)",2024-09-12,56,9900000071,73,ЗК-Услуги-006,371941.93,428924.54,0,В работе
40006882723,Услуги Проектно-изыскательские работы (ПИР) для АнгараНефть (процедура 40006882723),2024-09-12,56,9900000119,73,ЗК-Услуги-010,371941.93,428924.54,0,В работе
40001638589,Услуги Строительно-монтажные работы (СМР) — АО Отрадненский ГПЗ (№40001638589),2022-05-07,55,7736280166,72,ЗК-Услуги-009,361218.25,428834.66,0,Исполнен
40005506844,"Услуги Землеустроительные работы, филиал РН-Морской_терминал_Находка (процедура 40005506844)",2025-10-26,72,1655142978,77,ЗК-Услуги-010,340478.68,428675.28,0,Исполнен
40005506844,Услуги Землеустроительные работы для РН-Морской_терминал_Находка (процедура 40005506844),2025-10-26,72,9900000005,77,ЗК-Услуги-001,340478.68,428675.28,0,Исполнен
40009732594,Услуги Прочие непроизводственные услуги — ООО РН-ПУРНЕФТЕГАЗ (№40009732594),2024-02-07,34,9900000105,102,ЗК-Услуги-003,402198.84,428557.02,0,Исполнен
40007273198,"Услуги Ремонт и освоение скважин, филиал Уфимский филиал АО РН-ПН (процедура 40007273198)",2022-05-04,26,9900000273,62,ЗК-Услуги-002,401088.45,428313.86,0,Исполнен
40005191577,Услуги Работа с гибкими трубами (ГНКТ) для ООО РН-Черноземье (процедура 40005191577),2022-08-12,6,9900000252,61,ЗК-Услуги-008,421760.61,423268.48,0,Исполнен
40005191577,Услуги Работа с гибкими трубами (ГНКТ) — ООО РН-Черноземье (№40005191577),2022-08-12,6,9900000028,61,ЗК-Услуги-007,421760.61,423268.48,0,Исполнен
40009759582,"Услуги Ж/д перевозки, филиал АО РН-Ярославль (процедура 40009759582)",2022-05-20,43,9900000073,82,ЗК-Услуги-002,549859.24,423071.31,0,Исполнен
40000280095,Услуги Охрана и режим для СНКНГ Славнефть-Красноярскнефтегаз (процедура 40000280095),2022-05-08,21,9900000112,87,ЗК-Услуги-006,519277.14,422195.62,0,Исполнен
40001073248,Услуги Геофизические исследования (ГИС) — ПАО СаратовскийНПЗ (№40001073248),2022-03-19,18,9900000077,59,ЗК-Услуги-003,558649.34,422102.15,0,Исполнен
40001073248,"Услуги Геофизические исследования (ГИС), филиал ПАО СаратовскийНПЗ (процедура 40001073248)",2022-03-19,18,9900000069,59,ЗК-Услуги-008,558649.34,422102.15,0,Исполнен
40000171824,Услуги HR и обучение персонала для Башнефть-ПЕТРОТЕСТ (процедура 40000171824),2025-10-15,57,9900000079,94,ЗК-Услуги-010,513668.87,418667.5,0,Исполнен
40006323974,Услуги Химизация добычи — ООО РН-Черноземье (№40006323974),2023-06-22,6,9900000252,66,ЗК-Услуги-003,547730.0,417972.03,0,Исполнен
40006323974,"Услуги Химизация добычи, филиал ООО РН-Черноземье (процедура 40006323974)",2023-06-22,6,9900000266,66,ЗК-Услуги-010,547730.0,417972.03,0,Исполнен
40006323974,Услуги Химизация добычи для ООО РН-Черноземье (процедура 40006323974),2023-06-22,6,9900000066,66,ЗК-Услуги-009,547730.0,417972.03,0,Исполнен
40009754854,Услуги Корпоративная безопасность — РН-Морской_терминал_Находка (№40009754854),2024-03-29,72,9900000001,60,ЗК-Услуги-001,533396.29,417424.74,0,В работе
40009754854,"Услуги Корпоративная безопасность, филиал РН-Морской_терминал_Находка (процедура 40009754854)",2024-03-29,72,9900000002,60,ЗК-Услуги-005,533396.29,417424.74,0,В работе
40009754854,Услуги Корпоративная безопасность для РН-Морской_терминал_Находка (процедура 40009754854),2024-03-29,72,9900000057,60,ЗК-Услуги-003,533396.29,417424.74,0,В работе
40009754854,Услуги Корпоративная безопасность — РН-Морской_терминал_Находка (№40009754854),2024-03-29,72,9900000080,60,ЗК-Услуги-006,533396.29,417424.74,0,В работе
40001164721,"Услуги Разведочное бурение, филиал АРТ АВИА (процедура 40001164721)",2023-11-08,23,9900000070,96,ЗК-Услуги-010,437104.85,413823.23,0,Исполнен
40009059751,Услуги Охрана и режим для Уфимский филиал АО РН-ПН (процедура 40009059751),2024-08-13,26,9900000182,87,ЗК-Услуги-002,468852.16,413312.31,0,Исполнен
40006958171,Услуги Капитальное строительство — АО РН-Няганьнефтегаз (№40006958171),2024-06-19,35,9900000054,0,ЗК-Услуги-009,527499.87,413200.85,0,Исполнен
40008529070,"Услуги Разведочное бурение, филиал ООО РН-Пожарная безопасность (процедура 40008529070)",2024-06-28,47,9900000119,96,ЗК-Услуги-006,458877.15,411965.82,0,Исполнен
40009279159,Услуги Прочие нефтепромысловые услуги для АО РН-Няганьнефтегаз (процедура 40009279159),2022-09-17,35,9900000035,71,ЗК-Услуги-007,421473.03,411049.14,0,Исполнен
40004094872,Услуги Строительно-монтажные работы (СМР) — РН-ОХРАНА-АНГАРСК (№40004094872),2025-04-01,7,9900000252,72,ЗК-Услуги-005,429964.03,410317.75,0,Исполнен
40007371830,"Услуги Промбезопасность и контроль, филиал АО КНП (процедура 40007371830)",2022-10-05,33,9900000245,69,ЗК-Услуги-009,343439.87,409564.39,0,Исполнен
40000928389,Услуги Авторский и технадзор для ПАО НК Роснефть-Курганнефтепродукт (процедура 40000928389),2025-11-27,58,9900000068,79,ЗК-Услуги-001,517598.4,407673.64,0,Исполнен
40003217267,Услуги HR и обучение персонала — УОС / Уфаоргсинтез (№40003217267),2023-08-06,84,9900000052,94,ЗК-Услуги-005,358134.97,407560.3,0,Исполнен
40003217267,"Услуги HR и обучение персонала, филиал УОС / Уфаоргсинтез (процедура 40003217267)",2023-08-06,84,9900000238,94,ЗК-Услуги-010,358134.97,407560.3,0,Исполнен
40003217267,Услуги HR и обучение персонала для УОС / Уфаоргсинтез (процедура 40003217267),2023-08-06,84,9900000098,94,ЗК-Услуги-006,358134.97,407560.3,0,Исполнен
40008033971,Услуги Авиаперевозки и работы — ООО РН_БУНКЕР (№40008033971),2024-07-23,61,9900000058,83,ЗК-Услуги-007,476677.44,405306.06,0,Исполнен
40008033971,"Услуги Авиаперевозки и работы, филиал ООО РН_БУНКЕР (процедура 40008033971)",2024-07-23,61,9900000070,83,ЗК-Услуги-004,476677.44,405306.06,0,Исполнен
40009956868,Услуги Страхование для УДМУРТНЕФТЬ-БУРЕНИЕ (процедура 40009956868),2022-10-07,24,9900000001,81,ЗК-Услуги-001,320683.54,404959.15,0,Исполнен
40009956868,Услуги Страхование — УДМУРТНЕФТЬ-БУРЕНИЕ (№40009956868),2022-10-07,24,9900000057,81,ЗК-Услуги-008,320683.54,404959.15,0,Исполнен
40009956868,"Услуги Страхование, филиал УДМУРТНЕФТЬ-БУРЕНИЕ (процедура 40009956868)",2022-10-07,24,9900000062,81,ЗК-Услуги-010,320683.54,404959.15,0,Исполнен
40000158918,Услуги Эксплуатационное бурение для АО Орелнефтепродукт (процедура 40000158918),2022-06-15,11,9900000061,55,ЗК-Услуги-004,411171.25,404570.58,0,В работе
40004333646,Услуги АХО и административные услуги — Саратовнефтепродукт (№40004333646),2022-12-29,67,9900000168,85,ЗК-Услуги-003,499061.62,403490.48,0,Исполнен
40004333646,"Услуги АХО и административные услуги, филиал Саратовнефтепродукт (процедура 40004333646)",2022-12-29,67,9900000070,85,ЗК-Услуги-007,499061.62,403490.48,0,Исполнен
40002699887,Услуги Разведочное бурение для АО РН-Ярославль (процедура 40002699887),2023-10-05,43,9900000133,96,ЗК-Услуги-002,486670.69,402845.29,0,Исполнен
40007669303,Услуги Ж/д перевозки — АЗКиОС (№40007669303),2025-06-23,78,9900000053,82,ЗК-Услуги-008,346732.96,402163.08,0,Исполнен
40007860530,"Услуги HR и обучение персонала, филиал Уфимский филиал АО РН-ПН (процедура 40007860530)",2022-03-10,26,9900000050,94,ЗК-Услуги-006,373663.0,402146.71,0,Исполнен
40007860530,Услуги HR и обучение персонала для Уфимский филиал АО РН-ПН (процедура 40007860530),2022-03-10,26,9900000196,94,ЗК-Услуги-007,373663.0,402146.71,0,Исполнен
40007860530,Услуги HR и обучение персонала — Уфимский филиал АО РН-ПН (№40007860530),2022-03-10,26,9900000119,94,ЗК-Услуги-005,373663.0,402146.71,0,Исполнен
40007558768,"Услуги Прочие нефтепромысловые услуги, филиал Уфимский филиал АО РН-ПН (процедура 40007558768)",2023-05-29,26,9900000217,71,ЗК-Услуги-009,413862.38,401597.88,0,Исполнен
40000807193,Услуги Автотранспортные услуги для ООО РН-Черноземье (процедура 40000807193),2023-12-06,6,9900000005,63,ЗК-Услуги-005,438668.79,400388.58,0,Исполнен
40002498908,Услуги ТО и ремонт оборудования — Банк ВБРР (№40002498908),2022-03-05,44,9900000203,67,ЗК-Услуги-005,491241.13,399903.52,0,В работе
40002707687,"Услуги АХО и административные услуги, филиал АО Отрадненский ГПЗ (процедура 40002707687)",2025-04-05,55,9900000002,85,ЗК-Услуги-003,338472.28,399417.99,0,Исполнен
40002707687,Услуги АХО и административные услуги для АО Отрадненский ГПЗ (процедура 40002707687),2025-04-05,55,9900000055,85,ЗК-Услуги-001,338472.28,399417.99,0,Исполнен
40005853106,Услуги Эксплуатационное бурение — АО РН-Няганьнефтегаз (№40005853106),2023-05-18,35,9900000091,55,ЗК-Услуги-002,426512.27,399082.59,0,В работе
40005853106,"Услуги Эксплуатационное бурение, филиал АО РН-Няганьнефтегаз (процедура 40005853106)",2023-05-18,35,9900000049,55,ЗК-Услуги-008,426512.27,399082.59,0,В работе
40005089828,Услуги Геофизические исследования (ГИС) для ООО РН Комсомольский - НПЗ (процедура 40005089828),2025-01-31,28,9900000133,59,ЗК-Услуги-001,464582.52,396771.47,0,Исполнен
40005346779,Услуги HR и обучение персонала — АнгараНефть (№40005346779),2022-09-22,56,9900000182,94,ЗК-Услуги-007,443468.91,396599.63,0,Исполнен
40002638060,"Услуги Социально-бытовые услуги, филиал ВНИКТИНХО (процедура 40002638060)",2022-07-09,46,9900000062,84,ЗК-Услуги-005,483333.61,393217.68,0,Исполнен
40002638060,Услуги Социально-бытовые услуги для ВНИКТИНХО (процедура 40002638060),2022-07-09,46,9900000252,84,ЗК-Услуги-003,483333.61,393217.68,0,Исполнен
40001182061,Услуги HR и обучение персонала — АО КНПЗ (№40001182061),2022-11-15,54,9900000259,94,ЗК-Услуги-007,325281.54,391932.66,0,Исполнен
40001182061,"Услуги HR и обучение персонала, филиал АО КНПЗ (процедура 40001182061)",2022-11-15,54,9900000076,94,ЗК-Услуги-009,325281.54,391932.66,0,Исполнен
40001182061,Услуги HR и обучение персонала для АО КНПЗ (процедура 40001182061),2022-11-15,54,9900000057,94,ЗК-Услуги-002,325281.54,391932.66,0,Исполнен
40001335989,Услуги Автотранспортные услуги — ПАО НК Роснефть-Курганнефтепродукт (№40001335989),2025-02-04,58,9900000119,63,ЗК-Услуги-008,328644.55,391866.42,0,Исполнен
40007673555,"Услуги Финансы и консалтинг, филиал РН-Краснодарнефтегаз (процедура 40007673555)",2022-12-02,14,9900000112,80,ЗК-Услуги-009,333599.95,391301.55,0,Исполнен
40001640196,Услуги Сопровождение бурения для Филиал ПАО АНК Башнефть Башнефть-Новойл (процедура 40001640196),2024-04-09,10,9900000068,57,ЗК-Услуги-003,407327.4,391125.54,0,В работе
40001640196,Услуги Сопровождение бурения — Филиал ПАО АНК Башнефть Башнефть-Новойл (№40001640196),2024-04-09,10,1655142978,57,ЗК-Услуги-002,407327.4,391125.54,0,В работе
40001640196,"Услуги Сопровождение бурения, филиал Филиал ПАО АНК Башнефть Башнефть-Новойл (процедура 40001640196)",2024-04-09,10,9900000098,57,ЗК-Услуги-007,407327.4,391125.54,0,В работе
40001640196,Услуги Сопровождение бурения для Филиал ПАО АНК Башнефть Башнефть-Новойл (процедура 40001640196),2024-04-09,10,9900000067,57,ЗК-Услуги-005,407327.4,391125.54,0,В работе
40001640196,Услуги Сопровождение бурения — Филиал ПАО АНК Башнефть Башнефть-Новойл (№40001640196),2024-04-09,10,9900000238,57,ЗК-Услуги-005,407327.4,391125.54,0,В работе
40005618113,"Услуги EPC/EPCM контракты, филиал ООО РН-СтройКонтроль (процедура 40005618113)",2022-07-12,48,9900000098,74,ЗК-Услуги-010,414818.21,390099.77,0,Исполнен
40000865016,Услуги Социально-бытовые услуги для АО Отрадненский ГПЗ (процедура 40000865016),2023-02-06,55,9900000147,84,ЗК-Услуги-005,352254.57,385933.97,0,В работе
40000865016,Услуги Социально-бытовые услуги — АО Отрадненский ГПЗ (№40000865016),2023-02-06,55,9900000002,84,ЗК-Услуги-004,352254.57,385933.97,0,В работе
40008328125,"Услуги Авиаперевозки и работы, филиал РН-ОХРАНА-АНГАРСК (процедура 40008328125)",2023-10-29,7,9900000063,83,ЗК-Услуги-005,377471.46,385019.04,0,Исполнен
40003166947,Услуги Эксплуатационное бурение для УНХ (процедура 40003166947),2024-07-10,9,9900000004,55,ЗК-Услуги-004,415753.29,384188.71,0,Исполнен
40000742295,Услуги Финансы и консалтинг — Уфимский филиал АО РН-ПН (№40000742295),2023-02-12,26,9900000084,80,ЗК-Услуги-006,387019.18,383540.71,0,В работе
40004523808,"Услуги Энергоснабжение, филиал ООО НЗМП (процедура 40004523808)",2022-06-08,50,9900000059,101,ЗК-Услуги-004,505594.97,382661.06,0,Исполнен
40004523808,Услуги Энергоснабжение для ООО НЗМП (процедура 40004523808),2022-06-08,50,9900000098,101,ЗК-Услуги-002,505594.97,382661.06,0,Исполнен
40004992471,Услуги ТО и ремонт оборудования — АООРЕНБУРГНЕФТЬ (№40004992471),2023-11-04,2,9900000252,67,ЗК-Услуги-009,304699.37,382063.08,0,Исполнен
40004992471,"Услуги ТО и ремонт оборудования, филиал АООРЕНБУРГНЕФТЬ (процедура 40004992471)",2023-11-04,2,9900000245,67,ЗК-Услуги-002,304699.37,382063.08,0,Исполнен
40000399202,Услуги Прочие геологические услуги для РН-АЭРО (процедура 40000399202),2024-01-03,40,9900000266,99,ЗК-Услуги-009,500189.65,379539.98,0,Исполнен
40003210264,Услуги Эксплуатационное бурение — Саратовнефтепродукт (№40003210264),2023-10-12,67,9900000217,55,ЗК-Услуги-010,372122.32,377861.66,0,В работе
40004297498,"Услуги Инвестпроекты и НИОКР, филиал АО КНПЗ (процедура 40004297498)",2024-09-27,54,9900000052,89,ЗК-Услуги-006,507302.84,377450.84,0,Исполнен
40004297498,Услуги Инвестпроекты и НИОКР для АО КНПЗ (процедура 40004297498),2024-09-27,54,9900000231,89,ЗК-Услуги-009,507302.84,377450.84,0,Исполнен
40001770823,Услуги Геофизические исследования (ГИС) — УДМУРТНЕФТЬ-БУРЕНИЕ (№40001770823),2024-11-26,24,7705838531,59,ЗК-Услуги-009,357455.82,375200.48,0,Исполнен
40002465372,"Услуги Сейсморазведка, филиал Самотлорнефтегаз (процедура 40002465372)",2025-08-09,20,9900000051,58,ЗК-Услуги-003,301055.31,373257.3,0,В работе
40005194895,Услуги Социально-бытовые услуги для СНКНГ Славнефть-Красноярскнефтегаз (процедура 40005194895),2023-04-27,21,9900000273,84,ЗК-Услуги-001,444185.66,372329.7,0,Исполнен
40005194895,Услуги Социально-бытовые услуги — СНКНГ Славнефть-Красноярскнефтегаз (№40005194895),2023-04-27,21,1655142978,84,ЗК-Услуги-001,444185.66,372329.7,0,Исполнен
40003617018,"Услуги Инвестпроекты и НИОКР, филиал ООО РН_БУНКЕР (процедура 40003617018)",2023-04-23,61,9900000000,89,ЗК-Услуги-003,494096.42,372030.31,0,Исполнен
40003617018,Услуги Инвестпроекты и НИОКР для ООО РН_БУНКЕР (процедура 40003617018),2023-04-23,61,9900000059,89,ЗК-Услуги-005,494096.42,372030.31,0,Исполнен
40004006455,Услуги Химизация добычи — АО Отрадненский ГПЗ (№40004006455),2024-05-24,55,9900000154,66,ЗК-Услуги-003,471800.21,371930.5,0,Исполнен
40004969740,"Услуги Промбезопасность и контроль, филиал АО РОСПАН ИНТЕРНЕШНЛ (процедура 40004969740)",2023-04-17,41,9900000084,69,ЗК-Услуги-009,308841.01,371386.67,0,Исполнен
40004823784,Услуги Финансы и консалтинг для ООО РН-Юганскнефтегаз (процедура 40004823784),2025-12-12,52,9900000217,80,ЗК-Услуги-009,356154.47,371349.13,0,Исполнен
40006086065,Услуги Прочие непроизводственные услуги — ООО РН-Черноземье (№40006086065),2025-04-30,6,9900000252,102,ЗК-Услуги-003,364644.56,370879.84,0,В работе
40001252932,"Услуги Маркетинг и мероприятия, филиал РН-АЭРО (процедура 40001252932)",2024-05-28,40,9900000002,92,ЗК-Услуги-003,448062.69,370821.53,0,Исполнен
40006698441,Услуги Инвестпроекты и НИОКР для Морской терминал Туапсе (процедура 40006698441),2025-04-26,60,9900000050,89,ЗК-Услуги-005,324491.46,370249.49,0,Исполнен
40006698441,Услуги Инвестпроекты и НИОКР — Морской терминал Туапсе (№40006698441),2025-04-26,60,9900000077,89,ЗК-Услуги-002,324491.46,370249.49,0,Исполнен
40002057765,"Услуги Обслуживание энергохозяйства, филиал АО РН-Няганьнефтегаз (процедура 40002057765)",2025-06-27,35,9900000056,68,ЗК-Услуги-006,357900.44,367624.02,0,Исполнен
40002057765,Услуги Обслуживание энергохозяйства для АО РН-Няганьнефтегаз (процедура 40002057765),2025-06-27,35,9900000133,68,ЗК-Услуги-007,357900.44,367624.02,0,Исполнен
40002941998,Услуги HR и обучение персонала — Саратовнефтепродукт (№40002941998),2022-04-23,67,9900000224,94,ЗК-Услуги-009,411525.3,366165.81,0,Исполнен
40008850203,"Услуги Авиаперевозки и работы, филиал ООО ИК СИБИНТЕК (процедура 40008850203)",2025-07-23,80,9900000069,83,ЗК-Услуги-006,417994.49,365441.16,0,В работе
40008850203,Услуги Авиаперевозки и работы для ООО ИК СИБИНТЕК (процедура 40008850203),2025-07-23,80,9900000112,83,ЗК-Услуги-003,417994.49,365441.16,0,В работе
40008850203,Услуги Авиаперевозки и работы — ООО ИК СИБИНТЕК (№40008850203),2025-07-23,80,9900000060,83,ЗК-Услуги-005,417994.49,365441.16,0,В работе
40008850203,"Услуги Авиаперевозки и работы, филиал ООО ИК СИБИНТЕК (процедура 40008850203)",2025-07-23,80,9900000224,83,ЗК-Услуги-004,417994.49,365441.16,0,В работе
40009767754,Услуги ИТ-услуги и поддержка для РН-Морской_терминал_Находка (процедура 40009767754),2022-10-11,72,1655142978,86,ЗК-Услуги-005,438936.86,364635.97,0,Исполнен
40004672955,Услуги Землеустроительные работы — СНКНГ Славнефть-Красноярскнефтегаз (№40004672955),2025-10-19,21,9900000080,77,ЗК-Услуги-008,313788.86,363948.57,0,В работе
40007527892,"Услуги Прочие непроизводственные услуги, филиал ТНП (процедура 40007527892)",2024-04-24,13,9900000203,102,ЗК-Услуги-008,465297.35,363127.01,0,Исполнен
40007527892,Услуги Прочие непроизводственные услуги для ТНП (процедура 40007527892),2024-04-24,13,1655142978,102,ЗК-Услуги-006,465297.35,363127.01,0,Исполнен
40001556594,Услуги Энергоснабжение — 6. ПАО АНК Башнефть (№40001556594),2023-07-28,17,9900000252,101,ЗК-Услуги-001,466975.93,362056.53,0,В работе
40003008060,"Услуги Страхование, филиал ООО РН ВАНКОР (процедура 40003008060)",2025-03-16,68,9900000080,81,ЗК-Услуги-008,320520.88,361201.44,0,Исполнен
40007352804,Услуги Энергоснабжение для Саратовнефтепродукт (процедура 40007352804),2022-07-08,67,9900000035,101,ЗК-Услуги-008,277804.01,360843.33,0,Исполнен
40009325634,Услуги Сейсморазведка — ООО РН_БУНКЕР (№40009325634),2022-07-25,61,9900000069,58,ЗК-Услуги-002,357970.81,360588.87,0,Исполнен
40006877033,"Услуги АХО и административные услуги, филиал РН-АЭРО (процедура 40006877033)",2023-01-11,40,9900000217,85,ЗК-Услуги-004,399534.87,360214.48,0,Исполнен
40007902085,Услуги АХО и административные услуги для КалугаНП (процедура 40007902085),2025-06-02,76,8913008910,85,ЗК-Услуги-002,330527.91,360090.43,0,Исполнен
40007902085,Услуги АХО и административные услуги — КалугаНП (№40007902085),2025-06-02,76,9900000105,85,ЗК-Услуги-004,330527.91,360090.43,0,Исполнен
40001610258,"Услуги Землеустроительные работы, филиал 6. ПАО АНК Башнефть (процедура 40001610258)",2024-09-25,17,9900000070,77,ЗК-Услуги-010,393463.06,359741.98,0,В работе
40005972680,Услуги Промбезопасность и контроль для УДМУРТНЕФТЬ-БУРЕНИЕ (процедура 40005972680),2022-06-06,24,9900000063,69,ЗК-Услуги-007,406126.88,359651.36,0,Исполнен
40005972680,Услуги Промбезопасность и контроль — УДМУРТНЕФТЬ-БУРЕНИЕ (№40005972680),2022-06-06,24,9900000067,69,ЗК-Услуги-009,406126.88,359651.36,0,Исполнен
40003153986,"Услуги Прочие непроизводственные услуги, филиал Уфимский филиал АО РН-ПН (процедура 40003153986)",2022-01-28,26,9900000182,102,ЗК-Услуги-008,422795.55,359548.16,0,Исполнен
40000279542,Услуги Непроизводственные объекты для ООО РН-Пожарная безопасность (процедура 40000279542),2023-11-03,47,9900000065,78,ЗК-Услуги-009,405652.0,358300.78,0,В работе
40009675134,Услуги Землеустроительные работы — ВНИКТИНХО (№40009675134),2025-07-23,46,7708639661,77,ЗК-Услуги-008,450540.24,356718.47,0,Исполнен
40009504074,"Услуги Сейсморазведка, филиал РН-АЭРО (процедура 40009504074)",2025-09-20,40,9900000112,58,ЗК-Услуги-002,309152.98,356359.4,0,Исполнен
40004454220,Услуги Прочие непроизводственные услуги для СНКНГ Славнефть-Красноярскнефтегаз (процедура 40004454220),2025-04-02,21,9900000252,102,ЗК-Услуги-007,326709.03,353842.12,0,Исполнен
40004454220,Услуги Прочие непроизводственные услуги — СНКНГ Славнефть-Красноярскнефтегаз (№40004454220),2025-04-02,21,9900000050,102,ЗК-Услуги-002,326709.03,353842.12,0,Исполнен
40004165722,"Услуги HR и обучение персонала, филиал ООО РН_БУНКЕР (процедура 40004165722)",2024-08-24,61,9900000049,94,ЗК-Услуги-002,383391.03,352222.75,0,Исполнен
40004165722,Услуги HR и обучение персонала для ООО РН_БУНКЕР (процедура 40004165722),2024-08-24,61,9900000070,94,ЗК-Услуги-004,383391.03,352222.75,0,Исполнен
40005925321,Услуги Страхование — 6. ПАО АНК Башнефть (№40005925321),2022-09-22,17,9900000098,81,ЗК-Услуги-001,357509.36,349075.04,0,В работе
40005925321,"Услуги Страхование, филиал 6. ПАО АНК Башнефть (процедура 40005925321)",2022-09-22,17,9900000112,81,ЗК-Услуги-005,357509.36,349075.04,0,В работе
40002571435,Услуги Операционные услуги добычи для Филиал ПАО АНК Башнефть Башнефть-Новойл (процедура 40002571435),2022-06-30,10,9900000049,65,ЗК-Услуги-006,374611.47,347877.58,0,Исполнен
40002571435,Услуги Операционные услуги добычи — Филиал ПАО АНК Башнефть Башнефть-Новойл (№40002571435),2022-06-30,10,9900000055,65,ЗК-Услуги-009,374611.47,347877.58,0,Исполнен
40005988812,"Услуги Ж/д перевозки, филиал РН-ОХРАНА-АНГАРСК (процедура 40005988812)",2024-11-16,7,9900000078,82,ЗК-Услуги-010,290822.75,346576.37,0,В работе
40005988812,Услуги Ж/д перевозки для РН-ОХРАНА-АНГАРСК (процедура 40005988812),2024-11-16,7,7708639661,82,ЗК-Услуги-008,290822.75,346576.37,0,В работе
40005988812,Услуги Ж/д перевозки — РН-ОХРАНА-АНГАРСК (№40005988812),2024-11-16,7,9900000231,82,ЗК-Услуги-002,290822.75,346576.37,0,В работе
40006300549,"Услуги Зарезка боковых стволов (ЗБС), филиал РН-СТАВРОПОЛЬЕ (процедура 40006300549)",2022-08-01,15,9900000070,56,ЗК-Услуги-001,426294.06,345779.45,0,Исполнен
40006300549,Услуги Зарезка боковых стволов (ЗБС) для РН-СТАВРОПОЛЬЕ (процедура 40006300549),2022-08-01,15,9900000175,56,ЗК-Услуги-002,426294.06,345779.45,0,Исполнен
40002351859,Услуги Сейсморазведка — СНКНГ Славнефть-Красноярскнефтегаз (№40002351859),2024-09-04,21,9900000005,58,ЗК-Услуги-007,321994.67,345468.81,0,Исполнен
40002351859,"Услуги Сейсморазведка, филиал СНКНГ Славнефть-Красноярскнефтегаз (процедура 40002351859)",2024-09-04,21,9900000057,58,ЗК-Услуги-004,321994.67,345468.81,0,Исполнен
40004681986,Услуги Корпоративная безопасность для АнгараНефть (процедура 40004681986),2023-08-07,56,9900000063,60,ЗК-Услуги-010,437922.3,345009.29,0,В работе
40004479632,Услуги Прочие нефтепромысловые услуги — ООО РН-Пожарная безопасность (№40004479632),2025-03-27,47,9900000175,71,ЗК-Услуги-005,304712.33,343764.99,0,В работе
40008006110,"Услуги Ж/д перевозки, филиал Саратовнефтепродукт (процедура 40008006110)",2025-12-27,67,9900000252,82,ЗК-Услуги-007,340715.67,343446.21,0,Исполнен
40008006110,Услуги Ж/д перевозки для Саратовнефтепродукт (процедура 40008006110),2025-12-27,67,1655142978,82,ЗК-Услуги-003,340715.67,343446.21,0,Исполнен
40008635092,Услуги Операторские и агентские услуги — ИркутскНП (№40008635092),2023-05-17,30,9900000084,70,ЗК-Услуги-010,442472.97,342705.61,0,В работе
40004406068,"Услуги Маркетинг и мероприятия, филиал РН-АЭРО (процедура 40004406068)",2025-09-12,40,9900000074,92,ЗК-Услуги-002,266258.19,341549.91,0,Исполнен
40004406068,Услуги Маркетинг и мероприятия для РН-АЭРО (процедура 40004406068),2025-09-12,40,9900000273,92,ЗК-Услуги-007,266258.19,341549.91,0,Исполнен
40004406068,Услуги Маркетинг и мероприятия — РН-АЭРО (№40004406068),2025-09-12,40,9900000210,92,ЗК-Услуги-005,266258.19,341549.91,0,Исполнен
40000336160,"Услуги Энергоснабжение, филиал АО Отрадненский ГПЗ (процедура 40000336160)",2023-10-30,55,9900000154,101,ЗК-Услуги-001,359306.0,339623.89,0,В работе
40008079450,Услуги Финансы и консалтинг для ООО РН-СтройКонтроль (процедура 40008079450),2022-08-17,48,9900000007,80,ЗК-Услуги-001,368712.28,339619.46,0,Исполнен
40009778653,Услуги Строительно-монтажные работы (СМР) — ООО НЗМП (№40009778653),2023-03-07,50,9900000147,72,ЗК-Услуги-009,279688.61,337895.83,0,В работе
40009778653,"Услуги Строительно-монтажные работы (СМР), филиал ООО НЗМП (процедура 40009778653)",2023-03-07,50,9900000063,72,ЗК-Услуги-005,279688.61,337895.83,0,В работе
40006696742,Услуги Ремонт и освоение скважин для ООО ИК СИБИНТЕК (процедура 40006696742),2023-03-04,80,9900000062,62,ЗК-Услуги-001,313097.54,337205.34,0,Исполнен
40006696742,Услуги Ремонт и освоение скважин — ООО ИК СИБИНТЕК (№40006696742),2023-03-04,80,9900000078,62,ЗК-Услуги-007,313097.54,337205.34,0,Исполнен
40006854008,"Услуги Прочие нефтепромысловые услуги, филиал РН-АЭРО (процедура 40006854008)",2023-02-26,40,9900000042,71,ЗК-Услуги-009,400436.03,334633.08,0,Исполнен
40006854008,Услуги Прочие нефтепромысловые услуги для РН-АЭРО (процедура 40006854008),2023-02-26,40,7708084402,71,ЗК-Услуги-001,400436.03,334633.08,0,Исполнен
40007899040,Услуги HR и обучение персонала — УДМУРТНЕФТЬ-БУРЕНИЕ (№40007899040),2023-10-08,24,9900000066,94,ЗК-Услуги-010,285095.2,334405.65,0,Исполнен
40001251437,"Услуги HR и обучение персонала, филиал ООО РН-Черноземье (процедура 40001251437)",2022-01-10,6,9900000217,94,ЗК-Услуги-004,381486.26,334302.18,0,Исполнен
40009522339,Услуги Поставка углеводородов для АнгараНефть (процедура 40009522339),2022-04-10,56,9900000000,90,ЗК-Услуги-003,313406.46,333502.66,0,Исполнен
40008984539,Услуги Строительно-монтажные работы (СМР) — ПАО НК Роснефть-Курганнефтепродукт (№40008984539),2023-04-04,58,9900000000,72,ЗК-Услуги-005,432730.2,330312.23,0,Исполнен
40008335986,"Услуги Автотранспортные услуги, филиал АО РН-Тверь (процедура 40008335986)",2024-03-09,59,9900000119,63,ЗК-Услуги-007,420698.48,329778.42,0,Исполнен
40000222327,Услуги Прочие геологические услуги для ООО РН Комсомольский - НПЗ (процедура 40000222327),2022-12-13,28,7708084402,99,ЗК-Услуги-008,294460.17,328511.25,0,В работе
40003882186,Услуги Капитальное строительство — АО РН-Ярославль (№40003882186),2022-05-12,43,9900000049,0,ЗК-Услуги-002,379333.1,328381.49,0,Исполнен
40003882186,"Услуги Капитальное строительство, филиал АО РН-Ярославль (процедура 40003882186)",2022-05-12,43,9900000042,0,ЗК-Услуги-007,379333.1,328381.49,0,Исполнен
40005925377,Услуги Проектно-изыскательские работы (ПИР) для ВНИКТИНХО (процедура 40005925377),2025-07-04,46,9900000053,73,ЗК-Услуги-001,336871.73,328219.57,0,В работе
40005925377,Услуги Проектно-изыскательские работы (ПИР) — ВНИКТИНХО (№40005925377),2025-07-04,46,9900000073,73,ЗК-Услуги-007,336871.73,328219.57,0,В работе
40007046281,"Услуги Сопровождение бурения, филиал АнгараНефть (процедура 40007046281)",2022-10-27,56,5603011386,57,ЗК-Услуги-008,282527.7,327595.8,0,Исполнен
40007046281,Услуги Сопровождение бурения для АнгараНефть (процедура 40007046281),2022-10-27,56,9900000077,57,ЗК-Услуги-002,282527.7,327595.8,0,Исполнен
40007046281,Услуги Сопровождение бурения — АнгараНефть (№40007046281),2022-10-27,56,9900000004,57,ЗК-Услуги-009,282527.7,327595.8,0,Исполнен
40001681867,"Услуги Аренда и покупка имущества, филиал АО РН-Ярославль (процедура 40001681867)",2023-09-02,43,9900000063,93,ЗК-Услуги-001,330535.97,327507.73,0,В работе
40001681867,Услуги Аренда и покупка имущества для АО РН-Ярославль (процедура 40001681867),2023-09-02,43,6633028244,93,ЗК-Услуги-006,330535.97,327507.73,0,В работе
40001681867,Услуги Аренда и покупка имущества — АО РН-Ярославль (№40001681867),2023-09-02,43,9900000028,93,ЗК-Услуги-001,330535.97,327507.73,0,В работе
40009295185,"Услуги Землеустроительные работы, филиал ВЧНГ (процедура 40009295185)",2024-03-27,31,7708084402,77,ЗК-Услуги-003,315499.53,326951.07,0,Исполнен
40006504820,Услуги Ремонт и освоение скважин для СНКНГ Славнефть-Красноярскнефтегаз (процедура 40006504820),2024-04-17,21,9900000231,62,ЗК-Услуги-006,250645.98,325481.32,0,Исполнен
40004968997,Услуги HR и обучение персонала — Смоленск-НП (№40004968997),2025-05-16,8,9900000079,94,ЗК-Услуги-003,246586.54,324698.13,0,Исполнен
40000934789,"Услуги Химизация добычи, филиал АО РОСПАН ИНТЕРНЕШНЛ (процедура 40000934789)",2025-12-20,41,9900000064,66,ЗК-Услуги-008,323371.93,324304.28,0,В работе
40000540607,Услуги Промбезопасность и контроль для РН-АЭРО (процедура 40000540607),2025-03-22,40,7736280166,69,ЗК-Услуги-005,436540.22,324191.79,0,Исполнен
40000540607,Услуги Промбезопасность и контроль — РН-АЭРО (№40000540607),2025-03-22,40,9900000071,69,ЗК-Услуги-002,436540.22,324191.79,0,Исполнен
40007620049,"Услуги Инвестпроекты и НИОКР, филиал Филиал ПАО АНК Башнефть Башнефть-Новойл (процедура 40007620049)",2022-10-09,10,9900000066,89,ЗК-Услуги-004,282657.34,320491.09,0,Исполнен
40007620049,Услуги Инвестпроекты и НИОКР для Филиал ПАО АНК Башнефть Башнефть-Новойл (процедура 40007620049),2022-10-09,10,9900000000,89,ЗК-Услуги-009,282657.34,320491.09,0,Исполнен
40002020638,Услуги Финансы и консалтинг — АнгараНефть (№40002020638),2022-08-17,56,9900000014,80,ЗК-Услуги-004,300657.63,319754.27,0,Исполнен
40004560778,"Услуги Проектно-изыскательские работы (ПИР), филиал УВАТНЕФТЕГАЗ (процедура 40004560778)",2024-07-06,22,9900000231,73,ЗК-Услуги-010,279665.32,316601.77,0,В работе
40004560778,Услуги Проектно-изыскательские работы (ПИР) для УВАТНЕФТЕГАЗ (процедура 40004560778),2024-07-06,22,9900000028,73,ЗК-Услуги-010,279665.32,316601.77,0,В работе
40002027016,Услуги Финансы и консалтинг — АнгараНефть (№40002027016),2025-11-17,56,9900000189,80,ЗК-Услуги-008,383784.01,316324.5,0,Исполнен
40002027016,"Услуги Финансы и консалтинг, филиал АнгараНефть (процедура 40002027016)",2025-11-17,56,9900000028,80,ЗК-Услуги-005,383784.01,316324.5,0,Исполнен
40007878630,Услуги Автотранспортные услуги для РН-ОХРАНА-АНГАРСК (процедура 40007878630),2022-01-12,7,9900000021,63,ЗК-Услуги-010,386694.93,316279.8,0,Исполнен
40004303753,Услуги Химизация добычи — КалугаНП (№40004303753),2022-10-21,76,9900000196,66,ЗК-Услуги-001,377537.83,313917.97,0,Исполнен
40002970749,"Услуги Авторский и технадзор, филиал АЗКиОС (процедура 40002970749)",2022-11-11,78,9900000079,79,ЗК-Услуги-007,404411.67,312639.84,0,Исполнен
40002970749,Услуги Авторский и технадзор для АЗКиОС (процедура 40002970749),2022-11-11,78,9900000078,79,ЗК-Услуги-003,404411.67,312639.84,0,Исполнен
40009814113,Услуги Строительно-монтажные работы (СМР) — ООО РН-Пожарная безопасность (№40009814113),2024-08-25,47,9900000053,72,ЗК-Услуги-010,414052.19,312395.48,0,Исполнен
40004519723,"Услуги Авторский и технадзор, филиал АООРЕНБУРГНЕФТЬ (процедура 40004519723)",2022-04-23,2,9900000075,79,ЗК-Услуги-008,396177.41,311781.76,0,В работе
40002045223,Услуги Сопровождение бурения для Самотлорнефтегаз (процедура 40002045223),2024-10-12,20,6633028244,57,ЗК-Услуги-003,250076.89,310786.57,0,В работе
40002045223,Услуги Сопровождение бурения — Самотлорнефтегаз (№40002045223),2024-10-12,20,9900000058,57,ЗК-Услуги-001,250076.89,310786.57,0,В работе
40009114969,"Услуги Проектно-изыскательские работы (ПИР), филиал РН-ОХРАНА-АНГАРСК (процедура 40009114969)",2022-03-23,7,9900000062,73,ЗК-Услуги-005,256317.73,310428.23,0,Исполнен
40006568418,Услуги Аренда и покупка имущества для КалугаНП (процедура 40006568418),2023-07-10,76,9900000098,93,ЗК-Услуги-002,312185.87,309533.72,0,В работе
40006568418,Услуги Аренда и покупка имущества — КалугаНП (№40006568418),2023-07-10,76,9900000217,93,ЗК-Услуги-004,312185.87,309533.72,0,В работе
40004701128,"Услуги Экология и охрана труда, филиал АО Орелнефтепродукт (процедура 40004701128)",2025-06-11,11,9900000067,95,ЗК-Услуги-001,324395.71,308798.37,0,Исполнен
40004701128,Услуги Экология и охрана труда для АО Орелнефтепродукт (процедура 40004701128),2025-06-11,11,9900000098,95,ЗК-Услуги-009,324395.71,308798.37,0,Исполнен
40000675535,Услуги Экология и охрана труда — РН-ОХРАНА-АНГАРСК (№40000675535),2025-12-25,7,9900000140,95,ЗК-Услуги-006,243364.77,308665.76,0,Исполнен
40000619672,"Услуги Сопровождение бурения, филиал ООО РН-СтройКонтроль (процедура 40000619672)",2024-11-25,48,9900000003,57,ЗК-Услуги-008,368699.06,308348.61,0,Исполнен
40004217966,Услуги Непроизводственные объекты для Саратовнефтепродукт (процедура 40004217966),2023-11-13,67,9900000052,78,ЗК-Услуги-004,360942.98,307113.09,0,Исполнен
40004217966,Услуги Непроизводственные объекты — Саратовнефтепродукт (№40004217966),2023-11-13,67,9900000073,78,ЗК-Услуги-009,360942.98,307113.09,0,Исполнен
40000260752,"Услуги Прочие геологические услуги, филиал ООО РН-Карт (процедура 40000260752)",2023-03-21,5,9900000154,99,ЗК-Услуги-002,405448.3,304866.69,0,Исполнен
40004252144,Услуги Землеустроительные работы для ООО РН-Пожарная безопасность (процедура 40004252144),2022-01-06,47,9900000051,77,ЗК-Услуги-009,229201.05,301892.38,0,Исполнен
40008888565,Услуги Землеустроительные работы — ООО ИК СИБИНТЕК (№40008888565),2025-04-07,80,9900000077,77,ЗК-Услуги-005,237072.29,300988.09,0,Исполнен
40008888565,"Услуги Землеустроительные работы, филиал ООО ИК СИБИНТЕК (процедура 40008888565)",2025-04-07,80,9900000057,77,ЗК-Услуги-006,237072.29,300988.09,0,Исполнен
40001430208,Услуги Сопровождение бурения для ООО РН-Черноземье (процедура 40001430208),2024-03-11,6,6633028244,57,ЗК-Услуги-003,238864.08,299599.44,0,Исполнен
40002670373,Услуги Сопровождение бурения — АО РОСПАН ИНТЕРНЕШНЛ (№40002670373),2022-10-14,41,9900000112,57,ЗК-Услуги-004,290382.99,299011.35,0,В работе
40002670373,"Услуги Сопровождение бурения, филиал АО РОСПАН ИНТЕРНЕШНЛ (процедура 40002670373)",2022-10-14,41,9900000028,57,ЗК-Услуги-006,290382.99,299011.35,0,В работе
40003505550,Услуги Сейсморазведка для АООРЕНБУРГНЕФТЬ (процедура 40003505550),2023-07-31,2,9900000074,58,ЗК-Услуги-007,309326.94,298874.51,0,Исполнен
40007669933,Услуги Сейсморазведка — АРТ АВИА (№40007669933),2022-03-18,23,9900000071,58,ЗК-Услуги-001,284927.75,297097.17,0,Исполнен
40003251941,"Услуги Маркетинг и мероприятия, филиал ООО РН Комсомольский - НПЗ (процедура 40003251941)",2024-08-15,28,9900000060,92,ЗК-Услуги-007,361714.16,296685.61,0,В работе
40003251941,Услуги Маркетинг и мероприятия для ООО РН Комсомольский - НПЗ (процедура 40003251941),2024-08-15,28,9900000080,92,ЗК-Услуги-001,361714.16,296685.61,0,В работе
40000052051,Услуги Страхование — ООО РН ВАНКОР (№40000052051),2024-11-08,68,9900000067,81,ЗК-Услуги-005,225279.6,295442.52,0,Исполнен
40000052051,"Услуги Страхование, филиал ООО РН ВАНКОР (процедура 40000052051)",2024-11-08,68,9900000073,81,ЗК-Услуги-006,225279.6,295442.52,0,Исполнен
40007924383,Услуги Эксплуатационное бурение для 6. ПАО АНК Башнефть (процедура 40007924383),2022-09-30,17,9900000061,55,ЗК-Услуги-002,295775.21,294418.52,0,Исполнен
40002764953,Услуги Авиаперевозки и работы — ООО РН-Черноземье (№40002764953),2023-02-07,6,9900000062,83,ЗК-Услуги-010,392754.85,292906.78,0,Исполнен
40002764953,"Услуги Авиаперевозки и работы, филиал ООО РН-Черноземье (процедура 40002764953)",2023-02-07,6,9900000065,83,ЗК-Услуги-009,392754.85,292906.78,0,Исполнен
40007187914,Услуги Промбезопасность и контроль для ООО Харампурнефтегаз (процедура 40007187914),2025-12-05,70,9900000049,69,ЗК-Услуги-010,321995.17,292750.1,0,В работе
40007649322,Услуги ИТ-услуги и поддержка — АО РН-Ярославль (№40007649322),2025-03-25,43,9900000072,86,ЗК-Услуги-006,240544.01,292629.42,0,Исполнен
40006361144,"Услуги Ремонт и освоение скважин, филиал ООО РН-Пожарная безопасность (процедура 40006361144)",2023-01-29,47,9900000042,62,ЗК-Услуги-007,331003.87,292628.31,0,Исполнен
40006361144,Услуги Ремонт и освоение скважин для ООО РН-Пожарная безопасность (процедура 40006361144),2023-01-29,47,9900000057,62,ЗК-Услуги-010,331003.87,292628.31,0,Исполнен
40002525541,Услуги Непроизводственные объекты — ООО ННПО (№40002525541),2024-06-25,4,9900000182,78,ЗК-Услуги-008,299999.46,290912.96,0,Исполнен
40002525541,"Услуги Непроизводственные объекты, филиал ООО ННПО (процедура 40002525541)",2024-06-25,4,9900000057,78,ЗК-Услуги-010,299999.46,290912.96,0,Исполнен
40007002434,Услуги Ж/д перевозки для АО РН-Ярославль (процедура 40007002434),2024-05-07,43,9900000035,82,ЗК-Услуги-001,353559.47,290618.82,0,Исполнен
40001078676,Услуги Геофизические исследования (ГИС) — 6. ПАО АНК Башнефть (№40001078676),2024-04-17,17,9900000050,59,ЗК-Услуги-008,249134.07,289633.34,0,Расторгнут
40001235870,"Услуги Авторский и технадзор, филиал ООО НЗМП (процедура 40001235870)",2023-11-08,50,7705838531,79,ЗК-Услуги-004,359350.95,287754.61,0,Исполнен
40001235870,Услуги Авторский и технадзор для ООО НЗМП (процедура 40001235870),2023-11-08,50,9900000147,79,ЗК-Услуги-010,359350.95,287754.61,0,Исполнен
40009908712,Услуги Авиаперевозки и работы — ООО РН Комсомольский - НПЗ (№40009908712),2022-12-13,28,9900000050,83,ЗК-Услуги-008,308079.49,284810.31,0,Исполнен
40003048503,"Услуги Землеустроительные работы, филиал Туапсинский НПЗ (процедура 40003048503)",2022-09-29,29,9900000049,77,ЗК-Услуги-006,236117.12,284711.89,0,Исполнен
40009957632,Услуги Обслуживание энергохозяйства для АО ННК (процедура 40009957632),2025-02-02,1,9900000052,68,ЗК-Услуги-009,341028.85,283253.69,0,Исполнен
40000746414,Услуги Химизация добычи — ООО Башнефть-Сервис НПЗ (№40000746414),2024-09-26,32,9900000076,66,ЗК-Услуги-004,228299.73,282361.54,0,Исполнен
40002591984,"Услуги ТО и ремонт оборудования, филиал ПЕНЗАНЕФТЕПРОДУКТ (процедура 40002591984)",2024-01-06,83,9900000005,67,ЗК-Услуги-002,332551.38,281656.52,0,Исполнен
40005227198,Услуги Маркетинг и мероприятия для АО РН-Тверь (процедура 40005227198),2022-08-11,59,9900000231,92,ЗК-Услуги-002,304304.8,279982.53,0,В работе
40005227198,Услуги Маркетинг и мероприятия — АО РН-Тверь (№40005227198),2022-08-11,59,9900000056,92,ЗК-Услуги-005,304304.8,279982.53,0,В работе
40004219983,"Услуги Непроизводственные объекты, филиал ООО РН-Черноземье (процедура 40004219983)",2022-01-04,6,9900000066,78,ЗК-Услуги-010,241052.05,279619.75,0,В работе
40007917767,Услуги Проектно-изыскательские работы (ПИР) для РН-Морской_терминал_Находка (процедура 40007917767),2024-07-09,72,9900000252,73,ЗК-Услуги-009,324862.96,279447.47,0,В работе
40009313563,Услуги Ремонт и освоение скважин — АО РН-Ярославль (№40009313563),2022-05-02,43,9900000002,62,ЗК-Услуги-003,358847.84,278676.17,0,Исполнен
40009384709,"Услуги EPC/EPCM контракты, филиал ООО РН-Пожарная безопасность (процедура 40009384709)",2022-04-26,47,7705838531,74,ЗК-Услуги-008,213198.13,278632.64,0,Исполнен
40008061081,Услуги Маркетинг и мероприятия для ООО РН Комсомольский - НПЗ (процедура 40008061081),2025-07-19,28,9900000126,92,ЗК-Услуги-004,339440.37,278235.78,0,Исполнен
40005337400,Услуги Сейсморазведка — 00_РН-Москва (№40005337400),2023-04-21,65,9900000007,58,ЗК-Услуги-006,285089.74,277452.68,0,Исполнен
40005852951,"Услуги Строительство и содержание дорог, филиал ООО РН-Черноземье (процедура 40005852951)",2025-08-12,6,9900000175,64,ЗК-Услуги-010,340247.19,276368.62,0,Исполнен
40005852951,Услуги Строительство и содержание дорог для ООО РН-Черноземье (процедура 40005852951),2025-08-12,6,9900000189,64,ЗК-Услуги-006,340247.19,276368.62,0,Исполнен
40005368478,Услуги Операционные услуги добычи — ВЧНГ (№40005368478),2024-04-16,31,9900000112,65,ЗК-Услуги-003,335658.25,276361.2,0,В работе
40003085448,"Услуги Прочие нефтепромысловые услуги, филиал АО РН-Няганьнефтегаз (процедура 40003085448)",2024-11-09,35,1655142978,71,ЗК-Услуги-005,354770.35,275417.74,0,В работе
40002349520,Услуги Экология и охрана труда для ООО РН-Черноземье (процедура 40002349520),2024-05-30,6,9900000105,95,ЗК-Услуги-003,363234.05,275193.2,0,Исполнен
40002349520,Услуги Экология и охрана труда — ООО РН-Черноземье (№40002349520),2024-05-30,6,9900000063,95,ЗК-Услуги-001,363234.05,275193.2,0,Исполнен
40003721795,"Услуги Финансы и консалтинг, филиал Филиал ПАО АНК Башнефть Башнефть-Новойл (процедура 40003721795)",2022-08-11,10,1655142978,80,ЗК-Услуги-007,365859.22,275050.51,0,Расторгнут
40008996901,Услуги Прочие геологические услуги для АО РН-Ярославль (процедура 40008996901),2024-02-25,43,9900000140,99,ЗК-Услуги-004,322076.37,273593.5,0,Исполнен
40008996901,Услуги Прочие геологические услуги — АО РН-Ярославль (№40008996901),2024-02-25,43,9900000112,99,ЗК-Услуги-007,322076.37,273593.5,0,Исполнен
40006436652,"Услуги Инвестпроекты и НИОКР, филиал АО РН-Ярославль (процедура 40006436652)",2024-04-16,43,9900000057,89,ЗК-Услуги-003,259092.62,273446.52,0,Исполнен
40006436652,Услуги Инвестпроекты и НИОКР для АО РН-Ярославль (процедура 40006436652),2024-04-16,43,9900000259,89,ЗК-Услуги-005,259092.62,273446.52,0,Исполнен
40004733272,Услуги EPC/EPCM контракты — АО РНПК (№40004733272),2024-10-14,36,9900000105,74,ЗК-Услуги-005,362884.86,273117.19,0,Исполнен
40004733272,"Услуги EPC/EPCM контракты, филиал АО РНПК (процедура 40004733272)",2024-10-14,36,9900000080,74,ЗК-Услуги-002,362884.86,273117.19,0,Исполнен
40004733272,Услуги EPC/EPCM контракты для АО РНПК (процедура 40004733272),2024-10-14,36,9900000119,74,ЗК-Услуги-010,362884.86,273117.19,0,Исполнен
40004733272,Услуги EPC/EPCM контракты — АО РНПК (№40004733272),2024-10-14,36,9900000133,74,ЗК-Услуги-002,362884.86,273117.19,0,Исполнен
40005365788,"Услуги EPC/EPCM контракты, филиал АО РОСПАН ИНТЕРНЕШНЛ (процедура 40005365788)",2023-01-19,41,8913008910,74,ЗК-Услуги-004,326668.37,272756.53,0,В работе
40005365788,Услуги EPC/EPCM контракты для АО РОСПАН ИНТЕРНЕШНЛ (процедура 40005365788),2023-01-19,41,9900000080,74,ЗК-Услуги-004,326668.37,272756.53,0,В работе
40001300921,Услуги Разведочное бурение — Банк ВБРР (№40001300921),2023-04-09,44,9900000203,96,ЗК-Услуги-004,277485.21,272519.23,0,Исполнен
40001434563,"Услуги ТО и ремонт оборудования, филиал СНКНГ Славнефть-Красноярскнефтегаз (процедура 40001434563)",2023-03-22,21,9900000064,67,ЗК-Услуги-006,219846.86,272040.45,0,Исполнен
40002704441,Услуги Охрана и режим для Банк ВБРР (процедура 40002704441),2023-01-11,44,9900000003,87,ЗК-Услуги-002,237198.77,271613.9,0,Исполнен
40002704441,Услуги Охрана и режим — Банк ВБРР (№40002704441),2023-01-11,44,9900000052,87,ЗК-Услуги-006,237198.77,271613.9,0,Исполнен
40002704441,"Услуги Охрана и режим, филиал Банк ВБРР (процедура 40002704441)",2023-01-11,44,9900000273,87,ЗК-Услуги-007,237198.77,271613.9,0,Исполнен
40007826055,Услуги Сейсморазведка для РН-ОХРАНА-АНГАРСК (процедура 40007826055),2022-01-06,7,9900000084,58,ЗК-Услуги-010,240246.76,269374.8,0,Исполнен
40002077827,Услуги Землеустроительные работы — РН-ОХРАНА-АНГАРСК (№40002077827),2024-01-01,7,9900000055,77,ЗК-Услуги-003,210859.27,268959.28,0,Исполнен
40004196926,"Услуги Сопровождение бурения, филиал ООО РН-Черноземье (процедура 40004196926)",2025-04-06,6,9900000058,57,ЗК-Услуги-008,312298.88,268695.7,0,Исполнен
40005790343,Услуги Капитальное строительство для ООО Харампурнефтегаз (процедура 40005790343),2025-09-16,70,9900000061,0,ЗК-Услуги-002,263257.64,268471.87,0,Расторгнут
40000907666,Услуги Авиаперевозки и работы — ТЗК Шереметьево (№40000907666),2023-01-02,42,9900000076,83,ЗК-Услуги-008,263557.53,268184.56,0,Исполнен
40000907666,"Услуги Авиаперевозки и работы, филиал ТЗК Шереметьево (процедура 40000907666)",2023-01-02,42,9900000052,83,ЗК-Услуги-005,263557.53,268184.56,0,Исполнен
40001364396,Услуги Ремонт и освоение скважин для ООО РН-Черноземье (процедура 40001364396),2023-11-09,6,9900000077,62,ЗК-Услуги-002,226371.88,266668.32,0,В работе
40001364396,Услуги Ремонт и освоение скважин — ООО РН-Черноземье (№40001364396),2023-11-09,6,9900000061,62,ЗК-Услуги-007,226371.88,266668.32,0,В работе
40001364396,"Услуги Ремонт и освоение скважин, филиал ООО РН-Черноземье (процедура 40001364396)",2023-11-09,6,9900000075,62,ЗК-Услуги-002,226371.88,266668.32,0,В работе
40005222134,Услуги Проектно-изыскательские работы (ПИР) для ООО РН ВАНКОР (процедура 40005222134),2025-07-03,68,9900000000,73,ЗК-Услуги-006,304776.91,265489.72,0,Исполнен
40006814667,Услуги Экология и охрана труда — РН-АЭРО (№40006814667),2022-03-23,40,7708639661,95,ЗК-Услуги-010,246657.79,265006.86,0,Исполнен
40009799240,"Услуги Аренда и покупка имущества, филиал ООО РН-Черноземье (процедура 40009799240)",2024-07-01,6,9900000140,93,ЗК-Услуги-003,255105.93,264675.72,0,В работе
40009799240,Услуги Аренда и покупка имущества для ООО РН-Черноземье (процедура 40009799240),2024-07-01,6,9900000066,93,ЗК-Услуги-009,255105.93,264675.72,0,В работе
40002381080,Услуги Химизация добычи — АО РН-Ярославль (№40002381080),2022-11-14,43,9900000076,66,ЗК-Услуги-003,310986.74,263111.99,0,Исполнен
40008550829,"Услуги ИТ-услуги и поддержка, филиал ООО РН-Проектирование Добыча (процедура 40008550829)",2025-09-04,37,9900000058,86,ЗК-Услуги-003,317163.14,260352.7,0,Исполнен
40009190747,Услуги Разведочное бурение для ООО Башнефть-Сервис НПЗ (процедура 40009190747),2024-10-31,32,9900000072,96,ЗК-Услуги-005,333976.07,259530.21,0,Исполнен
40009190747,Услуги Разведочное бурение — ООО Башнефть-Сервис НПЗ (№40009190747),2024-10-31,32,9900000182,96,ЗК-Услуги-007,333976.07,259530.21,0,Исполнен
40009190747,"Услуги Разведочное бурение, филиал ООО Башнефть-Сервис НПЗ (процедура 40009190747)",2024-10-31,32,8913008910,96,ЗК-Услуги-008,333976.07,259530.21,0,Исполнен
40006906575,Услуги Автотранспортные услуги для АО РОСПАН ИНТЕРНЕШНЛ (процедура 40006906575),2025-03-16,41,7705838531,63,ЗК-Услуги-007,317386.34,258578.28,0,Исполнен
40007460715,Услуги Операторские и агентские услуги — Уфимский филиал АО РН-ПН (№40007460715),2025-07-21,26,9900000126,70,ЗК-Услуги-009,204144.38,258400.82,0,Исполнен
40007460715,"Услуги Операторские и агентские услуги, филиал Уфимский филиал АО РН-ПН (процедура 40007460715)",2025-07-21,26,7708639661,70,ЗК-Услуги-005,204144.38,258400.82,0,Исполнен
40008228807,Услуги Зарезка боковых стволов (ЗБС) для РН-ОХРАНА-АНГАРСК (процедура 40008228807),2024-11-16,7,9900000005,56,ЗК-Услуги-010,258617.66,258363.84,0,В работе
40008228807,Услуги Зарезка боковых стволов (ЗБС) — РН-ОХРАНА-АНГАРСК (№40008228807),2024-11-16,7,9900000075,56,ЗК-Услуги-003,258617.66,258363.84,0,В работе
40008228807,"Услуги Зарезка боковых стволов (ЗБС), филиал РН-ОХРАНА-АНГАРСК (процедура 40008228807)",2024-11-16,7,9900000245,56,ЗК-Услуги-006,258617.66,258363.84,0,В работе
40008228807,Услуги Зарезка боковых стволов (ЗБС) для РН-ОХРАНА-АНГАРСК (процедура 40008228807),2024-11-16,7,9900000224,56,ЗК-Услуги-005,258617.66,258363.84,0,В работе
40002270408,Услуги ТО и ремонт оборудования — ООО РН-СтройКонтроль (№40002270408),2025-03-09,48,9900000080,67,ЗК-Услуги-004,309723.0,257514.06,0,Исполнен
40002270408,"Услуги ТО и ремонт оборудования, филиал ООО РН-СтройКонтроль (процедура 40002270408)",2025-03-09,48,9900000231,67,ЗК-Услуги-002,309723.0,257514.06,0,Исполнен
40002270408,Услуги ТО и ремонт оборудования для ООО РН-СтройКонтроль (процедура 40002270408),2025-03-09,48,9900000168,67,ЗК-Услуги-007,309723.0,257514.06,0,Исполнен
40002270408,Услуги ТО и ремонт оборудования — ООО РН-СтройКонтроль (№40002270408),2025-03-09,48,9900000051,67,ЗК-Услуги-005,309723.0,257514.06,0,Исполнен
40001621145,"Услуги Зарезка боковых стволов (ЗБС), филиал ООО НЗМП (процедура 40001621145)",2025-08-09,50,9900000066,56,ЗК-Услуги-004,300513.02,256991.06,0,Исполнен
40001621145,Услуги Зарезка боковых стволов (ЗБС) для ООО НЗМП (процедура 40001621145),2025-08-09,50,9900000196,56,ЗК-Услуги-008,300513.02,256991.06,1,Исполнен
40003572848,Услуги Строительство и содержание дорог — ООО РН-Карт (№40003572848),2025-08-03,5,9900000061,64,ЗК-Услуги-009,201207.98,256901.65,1,В работе
40002981480,"Услуги Авторский и технадзор, филиал 6. ПАО АНК Башнефть (процедура 40002981480)",2024-05-02,17,9900000273,79,ЗК-Услуги-009,191440.41,254792.39,1,Исполнен
40002981480,Услуги Авторский и технадзор для 6. ПАО АНК Башнефть (процедура 40002981480),2024-05-02,17,5603011386,79,ЗК-Услуги-003,191440.41,254792.39,1,Исполнен
40006713400,Услуги Корпоративная безопасность — СНКНГ Славнефть-Красноярскнефтегаз (№40006713400),2023-08-19,21,9900000273,60,ЗК-Услуги-003,321881.29,254434.43,1,Исполнен
40006713400,"Услуги Корпоративная безопасность, филиал СНКНГ Славнефть-Красноярскнефтегаз (процедура 40006713400)",2023-08-19,21,8913008910,60,ЗК-Услуги-005,321881.29,254434.43,1,Исполнен
40007431993,Услуги Страхование для Туапсинский НПЗ (процедура 40007431993),2022-07-15,29,9900000266,81,ЗК-Услуги-005,327592.27,254077.12,1,Исполнен
40008631213,Услуги Маркетинг и мероприятия — АООРЕНБУРГНЕФТЬ (№40008631213),2023-05-14,2,9900000065,92,ЗК-Услуги-010,211456.16,253654.86,1,Исполнен
40004498493,"Услуги Инвестпроекты и НИОКР, филиал АО Отрадненский ГПЗ (процедура 40004498493)",2025-03-30,55,9900000035,89,ЗК-Услуги-002,335160.61,253375.31,1,Исполнен
40004498493,Услуги Инвестпроекты и НИОКР для АО Отрадненский ГПЗ (процедура 40004498493),2025-03-30,55,9900000066,89,ЗК-Услуги-001,335160.61,253375.31,1,Исполнен
40008824615,Услуги Прочие непроизводственные услуги — 6. ПАО АНК Башнефть (№40008824615),2024-05-29,17,9900000064,102,ЗК-Услуги-008,219657.62,252689.26,1,Исполнен
40008824615,"Услуги Прочие непроизводственные услуги, филиал 6. ПАО АНК Башнефть (процедура 40008824615)",2024-05-29,17,9900000154,102,ЗК-Услуги-003,219657.62,252689.26,1,Исполнен
40008824615,Услуги Прочие непроизводственные услуги для 6. ПАО АНК Башнефть (процедура 40008824615),2024-05-29,17,9900000056,102,ЗК-Услуги-001,219657.62,252689.26,1,Исполнен
40008824615,Услуги Прочие непроизводственные услуги — 6. ПАО АНК Башнефть (№40008824615),2024-05-29,17,9900000105,102,ЗК-Услуги-001,219657.62,252689.26,1,Исполнен
40009139410,"Услуги Маркетинг и мероприятия, филиал ООО РН-Черноземье (процедура 40009139410)",2022-09-04,6,9900000098,92,ЗК-Услуги-002,309666.52,251240.74,1,Исполнен
40009139410,Услуги Маркетинг и мероприятия для ООО РН-Черноземье (процедура 40009139410),2022-09-04,6,9900000051,92,ЗК-Услуги-006,309666.52,251240.74,1,Исполнен
40004073155,Услуги Прочие геологические услуги — Саратовнефтепродукт (№40004073155),2022-09-12,67,9900000003,99,ЗК-Услуги-006,285997.99,251155.49,1,Исполнен
40008099231,"Услуги Непроизводственные объекты, филиал АО ННК (процедура 40008099231)",2025-05-28,1,9900000004,78,ЗК-Услуги-003,282412.85,250166.5,1,Исполнен
40009933100,Услуги HR и обучение персонала для КалугаНП (процедура 40009933100),2022-09-24,76,9900000004,94,ЗК-Услуги-004,299662.94,249226.38,1,Исполнен
40009933100,Услуги HR и обучение персонала — КалугаНП (№40009933100),2022-09-24,76,9900000074,94,ЗК-Услуги-002,299662.94,249226.38,1,Исполнен
40009933100,"Услуги HR и обучение персонала, филиал КалугаНП (процедура 40009933100)",2022-09-24,76,9900000126,94,ЗК-Услуги-002,299662.94,249226.38,1,Исполнен
40009933100,Услуги HR и обучение персонала для КалугаНП (процедура 40009933100),2022-09-24,76,9900000042,94,ЗК-Услуги-007,299662.94,249226.38,1,Исполнен
40000967142,Услуги АХО и административные услуги — УДМУРТНЕФТЬ-БУРЕНИЕ (№40000967142),2022-10-18,24,9900000051,85,ЗК-Услуги-001,286338.14,248300.14,1,Исполнен
40000075793,"Услуги Страхование, филиал 6. ПАО АНК Башнефть (процедура 40000075793)",2024-11-13,17,9900000189,81,ЗК-Услуги-007,330990.39,248206.51,1,Исполнен
40007905229,Услуги АХО и административные услуги для ООО РН_БУНКЕР (процедура 40007905229),2024-06-18,61,7736280166,85,ЗК-Услуги-001,327886.3,247999.88,1,Исполнен
40007905229,Услуги АХО и административные услуги — ООО РН_БУНКЕР (№40007905229),2024-06-18,61,9900000004,85,ЗК-Услуги-006,327886.3,247999.88,1,Исполнен
40009473890,"Услуги Проектно-изыскательские работы (ПИР), филиал 6. ПАО АНК Башнефть (процедура 40009473890)",2022-08-05,17,8913008910,73,ЗК-Услуги-003,193816.01,247331.26,1,В работе
40009473890,Услуги Проектно-изыскательские работы (ПИР) для 6. ПАО АНК Башнефть (процедура 40009473890),2022-08-05,17,9900000065,73,ЗК-Услуги-008,193816.01,247331.26,1,В работе
40008507431,Услуги Сопровождение бурения — ООО РН-Пожарная безопасность (№40008507431),2025-12-01,47,9900000266,57,ЗК-Услуги-006,292283.51,246379.49,1,В работе
40008507431,"Услуги Сопровождение бурения, филиал ООО РН-Пожарная безопасность (процедура 40008507431)",2025-12-01,47,9900000002,57,ЗК-Услуги-002,292283.51,246379.49,1,В работе
40008507431,Услуги Сопровождение бурения для ООО РН-Пожарная безопасность (процедура 40008507431),2025-12-01,47,9900000064,57,ЗК-Услуги-008,292283.51,246379.49,1,В работе
40000473316,Услуги Обслуживание энергохозяйства — АО РН-Ярославль (№40000473316),2022-07-15,43,9900000161,68,ЗК-Услуги-005,191384.12,246215.44,1,В работе
40000473316,"Услуги Обслуживание энергохозяйства, филиал АО РН-Ярославль (процедура 40000473316)",2022-07-15,43,9900000028,68,ЗК-Услуги-008,191384.12,246215.44,1,В работе
40000473316,Услуги Обслуживание энергохозяйства для АО РН-Ярославль (процедура 40000473316),2022-07-15,43,7708639661,68,ЗК-Услуги-008,191384.12,246215.44,1,В работе
40008954227,Услуги Разведочное бурение — ООО РН_БУНКЕР (№40008954227),2024-03-29,61,9900000175,96,ЗК-Услуги-006,250112.37,246038.27,1,Исполнен
40005040772,"Услуги Операционные услуги добычи, филиал АО РОСПАН ИНТЕРНЕШНЛ (процедура 40005040772)",2024-05-06,41,9900000065,65,ЗК-Услуги-002,310666.5,245416.75,1,Исполнен
40001517935,Услуги Геофизические исследования (ГИС) для АО АНПЗ ВНК (процедура 40001517935),2023-11-04,74,9900000004,59,ЗК-Услуги-008,281152.1,245317.73,1,Исполнен
40001517935,Услуги Геофизические исследования (ГИС) — АО АНПЗ ВНК (№40001517935),2023-11-04,74,9900000003,59,ЗК-Услуги-006,281152.1,245317.73,1,Исполнен
40001517935,"Услуги Геофизические исследования (ГИС), филиал АО АНПЗ ВНК (процедура 40001517935)",2023-11-04,74,9900000075,59,ЗК-Услуги-006,281152.1,245317.73,1,Исполнен
40006483832,Услуги Автотранспортные услуги для УВАТНЕФТЕГАЗ (процедура 40006483832),2023-10-18,22,9900000154,63,ЗК-Услуги-008,260116.79,245290.57,1,Исполнен
40007749554,Услуги Проектно-изыскательские работы (ПИР) — ООО Харампурнефтегаз (№40007749554),2024-04-29,70,9900000067,73,ЗК-Услуги-001,279264.98,245068.98,1,Исполнен
40003115311,"Услуги Обслуживание энергохозяйства, филиал ООО РН-Морской терминал Архангельск (процедура 40003115311)",2025-04-24,77,9900000112,68,ЗК-Услуги-002,302179.05,243652.12,1,Исполнен
40001744176,Услуги АХО и административные услуги для РН-Морской_терминал_Находка (процедура 40001744176),2025-03-11,72,9900000203,85,ЗК-Услуги-009,271590.44,243301.74,1,В работе
40001744176,Услуги АХО и административные услуги — РН-Морской_терминал_Находка (№40001744176),2025-03-11,72,9900000035,85,ЗК-Услуги-008,271590.44,243301.74,1,В работе
40006406560,"Услуги Прочие нефтепромысловые услуги, филиал АО РН-Няганьнефтегаз (процедура 40006406560)",2025-05-17,35,7736280166,71,ЗК-Услуги-007,250999.52,242559.03,1,Исполнен
40006406560,Услуги Прочие нефтепромысловые услуги для АО РН-Няганьнефтегаз (процедура 40006406560),2025-05-17,35,9900000055,71,ЗК-Услуги-007,250999.52,242559.03,1,Исполнен
40006406560,Услуги Прочие нефтепромысловые услуги — АО РН-Няганьнефтегаз (№40006406560),2025-05-17,35,6633028244,71,ЗК-Услуги-005,250999.52,242559.03,1,Исполнен
40003751871,"Услуги Автотранспортные услуги, филиал ВНИКТИНХО (процедура 40003751871)",2022-06-05,46,9900000003,63,ЗК-Услуги-002,228895.16,242038.92,1,Исполнен
40003751871,Услуги Автотранспортные услуги для ВНИКТИНХО (процедура 40003751871),2022-06-05,46,9900000058,63,ЗК-Услуги-006,228895.16,242038.92,1,Исполнен
40007170082,Услуги Промбезопасность и контроль — Туапсинский НПЗ (№40007170082),2024-05-14,29,9900000064,69,ЗК-Услуги-010,210850.29,240307.92,1,В работе
40008428607,"Услуги Энергоснабжение, филиал СНКНГ Славнефть-Красноярскнефтегаз (процедура 40008428607)",2025-06-14,21,9900000091,101,ЗК-Услуги-003,245221.45,238984.32,1,Расторгнут
40006589660,Услуги Проектно-изыскательские работы (ПИР) для АО РН-Ярославль (процедура 40006589660),2023-11-04,43,9900000182,73,ЗК-Услуги-004,189894.26,238627.89,1,Исполнен
40006589660,Услуги Проектно-изыскательские работы (ПИР) — АО РН-Ярославль (№40006589660),2023-11-04,43,9900000049,73,ЗК-Услуги-010,189894.26,238627.89,1,Исполнен
40008405793,"Услуги Охрана и режим, филиал ООО Удмуртнефть-Снабжение (процедура 40008405793)",2025-07-12,53,9900000051,87,ЗК-Услуги-002,304863.91,238592.15,1,Исполнен
40008854724,Услуги HR и обучение персонала для Уфимский филиал АО РН-ПН (процедура 40008854724),2023-01-07,26,9900000238,94,ЗК-Услуги-002,316815.14,237151.84,1,Исполнен
40008854724,Услуги HR и обучение персонала — Уфимский филиал АО РН-ПН (№40008854724),2023-01-07,26,9900000056,94,ЗК-Услуги-008,316815.14,237151.84,1,Исполнен
40006572972,"Услуги Сейсморазведка, филиал РН-СТАВРОПОЛЬЕ (процедура 40006572972)",2024-08-27,15,9900000005,58,ЗК-Услуги-008,283188.86,236739.92,1,Исполнен
40006572972,Услуги Сейсморазведка для РН-СТАВРОПОЛЬЕ (процедура 40006572972),2024-08-27,15,9900000060,58,ЗК-Услуги-010,283188.86,236739.92,1,Исполнен
40007953517,Услуги EPC/EPCM контракты — СНКНГ Славнефть-Красноярскнефтегаз (№40007953517),2024-03-28,21,6633028244,74,ЗК-Услуги-006,313069.0,236509.09,1,Исполнен
40003762098,"Услуги ИТ-услуги и поддержка, филиал РН-Морской_терминал_Находка (процедура 40003762098)",2022-05-30,72,7708084402,86,ЗК-Услуги-005,300794.93,236068.36,1,Исполнен
40009072319,Услуги Ж/д перевозки для АО РН-Няганьнефтегаз (процедура 40009072319),2024-04-02,35,9900000210,82,ЗК-Услуги-008,272855.79,235611.49,1,Исполнен
40004296526,Услуги ТО и ремонт оборудования — ООО РН_БУНКЕР (№40004296526),2025-09-27,61,1655142978,67,ЗК-Услуги-004,310117.16,234927.28,1,Исполнен
40004296526,"Услуги ТО и ремонт оборудования, филиал ООО РН_БУНКЕР (процедура 40004296526)",2025-09-27,61,9900000073,67,ЗК-Услуги-004,310117.16,234927.28,1,Исполнен
40004296526,Услуги ТО и ремонт оборудования для ООО РН_БУНКЕР (процедура 40004296526),2025-09-27,61,9900000073,67,ЗК-Услуги-005,310117.16,234927.28,1,Исполнен
40004296526,Услуги ТО и ремонт оборудования — ООО РН_БУНКЕР (№40004296526),2025-09-27,61,9900000077,67,ЗК-Услуги-001,310117.16,234927.28,1,Исполнен
40001733424,"Услуги Непроизводственные объекты, филиал СНКНГ Славнефть-Красноярскнефтегаз (процедура 40001733424)",2024-05-22,21,9900000067,78,ЗК-Услуги-001,310598.08,233475.95,1,Исполнен
40001733424,Услуги Непроизводственные объекты для СНКНГ Славнефть-Красноярскнефтегаз (процедура 40001733424),2024-05-22,21,9900000049,78,ЗК-Услуги-002,310598.08,233475.95,1,Исполнен
40000935915,Услуги Строительство и содержание дорог — ООО РН-Проектирование Добыча (№40000935915),2023-11-17,37,9900000052,64,ЗК-Услуги-008,293942.3,233152.19,1,Исполнен
40002379991,"Услуги Зарезка боковых стволов (ЗБС), филиал УДМУРТНЕФТЬ-БУРЕНИЕ (процедура 40002379991)",2023-11-08,24,9900000196,56,ЗК-Услуги-007,263660.56,232703.03,1,Исполнен
40006211509,Услуги EPC/EPCM контракты для АнгараНефть (процедура 40006211509),2024-03-09,56,9900000078,74,ЗК-Услуги-010,254372.88,231478.09,1,Расторгнут
40008328550,Услуги Операторские и агентские услуги — 6. ПАО АНК Башнефть (№40008328550),2024-05-10,17,9900000073,70,ЗК-Услуги-009,296663.81,230429.56,1,Исполнен
40002373579,"Услуги Инвестпроекты и НИОКР, филиал РН-ОХРАНА-АНГАРСК (процедура 40002373579)",2022-11-16,7,9900000231,89,ЗК-Услуги-005,272345.84,230375.03,1,Исполнен
40002373579,Услуги Инвестпроекты и НИОКР для РН-ОХРАНА-АНГАРСК (процедура 40002373579),2022-11-16,7,9900000059,89,ЗК-Услуги-002,272345.84,230375.03,1,Исполнен
40009908213,Услуги HR и обучение персонала — Нефтепромлизинг (№40009908213),2024-06-16,75,9900000069,94,ЗК-Услуги-007,294459.97,229276.92,1,Расторгнут
40006008320,"Услуги Маркетинг и мероприятия, филиал ООО РН-Черноземье (процедура 40006008320)",2024-09-22,6,9900000000,92,ЗК-Услуги-008,304746.05,228419.29,1,Исполнен
40006008320,Услуги Маркетинг и мероприятия для ООО РН-Черноземье (процедура 40006008320),2024-09-22,6,9900000067,92,ЗК-Услуги-007,304746.05,228419.29,1,Исполнен
40006524405,Услуги HR и обучение персонала — ООО ННПО (№40006524405),2023-09-05,4,9900000091,94,ЗК-Услуги-007,192456.04,228195.25,1,Исполнен
40008155411,"Услуги Химизация добычи, филиал ООО РН ВАНКОР (процедура 40008155411)",2023-08-17,68,9900000175,66,ЗК-Услуги-005,287846.75,228153.02,1,Исполнен
40008501074,Услуги Эксплуатационное бурение для РН-СТАВРОПОЛЬЕ (процедура 40008501074),2025-09-02,15,9900000057,55,ЗК-Услуги-002,189716.86,227810.88,1,Исполнен
40008501074,Услуги Эксплуатационное бурение — РН-СТАВРОПОЛЬЕ (№40008501074),2025-09-02,15,9900000140,55,ЗК-Услуги-006,189716.86,227810.88,1,Исполнен
40008501074,"Услуги Эксплуатационное бурение, филиал РН-СТАВРОПОЛЬЕ (процедура 40008501074)",2025-09-02,15,9900000203,55,ЗК-Услуги-004,189716.86,227810.88,1,Исполнен
40003991940,Услуги Операционные услуги добычи для РН-ОХРАНА-АНГАРСК (процедура 40003991940),2025-07-23,7,9900000063,65,ЗК-Услуги-010,281827.93,227337.76,1,В работе
40008793934,Услуги Сейсморазведка — СНКНГ Славнефть-Красноярскнефтегаз (№40008793934),2025-07-21,21,9900000075,58,ЗК-Услуги-002,212588.35,227334.84,1,Исполнен
40008793934,"Услуги Сейсморазведка, филиал СНКНГ Славнефть-Красноярскнефтегаз (процедура 40008793934)",2025-07-21,21,9900000068,58,ЗК-Услуги-009,212588.35,227334.84,1,Исполнен
40004419946,Услуги Непроизводственные объекты для ООО РН-Пожарная безопасность (процедура 40004419946),2025-01-19,47,7708639661,78,ЗК-Услуги-007,290315.56,227107.17,1,Исполнен
40008070847,Услуги Операторские и агентские услуги — УНХ (№40008070847),2024-06-03,9,7708084402,70,ЗК-Услуги-006,200558.67,226707.68,1,Исполнен
40004897067,"Услуги Промбезопасность и контроль, филиал РН-АЭРО (процедура 40004897067)",2022-07-11,40,7708084402,69,ЗК-Услуги-005,254005.76,226466.9,1,Исполнен
40004897067,Услуги Промбезопасность и контроль для РН-АЭРО (процедура 40004897067),2022-07-11,40,9900000126,69,ЗК-Услуги-003,254005.76,226466.9,1,Исполнен
40000689549,Услуги Строительство и содержание дорог — ООО ИК СИБИНТЕК (№40000689549),2025-06-24,80,9900000238,64,ЗК-Услуги-010,279001.58,226457.31,1,Исполнен
40006927271,"Услуги Аренда и покупка имущества, филиал ООО РН Комсомольский - НПЗ (процедура 40006927271)",2022-04-29,28,9900000061,93,ЗК-Услуги-010,256714.86,221646.64,1,Расторгнут
40009726538,Услуги Разведочное бурение для ООО ИК СИБИНТЕК (процедура 40009726538),2024-02-19,80,9900000161,96,ЗК-Услуги-004,246762.06,221332.8,1,Расторгнут
40005165712,Услуги Строительно-монтажные работы (СМР) — АО РН-Няганьнефтегаз (№40005165712),2022-08-29,35,9900000168,72,ЗК-Услуги-003,226847.23,219775.84,1,Исполнен
40004601801,"Услуги Автотранспортные услуги, филиал УДМУРТНЕФТЬ-БУРЕНИЕ (процедура 40004601801)",2025-09-24,24,9900000133,63,ЗК-Услуги-008,178837.88,219697.16,1,Исполнен
40005663220,Услуги Прочие нефтепромысловые услуги для АнгараНефть (процедура 40005663220),2023-10-03,56,9900000057,71,ЗК-Услуги-003,192047.22,218713.35,1,Исполнен
40005663220,Услуги Прочие нефтепромысловые услуги — АнгараНефть (№40005663220),2023-10-03,56,9900000062,71,ЗК-Услуги-007,192047.22,218713.35,1,Исполнен
40006015839,"Услуги Непроизводственные объекты, филиал ООО РН-Черноземье (процедура 40006015839)",2022-08-16,6,9900000074,78,ЗК-Услуги-007,176090.53,217747.22,1,Исполнен
40008733281,Услуги Социально-бытовые услуги для ООО РН-Черноземье (процедура 40008733281),2024-05-27,6,9900000065,84,ЗК-Услуги-007,289889.19,217655.29,1,В работе
40002006108,Услуги Геофизические исследования (ГИС) — АО Отрадненский ГПЗ (№40002006108),2022-06-17,55,9900000005,59,ЗК-Услуги-007,228506.86,217275.88,1,Исполнен
40002006108,"Услуги Геофизические исследования (ГИС), филиал АО Отрадненский ГПЗ (процедура 40002006108)",2022-06-17,55,9900000175,59,ЗК-Услуги-002,228506.86,217275.88,1,Исполнен
40002178915,Услуги Зарезка боковых стволов (ЗБС) для ООО РН-Черноземье (процедура 40002178915),2024-03-30,6,9900000058,56,ЗК-Услуги-010,278997.19,216609.74,1,Исполнен
40009354510,Услуги Зарезка боковых стволов (ЗБС) — АО РОСПАН ИНТЕРНЕШНЛ (№40009354510),2025-01-20,41,9900000028,56,ЗК-Услуги-003,266046.14,216517.0,1,Исполнен
40002141405,"Услуги Строительство и содержание дорог, филиал ООО СКН (процедура 40002141405)",2022-01-03,87,9900000058,64,ЗК-Услуги-010,230105.88,215455.9,1,В работе
40000839395,Услуги Операционные услуги добычи для РН-Краснодарнефтегаз (процедура 40000839395),2022-12-03,14,9900000063,65,ЗК-Услуги-009,169583.47,215079.16,1,В работе
40006751958,Услуги Ремонт и освоение скважин — ООО РН-СтройКонтроль (№40006751958),2024-03-16,48,9900000055,62,ЗК-Услуги-003,245346.73,213094.92,1,Исполнен
40005624332,"Услуги Экология и охрана труда, филиал ООО РН ВАНКОР (процедура 40005624332)",2025-01-19,68,9900000002,95,ЗК-Услуги-002,222738.27,212980.0,1,В работе
40003688085,Услуги Сейсморазведка для АО Отрадненский ГПЗ (процедура 40003688085),2025-11-26,55,9900000238,58,ЗК-Услуги-009,163551.55,212469.13,1,Исполнен
40008905863,Услуги Зарезка боковых стволов (ЗБС) — АО Отрадненский ГПЗ (№40008905863),2025-03-14,55,9900000210,56,ЗК-Услуги-010,280126.63,212208.45,1,Исполнен
40005979304,"Услуги Геофизические исследования (ГИС), филиал РН-Бурение (процедура 40005979304)",2024-01-31,85,9900000064,59,ЗК-Услуги-009,200104.22,211844.01,1,Исполнен
40007787437,Услуги Авторский и технадзор для АО РН-Ярославль (процедура 40007787437),2022-07-13,43,9900000231,79,ЗК-Услуги-004,177389.4,211160.07,1,Исполнен
40007004596,Услуги Работа с гибкими трубами (ГНКТ) — АЗКиОС (№40007004596),2022-06-12,78,9900000004,61,ЗК-Услуги-009,248850.52,210448.66,1,Исполнен
40007004596,"Услуги Работа с гибкими трубами (ГНКТ), филиал АЗКиОС (процедура 40007004596)",2022-06-12,78,9900000063,61,ЗК-Услуги-003,248850.52,210448.66,1,Исполнен
40007264687,Услуги Проектно-изыскательские работы (ПИР) для Уфимский филиал АО РН-ПН (процедура 40007264687),2022-07-27,26,9900000098,73,ЗК-Услуги-007,187799.8,209343.95,1,Исполнен
40000883615,Услуги Строительство и содержание дорог — СНКНГ Славнефть-Красноярскнефтегаз (№40000883615),2024-03-25,21,9900000055,64,ЗК-Услуги-007,165146.79,209261.36,1,Исполнен
40000273408,"Услуги Ремонт и освоение скважин, филиал АО РНПК (процедура 40000273408)",2023-07-10,36,9900000147,62,ЗК-Услуги-008,258072.73,208812.22,1,В работе
40005730512,Услуги Страхование для УНХ (процедура 40005730512),2025-11-22,9,9900000060,81,ЗК-Услуги-010,268001.43,208611.53,1,В работе
40008566320,Услуги HR и обучение персонала — Филиал ПАО АНК Башнефть Башнефть-Новойл (№40008566320),2022-08-14,10,9900000072,94,ЗК-Услуги-004,252301.17,208209.63,1,Исполнен
40006224855,"Услуги Обслуживание энергохозяйства, филиал СНКНГ Славнефть-Красноярскнефтегаз (процедура 40006224855)",2023-02-09,21,9900000071,68,ЗК-Услуги-003,263222.78,208039.73,1,Исполнен
40007787261,Услуги Финансы и консалтинг для АООРЕНБУРГНЕФТЬ (процедура 40007787261),2024-03-17,2,9900000075,80,ЗК-Услуги-003,189852.61,207664.47,1,Исполнен
40007787261,Услуги Финансы и консалтинг — АООРЕНБУРГНЕФТЬ (№40007787261),2024-03-17,2,9900000063,80,ЗК-Услуги-005,189852.61,207664.47,1,Исполнен
40007359761,"Услуги Поставка углеводородов, филиал ВНИКТИНХО (процедура 40007359761)",2023-12-11,46,7705838531,90,ЗК-Услуги-001,163834.63,206821.4,1,Исполнен
40007404481,Услуги Прочие нефтепромысловые услуги для АО РН-Ярославль (процедура 40007404481),2024-06-14,43,9900000217,71,ЗК-Услуги-010,215467.39,205881.69,1,Исполнен
40003956105,Услуги Авиаперевозки и работы — РН-Морской_терминал_Находка (№40003956105),2022-12-02,72,9900000074,83,ЗК-Услуги-003,206739.39,204871.28,1,Исполнен
40008740432,"Услуги Охрана и режим, филиал ВНИКТИНХО (процедура 40008740432)",2024-06-18,46,9900000068,87,ЗК-Услуги-006,197389.53,204796.76,1,Исполнен
40008740432,Услуги Охрана и режим для ВНИКТИНХО (процедура 40008740432),2024-06-18,46,9900000072,87,ЗК-Услуги-003,197389.53,204796.76,1,Исполнен
40009177055,Услуги Промбезопасность и контроль — АО РН-Ярославль (№40009177055),2022-08-10,43,9900000050,69,ЗК-Услуги-005,266665.74,204220.6,1,Исполнен
40009177055,"Услуги Промбезопасность и контроль, филиал АО РН-Ярославль (процедура 40009177055)",2022-08-10,43,9900000053,69,ЗК-Услуги-009,266665.74,204220.6,1,Исполнен
40007946390,Услуги Капитальное строительство для АО РН-Няганьнефтегаз (процедура 40007946390),2022-01-17,35,9900000140,0,ЗК-Услуги-002,230347.72,202834.03,1,Исполнен
40007946390,Услуги Капитальное строительство — АО РН-Няганьнефтегаз (№40007946390),2022-01-17,35,9900000084,0,ЗК-Услуги-002,230347.72,202834.03,1,Исполнен
40005303007,"Услуги Работа с гибкими трубами (ГНКТ), филиал ООО РН-СтройКонтроль (процедура 40005303007)",2025-08-11,48,9900000003,61,ЗК-Услуги-006,208181.65,202644.69,1,Исполнен
40004404748,Услуги Инвестпроекты и НИОКР для РН-Бурение (процедура 40004404748),2023-11-01,85,9900000000,89,ЗК-Услуги-006,157718.17,202434.43,1,В работе
40004286132,Услуги Автотранспортные услуги — АО РН-Тверь (№40004286132),2022-08-13,59,9900000266,63,ЗК-Услуги-008,244180.86,201817.76,1,Исполнен
40007892529,"Услуги Маркетинг и мероприятия, филиал ООО РН-ПУРНЕФТЕГАЗ (процедура 40007892529)",2022-04-19,34,9900000001,92,ЗК-Услуги-002,153923.02,201193.56,1,Исполнен
40007892529,Услуги Маркетинг и мероприятия для ООО РН-ПУРНЕФТЕГАЗ (процедура 40007892529),2022-04-19,34,9900000231,92,ЗК-Услуги-009,153923.02,201193.56,1,Исполнен
40003687872,Услуги Охрана и режим — ИркутскНП (№40003687872),2022-04-01,30,9900000052,87,ЗК-Услуги-002,241034.87,200991.11,1,Исполнен
40004928141,"Услуги Зарезка боковых стволов (ЗБС), филиал ООО ННПО (процедура 40004928141)",2025-07-11,4,9900000058,56,ЗК-Услуги-001,225558.72,200360.97,1,Расторгнут
40000380145,Услуги Ремонт и освоение скважин для ВСНК (процедура 40000380145),2025-08-26,3,9900000052,62,ЗК-Услуги-010,252955.67,199811.34,1,В работе
40007266388,Услуги Обслуживание энергохозяйства — АЗКиОС (№40007266388),2022-12-02,78,9900000074,68,ЗК-Услуги-002,216243.47,199461.71,1,Исполнен
40007266388,"Услуги Обслуживание энергохозяйства, филиал АЗКиОС (процедура 40007266388)",2022-12-02,78,9900000077,68,ЗК-Услуги-007,216243.47,199461.71,1,Исполнен
40000756709,Услуги Зарезка боковых стволов (ЗБС) для ООО ПНЦ Биосфера (процедура 40000756709),2022-08-16,51,9900000126,56,ЗК-Услуги-008,263869.07,199010.35,1,В работе
40009881562,Услуги Прочие непроизводственные услуги — ООО РН_БУНКЕР (№40009881562),2024-07-18,61,9900000203,102,ЗК-Услуги-005,221104.49,198476.91,1,В работе
40009881562,"Услуги Прочие непроизводственные услуги, филиал ООО РН_БУНКЕР (процедура 40009881562)",2024-07-18,61,9900000076,102,ЗК-Услуги-006,221104.49,198476.91,1,В работе
40009678788,Услуги Химизация добычи для Туапсинский НПЗ (процедура 40009678788),2022-03-02,29,9900000068,66,ЗК-Услуги-001,218223.58,197266.47,1,Исполнен
40002437627,Услуги EPC/EPCM контракты — ООО РН-Драгмет (№40002437627),2024-04-14,38,9900000055,74,ЗК-Услуги-006,172748.77,195116.84,1,Исполнен
40006684122,"Услуги Прочие нефтепромысловые услуги, филиал ООО ИК СИБИНТЕК (процедура 40006684122)",2023-05-07,80,9900000105,71,ЗК-Услуги-008,207372.38,194939.04,1,В работе
40006684122,Услуги Прочие нефтепромысловые услуги для ООО ИК СИБИНТЕК (процедура 40006684122),2023-05-07,80,9900000266,71,ЗК-Услуги-003,207372.38,194939.04,1,В работе
40006210033,Услуги Операционные услуги добычи — ООО РН-Юганскнефтегаз (№40006210033),2025-04-14,52,9900000075,65,ЗК-Услуги-001,176686.96,194338.37,1,Исполнен
40008291744,"Услуги ТО и ремонт оборудования, филиал АО РОСПАН ИНТЕРНЕШНЛ (процедура 40008291744)",2024-07-08,41,9900000066,67,ЗК-Услуги-004,216976.92,194115.26,1,Исполнен
40000481381,Услуги АХО и административные услуги для РН-ОХРАНА-АНГАРСК (процедура 40000481381),2023-10-18,7,9900000059,85,ЗК-Услуги-001,238943.18,193253.08,1,Исполнен
40001096776,Услуги Автотранспортные услуги — ПЕНЗАНЕФТЕПРОДУКТ (№40001096776),2022-07-27,83,9900000057,63,ЗК-Услуги-008,243645.27,191718.39,1,В работе
40008702842,"Услуги Ж/д перевозки, филиал РН-ОХРАНА-АНГАРСК (процедура 40008702842)",2024-03-25,7,9900000062,82,ЗК-Услуги-005,253407.42,191096.32,1,Исполнен
40007475752,Услуги Аренда и покупка имущества для РН-Морской_терминал_Находка (процедура 40007475752),2025-07-15,72,9900000065,93,ЗК-Услуги-001,160374.9,190658.07,1,Исполнен
40000781134,Услуги Химизация добычи — АО Отрадненский ГПЗ (№40000781134),2024-05-27,55,9900000147,66,ЗК-Услуги-008,169807.55,190157.88,1,Исполнен
40000781134,"Услуги Химизация добычи, филиал АО Отрадненский ГПЗ (процедура 40000781134)",2024-05-27,55,9900000091,66,ЗК-Услуги-009,169807.55,190157.88,1,Исполнен
40002688507,Услуги Эксплуатационное бурение для Филиал ПАО АНК Башнефть Башнефть-Новойл (процедура 40002688507),2022-03-31,10,9900000080,55,ЗК-Услуги-010,151626.0,189666.96,1,Исполнен
40008955115,Услуги Авторский и технадзор — АО РН-Ярославль (№40008955115),2022-06-10,43,9900000140,79,ЗК-Услуги-002,180348.83,189010.9,1,Расторгнут
40005427815,"Услуги Зарезка боковых стволов (ЗБС), филиал ООО ИК СИБИНТЕК (процедура 40005427815)",2024-08-11,80,9900000224,56,ЗК-Услуги-009,218677.78,188855.95,1,Исполнен
40005427815,Услуги Зарезка боковых стволов (ЗБС) для ООО ИК СИБИНТЕК (процедура 40005427815),2024-08-11,80,9900000231,56,ЗК-Услуги-008,218677.78,188855.95,1,Исполнен
40005427815,Услуги Зарезка боковых стволов (ЗБС) — ООО ИК СИБИНТЕК (№40005427815),2024-08-11,80,9900000068,56,ЗК-Услуги-007,218677.78,188855.95,1,Исполнен
40006450805,"Услуги Разведочное бурение, филиал ВНИКТИНХО (процедура 40006450805)",2024-08-17,46,9900000154,96,ЗК-Услуги-003,171236.23,188403.83,1,Исполнен
40006450805,Услуги Разведочное бурение для ВНИКТИНХО (процедура 40006450805),2024-08-17,46,9900000147,96,ЗК-Услуги-002,171236.23,188403.83,1,Исполнен
40009461164,Услуги Ж/д перевозки — АнгараНефть (№40009461164),2023-03-09,56,9900000063,82,ЗК-Услуги-007,155109.91,186680.75,1,Исполнен
40008537485,"Услуги Ж/д перевозки, филиал АО ННК (процедура 40008537485)",2023-08-20,1,9900000056,82,ЗК-Услуги-005,186069.77,186441.71,1,Исполнен
40006747969,Услуги Прочие нефтепромысловые услуги для АнгараНефть (процедура 40006747969),2022-05-30,56,9900000203,71,ЗК-Услуги-006,236401.88,186401.54,1,Исполнен
40009073314,Услуги Работа с гибкими трубами (ГНКТ) — АО РН-Няганьнефтегаз (№40009073314),2023-10-02,35,9900000035,61,ЗК-Услуги-004,240064.89,186114.22,1,Исполнен
40000060095,"Услуги Землеустроительные работы, филиал АО Отрадненский ГПЗ (процедура 40000060095)",2022-06-21,55,9900000004,77,ЗК-Услуги-002,139660.91,185982.89,1,Исполнен
40000060095,Услуги Землеустроительные работы для АО Отрадненский ГПЗ (процедура 40000060095),2022-06-21,55,9900000058,77,ЗК-Услуги-009,139660.91,185982.89,1,Исполнен
40009505535,Услуги Сейсморазведка — УВАТНЕФТЕГАЗ (№40009505535),2024-10-24,22,9900000091,58,ЗК-Услуги-003,241925.58,185734.08,1,Исполнен
40009505535,"Услуги Сейсморазведка, филиал УВАТНЕФТЕГАЗ (процедура 40009505535)",2024-10-24,22,9900000071,58,ЗК-Услуги-007,241925.58,185734.08,1,Исполнен
40005405207,Услуги АХО и административные услуги для ПАО НК Роснефть-Курганнефтепродукт (процедура 40005405207),2024-06-29,58,9900000058,85,ЗК-Услуги-008,248732.08,185640.1,1,Исполнен
40008340359,Услуги Прочие непроизводственные услуги — ЗАО ИННЦ (№40008340359),2024-12-06,27,9900000070,102,ЗК-Услуги-002,170417.79,185516.52,1,Исполнен
40008340359,"Услуги Прочие непроизводственные услуги, филиал ЗАО ИННЦ (процедура 40008340359)",2024-12-06,27,9900000059,102,ЗК-Услуги-006,170417.79,185516.52,1,Исполнен
40008340359,Услуги Прочие непроизводственные услуги для ЗАО ИННЦ (процедура 40008340359),2024-12-06,27,9900000245,102,ЗК-Услуги-008,170417.79,185516.52,1,Исполнен
40007699071,Услуги Сейсморазведка — ООО РН-Черноземье (№40007699071),2022-02-08,6,9900000182,58,ЗК-Услуги-007,211758.52,185338.36,1,Исполнен
40008560288,"Услуги Ж/д перевозки, филиал РН-Морской_терминал_Находка (процедура 40008560288)",2023-07-05,72,7708639661,82,ЗК-Услуги-003,230041.7,185026.76,1,В работе
40009649249,Услуги Зарезка боковых стволов (ЗБС) для ООО РН-Черноземье (процедура 40009649249),2024-07-21,6,9900000053,56,ЗК-Услуги-001,148034.75,184669.4,1,Исполнен
40007912750,Услуги Зарезка боковых стволов (ЗБС) — ООО Удмуртэнергонефть (№40007912750),2022-07-13,25,9900000074,56,ЗК-Услуги-006,180908.76,183814.77,1,Исполнен
40007912750,"Услуги Зарезка боковых стволов (ЗБС), филиал ООО Удмуртэнергонефть (процедура 40007912750)",2022-07-13,25,9900000196,56,ЗК-Услуги-008,180908.76,183814.77,1,Исполнен
40006377099,Услуги Обслуживание энергохозяйства для АРТ АВИА (процедура 40006377099),2022-07-20,23,9900000068,68,ЗК-Услуги-006,206487.81,183087.96,1,В работе
40002636345,Услуги Авиаперевозки и работы — СНКНГ Славнефть-Красноярскнефтегаз (№40002636345),2023-05-13,21,9900000052,83,ЗК-Услуги-005,207244.87,182934.69,1,В работе
40002636345,"Услуги Авиаперевозки и работы, филиал СНКНГ Славнефть-Красноярскнефтегаз (процедура 40002636345)",2023-05-13,21,7708639661,83,ЗК-Услуги-008,207244.87,182934.69,1,В работе
40007762035,Услуги EPC/EPCM контракты для ВНИКТИНХО (процедура 40007762035),2022-04-15,46,9900000084,74,ЗК-Услуги-002,148390.64,181972.31,1,Исполнен
40007762035,Услуги EPC/EPCM контракты — ВНИКТИНХО (№40007762035),2022-04-15,46,9900000054,74,ЗК-Услуги-001,148390.64,181972.31,1,Исполнен
40001211158,"Услуги Экология и охрана труда, филиал ООО РН-Пожарная безопасность (процедура 40001211158)",2025-12-16,47,9900000049,95,ЗК-Услуги-001,152384.46,181461.7,1,Исполнен
40007841769,Услуги Экология и охрана труда для ПЕНЗАНЕФТЕПРОДУКТ (процедура 40007841769),2023-12-01,83,9900000064,95,ЗК-Услуги-004,226422.41,181321.62,1,Расторгнут
40007841769,Услуги Экология и охрана труда — ПЕНЗАНЕФТЕПРОДУКТ (№40007841769),2023-12-01,83,9900000055,95,ЗК-Услуги-006,226422.41,181321.62,1,Расторгнут
40007841769,"Услуги Экология и охрана труда, филиал ПЕНЗАНЕФТЕПРОДУКТ (процедура 40007841769)",2023-12-01,83,9900000217,95,ЗК-Услуги-009,226422.41,181321.62,1,Расторгнут
40003765194,Услуги ТО и ремонт оборудования для ООО Соровскнефть (процедура 40003765194),2023-05-15,66,9900000119,67,ЗК-Услуги-001,222384.21,181286.42,1,Исполнен
40003585957,Услуги Геофизические исследования (ГИС) — Туапсинский НПЗ (№40003585957),2022-09-30,29,9900000005,59,ЗК-Услуги-001,242200.19,180276.06,1,В работе
40008532573,"Услуги Зарезка боковых стволов (ЗБС), филиал НК НПЗ (процедура 40008532573)",2022-09-05,12,9900000068,56,ЗК-Услуги-005,217585.76,179990.06,1,В работе
40003898409,Услуги Капитальное строительство для СНКНГ Славнефть-Красноярскнефтегаз (процедура 40003898409),2023-07-07,21,9900000079,0,ЗК-Услуги-010,196870.64,178921.38,1,Исполнен
40009956162,Услуги Экология и охрана труда — АО РН-Няганьнефтегаз (№40009956162),2024-09-04,35,9900000067,95,ЗК-Услуги-005,209262.2,178673.93,1,Расторгнут
40009956162,"Услуги Экология и охрана труда, филиал АО РН-Няганьнефтегаз (процедура 40009956162)",2024-09-04,35,9900000238,95,ЗК-Услуги-005,209262.2,178673.93,1,Расторгнут
40002790965,Услуги Прочие геологические услуги для АО РН-Ярославль (процедура 40002790965),2025-06-24,43,9900000056,99,ЗК-Услуги-010,143949.29,178488.28,1,Исполнен
40004792982,Услуги Авиаперевозки и работы — АО КНП (№40004792982),2025-12-15,33,9900000061,83,ЗК-Услуги-006,165774.75,178303.44,1,В работе
40002224667,"Услуги Прочие геологические услуги, филиал РН-Морской_терминал_Находка (процедура 40002224667)",2025-05-23,72,9900000098,99,ЗК-Услуги-008,207007.49,177834.45,1,Исполнен
40007890604,Услуги Эксплуатационное бурение для РН-Морской_терминал_Находка (процедура 40007890604),2022-06-22,72,7705838531,55,ЗК-Услуги-003,205710.34,177657.8,1,Исполнен
40009558986,Услуги Сопровождение бурения — ООО РН ВАНКОР (№40009558986),2025-12-16,68,9900000245,57,ЗК-Услуги-009,181909.78,176621.03,1,Исполнен
40003768983,"Услуги Экология и охрана труда, филиал Уфимский филиал АО РН-ПН (процедура 40003768983)",2024-12-05,26,9900000054,95,ЗК-Услуги-001,214456.16,176009.62,1,Исполнен
40002262164,Услуги Химизация добычи для ПЕНЗАНЕФТЕПРОДУКТ (процедура 40002262164),2025-10-12,83,9900000075,66,ЗК-Услуги-004,223582.11,175777.7,1,Исполнен
40000256925,Услуги Ж/д перевозки — ООО СКН (№40000256925),2024-09-02,87,9900000004,82,ЗК-Услуги-009,159073.78,174645.49,1,Исполнен
40000256925,"Услуги Ж/д перевозки, филиал ООО СКН (процедура 40000256925)",2024-09-02,87,9900000175,82,ЗК-Услуги-008,159073.78,174645.49,1,Исполнен
40009042753,Услуги Работа с гибкими трубами (ГНКТ) для АО Отрадненский ГПЗ (процедура 40009042753),2024-10-10,55,9900000259,61,ЗК-Услуги-010,133238.87,174173.6,1,Исполнен
40000331084,Услуги Инвестпроекты и НИОКР — СНКНГ Славнефть-Красноярскнефтегаз (№40000331084),2025-11-25,21,9900000072,89,ЗК-Услуги-009,135606.04,173705.96,1,Исполнен
40003350694,"Услуги ИТ-услуги и поддержка, филиал АО РН-Тверь (процедура 40003350694)",2022-12-22,59,9900000003,86,ЗК-Услуги-001,132345.76,173341.06,1,Исполнен
40003350694,Услуги ИТ-услуги и поддержка для АО РН-Тверь (процедура 40003350694),2022-12-22,59,9900000003,86,ЗК-Услуги-009,132345.76,173341.06,1,Исполнен
40009881113,Услуги Финансы и консалтинг — ООО РН-Черноземье (№40009881113),2022-03-11,6,9900000049,80,ЗК-Услуги-003,203370.16,173328.03,1,Исполнен
40003910820,"Услуги Аренда и покупка имущества, филиал АО ННК (процедура 40003910820)",2025-05-17,1,9900000075,93,ЗК-Услуги-010,161638.22,173197.59,1,В работе
40009630404,Услуги Финансы и консалтинг для 6. ПАО АНК Башнефть (процедура 40009630404),2023-11-03,17,9900000070,80,ЗК-Услуги-009,164238.09,172420.31,1,Исполнен
40009630404,Услуги Финансы и консалтинг — 6. ПАО АНК Башнефть (№40009630404),2023-11-03,17,6633028244,80,ЗК-Услуги-001,164238.09,172420.31,1,Исполнен
40009630404,"Услуги Финансы и консалтинг, филиал 6. ПАО АНК Башнефть (процедура 40009630404)",2023-11-03,17,9900000007,80,ЗК-Услуги-001,164238.09,172420.31,1,Исполнен
40002384877,Услуги Прочие геологические услуги для РН-АЭРО (процедура 40002384877),2025-04-19,40,9900000051,99,ЗК-Услуги-009,208927.78,172309.9,1,Исполнен
40002880118,Услуги Непроизводственные объекты — РН-ОХРАНА-АНГАРСК (№40002880118),2025-06-29,7,9900000021,78,ЗК-Услуги-006,206408.89,172236.96,1,Расторгнут
40008554210,"Услуги Маркетинг и мероприятия, филиал 00_РН-Москва (процедура 40008554210)",2024-12-16,65,9900000074,92,ЗК-Услуги-004,177217.94,171933.48,1,В работе
40007630509,Услуги Сопровождение бурения для УНХ (процедура 40007630509),2025-07-09,9,9900000091,57,ЗК-Услуги-007,230367.99,171887.53,1,Исполнен
40007630509,Услуги Сопровождение бурения — УНХ (№40007630509),2025-07-09,9,9900000161,57,ЗК-Услуги-005,230367.99,171887.53,1,Исполнен
40009867877,"Услуги Прочие нефтепромысловые услуги, филиал ООО СКН (процедура 40009867877)",2024-11-06,87,7708639661,71,ЗК-Услуги-010,221520.29,170847.35,1,Исполнен
40009388071,Услуги Промбезопасность и контроль для АО Тюменнефтегаз (процедура 40009388071),2025-10-06,73,9900000055,69,ЗК-Услуги-007,139273.52,170099.11,1,Исполнен
40003744144,Услуги Работа с гибкими трубами (ГНКТ) — ООО РН Комсомольский - НПЗ (№40003744144),2025-02-20,28,9900000060,61,ЗК-Услуги-008,226586.81,169230.63,1,Исполнен
40002854942,"Услуги Охрана и режим, филиал АО РН-Ярославль (процедура 40002854942)",2024-07-07,43,9900000074,87,ЗК-Услуги-008,164489.85,169196.33,1,Исполнен
40002854942,Услуги Охрана и режим для АО РН-Ярославль (процедура 40002854942),2024-07-07,43,9900000063,87,ЗК-Услуги-001,164489.85,169196.33,1,Исполнен
40001840884,Услуги Непроизводственные объекты — ООО ПНЦ Биосфера (№40001840884),2025-07-25,51,1655142978,78,ЗК-Услуги-008,208010.38,168486.87,1,В работе
40009274731,"Услуги ИТ-услуги и поддержка, филиал РН-СТ (процедура 40009274731)",2022-12-04,71,9900000252,86,ЗК-Услуги-006,192821.56,168323.84,1,В работе
40009274731,Услуги ИТ-услуги и поддержка для РН-СТ (процедура 40009274731),2022-12-04,71,9900000098,86,ЗК-Услуги-004,192821.56,168323.84,1,В работе
40009274731,Услуги ИТ-услуги и поддержка — РН-СТ (№40009274731),2022-12-04,71,9900000098,86,ЗК-Услуги-008,192821.56,168323.84,1,В работе
40009274731,"Услуги ИТ-услуги и поддержка, филиал РН-СТ (процедура 40009274731)",2022-12-04,71,9900000119,86,ЗК-Услуги-003,192821.56,168323.84,1,В работе
40009988214,Услуги Проектно-изыскательские работы (ПИР) для АО РН-Няганьнефтегаз (процедура 40009988214),2024-10-31,35,9900000002,73,ЗК-Услуги-004,211300.39,167637.45,1,В работе
40009678271,Услуги Зарезка боковых стволов (ЗБС) — АнгараНефть (№40009678271),2022-08-25,56,7705838531,56,ЗК-Услуги-006,166429.91,166909.13,1,Исполнен
40009678271,"Услуги Зарезка боковых стволов (ЗБС), филиал АнгараНефть (процедура 40009678271)",2022-08-25,56,9900000004,56,ЗК-Услуги-007,166429.91,166909.13,1,Исполнен
40005844665,Услуги HR и обучение персонала для АО РН-Ярославль (процедура 40005844665),2024-02-21,43,9900000245,94,ЗК-Услуги-004,157394.89,165804.63,1,Исполнен
40005653072,Услуги Прочие непроизводственные услуги — ВНИКТИНХО (№40005653072),2023-10-18,46,9900000126,102,ЗК-Услуги-004,127877.37,164836.26,1,Исполнен
40003581058,"Услуги Прочие непроизводственные услуги, филиал УНХ (процедура 40003581058)",2025-06-30,9,9900000119,102,ЗК-Услуги-007,158628.81,164606.57,1,Исполнен
40002415610,Услуги EPC/EPCM контракты для ООО РН-Черноземье (процедура 40002415610),2024-04-01,6,9900000004,74,ЗК-Услуги-006,187058.02,164285.9,1,Исполнен
40008401938,Услуги Прочие геологические услуги — АО ННК (№40008401938),2023-01-17,1,9900000189,99,ЗК-Услуги-008,171635.44,163950.94,1,Исполнен
40008514825,"Услуги Промбезопасность и контроль, филиал ВНИКТИНХО (процедура 40008514825)",2023-10-17,46,9900000057,69,ЗК-Услуги-001,123599.45,162225.57,1,Исполнен
40008514825,Услуги Промбезопасность и контроль для ВНИКТИНХО (процедура 40008514825),2023-10-17,46,9900000067,69,ЗК-Услуги-010,123599.45,162225.57,1,Исполнен
40007228546,Услуги Ж/д перевозки — АО РОСПАН ИНТЕРНЕШНЛ (№40007228546),2024-12-29,41,9900000059,82,ЗК-Услуги-007,211723.88,161654.38,1,Исполнен
40000249290,"Услуги Промбезопасность и контроль, филиал СНКНГ Славнефть-Красноярскнефтегаз (процедура 40000249290)",2023-05-29,21,9900000073,69,ЗК-Услуги-007,124579.91,161259.58,1,Исполнен
40005306615,Услуги Страхование для 6. ПАО АНК Башнефть (процедура 40005306615),2024-10-23,17,9900000064,81,ЗК-Услуги-007,139017.05,161099.37,1,Исполнен
40009843698,Услуги Операторские и агентские услуги — РН-Краснодарнефтегаз (№40009843698),2025-08-25,14,6633028244,70,ЗК-Услуги-007,154864.23,160215.99,1,Исполнен
40008017792,"Услуги Энергоснабжение, филиал РН-Лояльность (процедура 40008017792)",2022-04-07,82,9900000057,101,ЗК-Услуги-010,141165.14,159486.37,1,Исполнен
40000077549,Услуги Химизация добычи для Туапсинский НПЗ (процедура 40000077549),2025-02-24,29,9900000005,66,ЗК-Услуги-010,180122.59,158538.23,1,Исполнен
40009585754,Услуги Химизация добычи — ВНИКТИНХО (№40009585754),2025-07-04,46,9900000203,66,ЗК-Услуги-008,160911.46,158342.18,1,Исполнен
40001675285,"Услуги Охрана и режим, филиал ООО РН-Черноземье (процедура 40001675285)",2022-06-20,6,9900000005,87,ЗК-Услуги-009,196099.38,158114.54,1,В работе
40008197437,Услуги Операторские и агентские услуги для ООО РН-ГИР (процедура 40008197437),2022-06-19,39,9900000003,70,ЗК-Услуги-009,132561.69,156988.32,1,Исполнен
40008197437,Услуги Операторские и агентские услуги — ООО РН-ГИР (№40008197437),2022-06-19,39,9900000140,70,ЗК-Услуги-002,132561.69,156988.32,1,Исполнен
40000255975,"Услуги Финансы и консалтинг, филиал ООО РН-Пожарная безопасность (процедура 40000255975)",2022-08-27,47,9900000119,80,ЗК-Услуги-007,189233.28,156902.7,1,В работе
40003860922,Услуги Энергоснабжение для АО РН-Няганьнефтегаз (процедура 40003860922),2022-02-21,35,9900000182,101,ЗК-Услуги-007,191479.87,156185.69,1,Исполнен
40003845730,Услуги Работа с гибкими трубами (ГНКТ) — ООО РН-СтройКонтроль (№40003845730),2024-11-29,48,9900000004,61,ЗК-Услуги-004,163107.89,155807.59,1,Исполнен
40003120061,"Услуги Проектно-изыскательские работы (ПИР), филиал АО РН-Тверь (процедура 40003120061)",2025-01-30,59,9900000071,73,ЗК-Услуги-009,169891.86,155493.54,1,Исполнен
40003120061,Услуги Проектно-изыскательские работы (ПИР) для АО РН-Тверь (процедура 40003120061),2025-01-30,59,9900000140,73,ЗК-Услуги-008,169891.86,155493.54,1,Исполнен
40006211838,Услуги Прочие нефтепромысловые услуги — АО РН-Тверь (№40006211838),2025-07-31,59,9900000175,71,ЗК-Услуги-001,181452.72,154031.34,1,Расторгнут
40006211838,"Услуги Прочие нефтепромысловые услуги, филиал АО РН-Тверь (процедура 40006211838)",2025-07-31,59,9900000224,71,ЗК-Услуги-002,181452.72,154031.34,1,Расторгнут
40003710777,Услуги Инвестпроекты и НИОКР для ООО РН-Черноземье (процедура 40003710777),2024-02-27,6,9900000224,89,ЗК-Услуги-002,156593.72,153826.0,1,Исполнен
40005528941,Услуги Промбезопасность и контроль — ООО РН_БУНКЕР (№40005528941),2024-01-06,61,9900000098,69,ЗК-Услуги-008,185958.63,153470.96,1,Исполнен
40006660808,"Услуги Разведочное бурение, филиал АО РОСПАН ИНТЕРНЕШНЛ (процедура 40006660808)",2022-02-18,41,9900000075,96,ЗК-Услуги-001,119407.72,153157.24,1,В работе
40005654292,Услуги Промбезопасность и контроль для Саратовнефтепродукт (процедура 40005654292),2024-02-05,67,8913008910,69,ЗК-Услуги-004,179805.23,151881.05,1,Исполнен
40005654292,Услуги Промбезопасность и контроль — Саратовнефтепродукт (№40005654292),2024-02-05,67,9900000060,69,ЗК-Услуги-010,179805.23,151881.05,1,Исполнен
40009570628,"Услуги Ремонт и освоение скважин, филиал Нефтепромлизинг (процедура 40009570628)",2025-08-12,75,9900000161,62,ЗК-Услуги-005,141084.6,150857.71,1,Исполнен
40009570628,Услуги Ремонт и освоение скважин для Нефтепромлизинг (процедура 40009570628),2025-08-12,75,9900000154,62,ЗК-Услуги-009,141084.6,150857.71,1,Исполнен
40007131695,Услуги Строительство и содержание дорог — ООО РН-ГИР (№40007131695),2025-05-05,39,9900000238,64,ЗК-Услуги-007,183080.42,150100.06,1,В работе
40007131695,"Услуги Строительство и содержание дорог, филиал ООО РН-ГИР (процедура 40007131695)",2025-05-05,39,7705838531,64,ЗК-Услуги-008,183080.42,150100.06,1,В работе
40004684304,Услуги Социально-бытовые услуги для ООО ИК СИБИНТЕК (процедура 40004684304),2025-06-21,80,7708639661,84,ЗК-Услуги-009,142890.19,149963.34,1,Исполнен
40004684304,Услуги Социально-бытовые услуги — ООО ИК СИБИНТЕК (№40004684304),2025-06-21,80,9900000064,84,ЗК-Услуги-007,142890.19,149963.34,1,Исполнен
40007692403,"Услуги Автотранспортные услуги, филиал АО Тюменнефтегаз (процедура 40007692403)",2024-11-18,73,9900000035,63,ЗК-Услуги-005,196382.64,149791.75,1,Исполнен
40007692403,Услуги Автотранспортные услуги для АО Тюменнефтегаз (процедура 40007692403),2024-11-18,73,9900000053,63,ЗК-Услуги-005,196382.64,149791.75,1,Исполнен
40005335679,Услуги Работа с гибкими трубами (ГНКТ) — ЗАО ИННЦ (№40005335679),2023-03-08,27,1655142978,61,ЗК-Услуги-010,124075.99,149748.3,1,В работе
40003803782,"Услуги Маркетинг и мероприятия, филиал РН-ОХРАНА-АНГАРСК (процедура 40003803782)",2025-04-21,7,9900000007,92,ЗК-Услуги-006,133415.94,149640.02,1,Исполнен
40002754036,Услуги Социально-бытовые услуги для АО Отрадненский ГПЗ (процедура 40002754036),2022-08-28,55,9900000075,84,ЗК-Услуги-005,161490.33,149388.79,1,Исполнен
40001725556,Услуги Операторские и агентские услуги — ООО РН Комсомольский - НПЗ (№40001725556),2025-08-21,28,9900000147,70,ЗК-Услуги-009,183429.45,148500.76,1,Исполнен
40001725556,"Услуги Операторские и агентские услуги, филиал ООО РН Комсомольский - НПЗ (процедура 40001725556)",2025-08-21,28,9900000084,70,ЗК-Услуги-003,183429.45,148500.76,1,Исполнен
40007577504,Услуги Проектно-изыскательские работы (ПИР) для ООО РН ВАНКОР (процедура 40007577504),2024-06-04,68,9900000062,73,ЗК-Услуги-003,176578.38,148394.37,1,Исполнен
40002034585,Услуги EPC/EPCM контракты — Филиал ПАО АНК Башнефть Башнефть-Новойл (№40002034585),2023-07-12,10,9900000079,74,ЗК-Услуги-007,125418.22,147895.11,1,Исполнен
40001302425,"Услуги Капитальное строительство, филиал ООО РН Комсомольский - НПЗ (процедура 40001302425)",2023-03-25,28,9900000066,0,ЗК-Услуги-007,191952.65,147737.43,1,Исполнен
40001302425,Услуги Капитальное строительство для ООО РН Комсомольский - НПЗ (процедура 40001302425),2023-03-25,28,9900000231,0,ЗК-Услуги-006,191952.65,147737.43,1,Исполнен
40005993105,Услуги Строительство и содержание дорог — АРТ АВИА (№40005993105),2025-07-19,23,9900000052,64,ЗК-Услуги-003,129739.88,147064.98,1,Исполнен
40003785253,"Услуги Обслуживание энергохозяйства, филиал АнгараНефть (процедура 40003785253)",2022-08-31,56,9900000067,68,ЗК-Услуги-007,156748.37,146839.97,1,В работе
40003403054,Услуги Корпоративная безопасность для РН-Морской_терминал_Находка (процедура 40003403054),2023-09-29,72,9900000001,60,ЗК-Услуги-005,196330.31,146826.51,1,Исполнен
40003403054,Услуги Корпоративная безопасность — РН-Морской_терминал_Находка (№40003403054),2023-09-29,72,9900000058,60,ЗК-Услуги-007,196330.31,146826.51,1,Исполнен
40001111832,"Услуги Экология и охрана труда, филиал ВНИКТИНХО (процедура 40001111832)",2025-11-14,46,9900000005,95,ЗК-Услуги-002,193646.12,145555.82,1,Исполнен
40005164423,Услуги Прочие непроизводственные услуги для Уфимский филиал АО РН-ПН (процедура 40005164423),2022-11-16,26,9900000224,102,ЗК-Услуги-006,173540.74,144913.22,1,В работе
40001849271,Услуги Социально-бытовые услуги — Нефтепромлизинг (№40001849271),2025-04-29,75,9900000161,84,ЗК-Услуги-008,173230.23,144886.72,1,Исполнен
40009888311,"Услуги ИТ-услуги и поддержка, филиал АО РН-Ярославль (процедура 40009888311)",2023-11-12,43,9900000042,86,ЗК-Услуги-001,145443.82,144788.09,1,Исполнен
40008630237,Услуги HR и обучение персонала для РН-Краснодарнефтегаз (процедура 40008630237),2024-10-30,14,9900000065,94,ЗК-Услуги-004,149659.88,144613.38,1,Исполнен
40001776069,Услуги Операционные услуги добычи — ООО Харампурнефтегаз (№40001776069),2023-08-18,70,9900000126,65,ЗК-Услуги-001,175468.33,144347.97,1,Исполнен
40000668527,"Услуги Экология и охрана труда, филиал ООО РН-СтройКонтроль (процедура 40000668527)",2025-04-15,48,9900000133,95,ЗК-Услуги-001,115510.79,144271.55,1,Исполнен
40000668527,Услуги Экология и охрана труда для ООО РН-СтройКонтроль (процедура 40000668527),2025-04-15,48,9900000067,95,ЗК-Услуги-010,115510.79,144271.55,1,Исполнен
40004811130,Услуги ТО и ремонт оборудования — РН-АЭРО (№40004811130),2023-11-13,40,9900000061,67,ЗК-Услуги-008,161232.72,144233.1,1,Исполнен
40002419536,"Услуги Автотранспортные услуги, филиал 6. ПАО АНК Башнефть (процедура 40002419536)",2022-07-14,17,9900000060,63,ЗК-Услуги-007,115159.95,143966.6,1,Исполнен
40002419536,Услуги Автотранспортные услуги для 6. ПАО АНК Башнефть (процедура 40002419536),2022-07-14,17,6633028244,63,ЗК-Услуги-010,115159.95,143966.6,1,Исполнен
40008289444,Услуги Авиаперевозки и работы — ТЗК Шереметьево (№40008289444),2023-10-05,42,9900000189,83,ЗК-Услуги-001,108450.58,143434.18,1,В работе
40009352041,"Услуги Авторский и технадзор, филиал СНКНГ Славнефть-Красноярскнефтегаз (процедура 40009352041)",2024-04-01,21,9900000075,79,ЗК-Услуги-002,162435.76,141949.55,1,Исполнен
40006370765,Услуги Авиаперевозки и работы для ООО СКН (процедура 40006370765),2025-10-13,87,9900000028,83,ЗК-Услуги-004,167773.61,140333.0,1,Исполнен
40007993207,Услуги Маркетинг и мероприятия — ВНИКТИНХО (№40007993207),2025-05-25,46,9900000042,92,ЗК-Услуги-001,145730.17,139889.09,1,Исполнен
40006041159,"Услуги EPC/EPCM контракты, филиал АО РН-Ярославль (процедура 40006041159)",2025-01-20,43,9900000062,74,ЗК-Услуги-003,120568.87,138439.71,1,Исполнен
40002922939,Услуги Авиаперевозки и работы для ООО РН-Драгмет (процедура 40002922939),2024-11-23,38,9900000091,83,ЗК-Услуги-008,170885.94,136801.24,1,В работе
40004207976,Услуги Работа с гибкими трубами (ГНКТ) — РН-АЭРО (№40004207976),2022-09-13,40,9900000066,61,ЗК-Услуги-008,152742.16,135939.7,1,Исполнен
40005556578,"Услуги Аренда и покупка имущества, филиал Уфимский филиал АО РН-ПН (процедура 40005556578)",2024-01-06,26,9900000080,93,ЗК-Услуги-008,167973.92,135624.28,1,Исполнен
40009968934,Услуги Работа с гибкими трубами (ГНКТ) для АО РН-Тверь (процедура 40009968934),2022-09-21,59,9900000079,61,ЗК-Услуги-006,154178.39,135413.09,1,В работе
40006673921,Услуги HR и обучение персонала — РН-ОХРАНА-АНГАРСК (№40006673921),2022-08-28,7,9900000112,94,ЗК-Услуги-006,130440.98,135128.64,1,Исполнен
40008550825,"Услуги Инвестпроекты и НИОКР, филиал СНКНГ Славнефть-Красноярскнефтегаз (процедура 40008550825)",2023-09-22,21,9900000273,89,ЗК-Услуги-005,101682.34,134898.5,1,Исполнен
40002845469,Услуги Капитальное строительство для ООО СКН (процедура 40002845469),2024-07-25,87,9900000238,0,ЗК-Услуги-009,114276.45,134686.33,1,Исполнен
40009633190,Услуги ТО и ремонт оборудования — АО РОСПАН ИНТЕРНЕШНЛ (№40009633190),2024-12-06,41,9900000203,67,ЗК-Услуги-004,163996.65,133792.07,1,В работе
40009633190,"Услуги ТО и ремонт оборудования, филиал АО РОСПАН ИНТЕРНЕШНЛ (процедура 40009633190)",2024-12-06,41,9900000224,67,ЗК-Услуги-010,163996.65,133792.07,1,В работе
40000628335,Услуги Ремонт и освоение скважин для ООО РН-Карт (процедура 40000628335),2025-08-08,5,9900000252,62,ЗК-Услуги-007,168798.1,133126.47,1,Исполнен
40000666128,Услуги Строительно-монтажные работы (СМР) — ООО РН-Черноземье (№40000666128),2022-06-07,6,9900000217,72,ЗК-Услуги-001,149241.43,132718.53,1,Исполнен
40000666128,"Услуги Строительно-монтажные работы (СМР), филиал ООО РН-Черноземье (процедура 40000666128)",2022-06-07,6,9900000056,72,ЗК-Услуги-009,149241.43,132718.53,1,Исполнен
40000366551,Услуги Сопровождение бурения для ВНИКТИНХО (процедура 40000366551),2025-01-04,46,9900000059,57,ЗК-Услуги-007,104615.94,132440.82,1,Исполнен
40005308771,Услуги Аренда и покупка имущества — ООО РН-Черноземье (№40005308771),2025-11-26,6,6633028244,93,ЗК-Услуги-010,99869.6,131778.0,1,Исполнен
40005308771,"Услуги Аренда и покупка имущества, филиал ООО РН-Черноземье (процедура 40005308771)",2025-11-26,6,9900000065,93,ЗК-Услуги-009,99869.6,131778.0,1,Исполнен
40002098100,Услуги Ремонт и освоение скважин для АнгараНефть (процедура 40002098100),2025-06-15,56,9900000000,62,ЗК-Услуги-007,143662.81,131601.71,1,Исполнен
40009313846,Услуги Аренда и покупка имущества — ООО РН-Черноземье (№40009313846),2023-09-11,6,9900000072,93,ЗК-Услуги-002,111150.74,130748.07,1,Исполнен
40009313846,"Услуги Аренда и покупка имущества, филиал ООО РН-Черноземье (процедура 40009313846)",2023-09-11,6,9900000056,93,ЗК-Услуги-006,111150.74,130748.07,1,Исполнен
40009272618,Услуги Капитальное строительство для ООО Харампурнефтегаз (процедура 40009272618),2022-07-19,70,9900000051,0,ЗК-Услуги-010,102904.22,129854.44,1,Исполнен
40003057580,Услуги Поставка углеводородов — РН-Морской_терминал_Находка (№40003057580),2024-12-14,72,9900000217,90,ЗК-Услуги-004,164197.11,129551.77,1,Исполнен
40003057580,"Услуги Поставка углеводородов, филиал РН-Морской_терминал_Находка (процедура 40003057580)",2024-12-14,72,9900000060,90,ЗК-Услуги-003,164197.11,129551.77,1,Исполнен
40006195335,Услуги Авторский и технадзор для ТНП (процедура 40006195335),2024-02-18,13,9900000080,79,ЗК-Услуги-002,114263.81,128420.01,1,Исполнен
40000321973,Услуги Автотранспортные услуги — ООО РН-Черноземье (№40000321973),2022-11-20,6,9900000084,63,ЗК-Услуги-006,107026.1,127323.28,1,В работе
40008950568,"Услуги Строительство и содержание дорог, филиал ООО Удмуртнефть-Снабжение (процедура 40008950568)",2022-07-08,53,9900000063,64,ЗК-Услуги-008,110491.89,127117.66,1,В работе
40008950568,Услуги Строительство и содержание дорог для ООО Удмуртнефть-Снабжение (процедура 40008950568),2022-07-08,53,9900000057,64,ЗК-Услуги-006,110491.89,127117.66,1,В работе
40008950568,Услуги Строительство и содержание дорог — ООО Удмуртнефть-Снабжение (№40008950568),2022-07-08,53,9900000140,64,ЗК-Услуги-009,110491.89,127117.66,1,В работе
40008950568,"Услуги Строительство и содержание дорог, филиал ООО Удмуртнефть-Снабжение (процедура 40008950568)",2022-07-08,53,9900000105,64,ЗК-Услуги-005,110491.89,127117.66,1,В работе
40001473049,Услуги Авторский и технадзор для АнгараНефть (процедура 40001473049),2025-03-29,56,9900000079,79,ЗК-Услуги-002,127819.56,126010.85,1,Исполнен
40009132342,Услуги Энергоснабжение — УДМУРТНЕФТЬ-БУРЕНИЕ (№40009132342),2023-08-20,24,9900000056,101,ЗК-Услуги-008,160548.2,125365.35,1,В работе
40008747288,"Услуги Эксплуатационное бурение, филиал Туапсинский НПЗ (процедура 40008747288)",2023-03-02,29,9900000063,55,ЗК-Услуги-009,130468.7,124924.18,1,Исполнен
40001898449,Услуги Землеустроительные работы для АО Орелнефтепродукт (процедура 40001898449),2023-02-09,11,9900000231,77,ЗК-Услуги-010,140548.14,124559.01,1,Исполнен
40009613146,Услуги Корпоративная безопасность — АООРЕНБУРГНЕФТЬ (№40009613146),2025-06-23,2,9900000252,60,ЗК-Услуги-004,131953.55,124459.28,1,Исполнен
40005553220,"Услуги Страхование, филиал ООО Удмуртэнергонефть (процедура 40005553220)",2023-04-13,25,9900000056,81,ЗК-Услуги-006,133981.09,124134.7,1,В работе
40005553220,Услуги Страхование для ООО Удмуртэнергонефть (процедура 40005553220),2023-04-13,25,9900000078,81,ЗК-Услуги-010,133981.09,124134.7,1,В работе
40005645267,Услуги Промбезопасность и контроль — УНХ (№40005645267),2024-01-06,9,9900000035,69,ЗК-Услуги-008,125667.25,123848.98,1,В работе
40001407314,"Услуги Проектно-изыскательские работы (ПИР), филиал Туапсинский НПЗ (процедура 40001407314)",2024-05-05,29,9900000050,73,ЗК-Услуги-009,131622.4,123678.93,1,Исполнен
40008305327,Услуги Капитальное строительство для ООО ТЮНГД (процедура 40008305327),2022-02-13,64,9900000140,0,ЗК-Услуги-005,102269.51,122982.11,1,Исполнен
40008305327,Услуги Капитальное строительство — ООО ТЮНГД (№40008305327),2022-02-13,64,7708084402,0,ЗК-Услуги-006,102269.51,122982.11,1,Исполнен
40004225302,"Услуги Операторские и агентские услуги, филиал АО КНП (процедура 40004225302)",2022-02-13,33,9900000077,70,ЗК-Услуги-004,119289.52,121496.91,1,В работе
40000934870,Услуги Проектно-изыскательские работы (ПИР) для РН-СТАВРОПОЛЬЕ (процедура 40000934870),2022-12-27,15,9900000266,73,ЗК-Услуги-005,114576.37,121268.55,1,Исполнен
40000934870,Услуги Проектно-изыскательские работы (ПИР) — РН-СТАВРОПОЛЬЕ (№40000934870),2022-12-27,15,9900000000,73,ЗК-Услуги-007,114576.37,121268.55,1,Исполнен
40001844800,"Услуги Авиаперевозки и работы, филиал РН-Бурение (процедура 40001844800)",2023-10-20,85,9900000002,83,ЗК-Услуги-009,120055.27,120389.11,1,В работе
40007729033,Услуги Охрана и режим для СНКНГ Славнефть-Красноярскнефтегаз (процедура 40007729033),2023-07-03,21,9900000004,87,ЗК-Услуги-010,106920.07,119915.37,1,Исполнен
40006088967,Услуги EPC/EPCM контракты — АО АНПЗ ВНК (№40006088967),2025-04-17,74,9900000126,74,ЗК-Услуги-006,127301.83,119507.67,1,В работе
40000799980,"Услуги Авторский и технадзор, филиал ВНИКТИНХО (процедура 40000799980)",2022-08-14,46,9900000042,79,ЗК-Услуги-006,154075.75,118309.23,1,Расторгнут
40001784298,Услуги Охрана и режим для АО РН-Няганьнефтегаз (процедура 40001784298),2025-02-03,35,9900000070,87,ЗК-Услуги-008,141074.88,117935.64,1,Исполнен
40009574184,Услуги Аренда и покупка имущества — Филиал ПАО АНК Башнефть Башнефть-Новойл (№40009574184),2024-04-12,10,9900000053,93,ЗК-Услуги-004,109145.03,117121.54,1,Исполнен
40004737877,"Услуги Землеустроительные работы, филиал АО РН-Тверь (процедура 40004737877)",2022-10-10,59,9900000119,77,ЗК-Услуги-003,111857.27,116757.13,1,Исполнен
40008336723,Услуги HR и обучение персонала для АнгараНефть (процедура 40008336723),2025-02-25,56,9900000119,94,ЗК-Услуги-007,130561.44,115531.13,1,Исполнен
40009480232,Услуги Энергоснабжение — ООО НЗМП (№40009480232),2022-07-21,50,9900000119,101,ЗК-Услуги-005,129048.26,114443.76,1,В работе
40003215736,"Услуги Энергоснабжение, филиал АнгараНефть (процедура 40003215736)",2025-03-07,56,9900000259,101,ЗК-Услуги-002,90503.02,114432.07,1,Исполнен
40004806957,Услуги Капитальное строительство для УВАТНЕФТЕГАЗ (процедура 40004806957),2024-07-27,22,9900000050,0,ЗК-Услуги-002,120527.61,114179.76,1,Исполнен
40001847929,Услуги Проектно-изыскательские работы (ПИР) — ООО РН-Черноземье (№40001847929),2024-09-23,6,9900000054,73,ЗК-Услуги-006,128294.93,114079.35,1,В работе
40000600016,"Услуги Строительство и содержание дорог, филиал РН-Морской_терминал_Находка (процедура 40000600016)",2024-04-14,72,8913008910,64,ЗК-Услуги-008,137874.51,113563.48,1,Исполнен
40008775941,Услуги Экология и охрана труда для ООО РН-ПУРНЕФТЕГАЗ (процедура 40008775941),2022-11-10,34,9900000069,95,ЗК-Услуги-001,117166.88,112886.97,1,Исполнен
40001821755,Услуги Финансы и консалтинг — Саратовнефтепродукт (№40001821755),2024-03-02,67,9900000231,80,ЗК-Услуги-006,88421.82,112599.3,1,Исполнен
40001821755,"Услуги Финансы и консалтинг, филиал Саратовнефтепродукт (процедура 40001821755)",2024-03-02,67,9900000070,80,ЗК-Услуги-002,88421.82,112599.3,1,Исполнен
40002379575,Услуги Строительно-монтажные работы (СМР) для ООО СКН (процедура 40002379575),2023-03-27,87,9900000056,72,ЗК-Услуги-002,102727.31,112051.93,1,Исполнен
40006003446,Услуги Химизация добычи — Туапсинский НПЗ (№40006003446),2023-04-20,29,9900000168,66,ЗК-Услуги-007,109915.84,111660.47,1,Исполнен
40007539172,"Услуги Землеустроительные работы, филиал АО Отрадненский ГПЗ (процедура 40007539172)",2025-04-27,55,9900000001,77,ЗК-Услуги-010,119069.8,111067.39,1,Расторгнут
40008750487,Услуги Работа с гибкими трубами (ГНКТ) для ООО РН-Черноземье (процедура 40008750487),2023-09-18,6,9900000050,61,ЗК-Услуги-001,138866.12,110111.98,1,Исполнен
40007137341,Услуги Прочие непроизводственные услуги — Саратовнефтепродукт (№40007137341),2025-09-01,67,9900000058,102,ЗК-Услуги-006,115209.36,109181.8,1,Исполнен
40005575687,"Услуги Работа с гибкими трубами (ГНКТ), филиал АРТ АВИА (процедура 40005575687)",2023-11-28,23,9900000066,61,ЗК-Услуги-007,123198.72,108842.55,1,Исполнен
40008937563,Услуги Сопровождение бурения для Туапсинский НПЗ (процедура 40008937563),2023-05-22,29,8913008910,57,ЗК-Услуги-008,141024.68,108671.33,1,В работе
40006439567,Услуги Капитальное строительство — АООРЕНБУРГНЕФТЬ (№40006439567),2022-03-02,2,9900000050,0,ЗК-Услуги-007,81684.4,108030.65,1,В работе
40000630264,"Услуги Эксплуатационное бурение, филиал ООО_Башнефть-Розница (процедура 40000630264)",2022-08-16,63,9900000057,55,ЗК-Услуги-006,114238.71,107590.41,1,Исполнен
40009410656,Услуги Сейсморазведка для РН-Морской_терминал_Находка (процедура 40009410656),2023-10-26,72,9900000119,58,ЗК-Услуги-009,111397.29,107278.41,1,Исполнен
40007864567,Услуги EPC/EPCM контракты — ВНИКТИНХО (№40007864567),2023-06-03,46,9900000076,74,ЗК-Услуги-003,93362.96,107101.86,1,Исполнен
40006689044,"Услуги Авиаперевозки и работы, филиал АЗКиОС (процедура 40006689044)",2022-04-26,78,9900000053,83,ЗК-Услуги-006,137097.28,106795.55,1,Исполнен
40004645450,Услуги Строительство и содержание дорог для ООО Удмуртэнергонефть (процедура 40004645450),2023-02-20,25,7705838531,64,ЗК-Услуги-004,133420.07,106362.62,1,Исполнен
40000982054,Услуги Зарезка боковых стволов (ЗБС) — УДМУРТНЕФТЬ-БУРЕНИЕ (№40000982054),2024-11-21,24,9900000259,56,ЗК-Услуги-002,124362.06,106287.9,1,Исполнен
40000982054,"Услуги Зарезка боковых стволов (ЗБС), филиал УДМУРТНЕФТЬ-БУРЕНИЕ (процедура 40000982054)",2024-11-21,24,9900000259,56,ЗК-Услуги-001,124362.06,106287.9,1,Исполнен
40000489723,Услуги Прочие геологические услуги для АО РН-Тверь (процедура 40000489723),2025-08-16,59,9900000049,99,ЗК-Услуги-001,85126.87,106257.71,1,Исполнен
40008130991,Услуги Сопровождение бурения — РН-ОХРАНА-АНГАРСК (№40008130991),2022-10-14,7,9900000105,57,ЗК-Услуги-010,130733.82,106115.26,1,Исполнен
40009900518,"Услуги Строительно-монтажные работы (СМР), филиал Уфимский филиал АО РН-ПН (процедура 40009900518)",2023-08-09,26,9900000064,72,ЗК-Услуги-003,131309.9,105482.36,1,Исполнен
40005438119,Услуги Прочие геологические услуги для РН-ОХРАНА-АНГАРСК (процедура 40005438119),2025-07-29,7,9900000055,99,ЗК-Услуги-004,93434.61,105336.94,1,В работе
40005438119,Услуги Прочие геологические услуги — РН-ОХРАНА-АНГАРСК (№40005438119),2025-07-29,7,9900000065,99,ЗК-Услуги-002,93434.61,105336.94,1,В работе
40002668603,"Услуги Сопровождение бурения, филиал ООО Удмуртэнергонефть (процедура 40002668603)",2025-04-20,25,7708639661,57,ЗК-Услуги-001,108295.9,103989.35,1,Исполнен
40006808470,Услуги Операторские и агентские услуги для ООО НЗМП (процедура 40006808470),2023-09-28,50,9900000050,70,ЗК-Услуги-004,90309.44,103730.7,1,Исполнен
40006808470,Услуги Операторские и агентские услуги — ООО НЗМП (№40006808470),2023-09-28,50,9900000112,70,ЗК-Услуги-007,90309.44,103730.7,1,Исполнен
40009845519,"Услуги Аренда и покупка имущества, филиал Туапсинский НПЗ (процедура 40009845519)",2022-06-26,29,9900000007,93,ЗК-Услуги-010,88993.91,103558.78,1,Исполнен
40009845519,Услуги Аренда и покупка имущества для Туапсинский НПЗ (процедура 40009845519),2022-06-26,29,9900000005,93,ЗК-Услуги-006,88993.91,103558.78,1,Исполнен
40009845519,Услуги Аренда и покупка имущества — Туапсинский НПЗ (№40009845519),2022-06-26,29,9900000049,93,ЗК-Услуги-006,88993.91,103558.78,1,Исполнен
40000283486,"Услуги Работа с гибкими трубами (ГНКТ), филиал РН-Краснодарнефтегаз (процедура 40000283486)",2023-04-01,14,9900000060,61,ЗК-Услуги-009,114161.88,103094.19,1,Исполнен
40008047901,Услуги Прочие нефтепромысловые услуги для Саратовнефтепродукт (процедура 40008047901),2024-12-29,67,9900000076,71,ЗК-Услуги-002,81962.08,102933.56,1,В работе
40008047901,Услуги Прочие нефтепромысловые услуги — Саратовнефтепродукт (№40008047901),2024-12-29,67,9900000140,71,ЗК-Услуги-004,81962.08,102933.56,1,В работе
40005780335,"Услуги Финансы и консалтинг, филиал АО РН-Ярославль (процедура 40005780335)",2024-06-09,43,1655142978,80,ЗК-Услуги-005,83276.47,102693.43,1,Исполнен
40005780335,Услуги Финансы и консалтинг для АО РН-Ярославль (процедура 40005780335),2024-06-09,43,9900000049,80,ЗК-Услуги-001,83276.47,102693.43,1,Исполнен
40008025575,Услуги Эксплуатационное бурение — Саратовнефтепродукт (№40008025575),2024-04-14,67,9900000077,55,ЗК-Услуги-008,108338.38,102596.96,1,Исполнен
40007822370,"Услуги Корпоративная безопасность, филиал Банк ВБРР (процедура 40007822370)",2025-07-14,44,9900000005,60,ЗК-Услуги-008,80844.81,101857.69,1,Исполнен
40004868926,Услуги Инвестпроекты и НИОКР для ООО РН-Проектирование Добыча (процедура 40004868926),2025-09-14,37,9900000075,89,ЗК-Услуги-006,89097.38,100430.58,1,Исполнен
40003595569,Услуги Строительство и содержание дорог — РН-Морской_терминал_Находка (№40003595569),2023-09-08,72,9900000003,64,ЗК-Услуги-005,134707.03,99803.12,1,Исполнен
40007980863,"Услуги Непроизводственные объекты, филиал СНКНГ Славнефть-Красноярскнефтегаз (процедура 40007980863)",2024-02-20,21,9900000238,78,ЗК-Услуги-008,104331.33,99457.22,1,В работе
40007980863,Услуги Непроизводственные объекты для СНКНГ Славнефть-Красноярскнефтегаз (процедура 40007980863),2024-02-20,21,9900000119,78,ЗК-Услуги-003,104331.33,99457.22,1,В работе
40003396592,Услуги Землеустроительные работы — АО РНПК (№40003396592),2024-06-24,36,9900000003,77,ЗК-Услуги-003,109518.37,98645.92,1,Исполнен
40005782805,"Услуги Ремонт и освоение скважин, филиал ООО РН-Черноземье (процедура 40005782805)",2023-03-16,6,9900000075,62,ЗК-Услуги-002,109027.75,97890.91,1,Исполнен
40003471152,Услуги ТО и ремонт оборудования для ИркутскНП (процедура 40003471152),2023-09-12,30,9900000168,67,ЗК-Услуги-005,100678.33,97532.93,1,Исполнен
40005223064,Услуги Прочие нефтепромысловые услуги — АО РОСПАН ИНТЕРНЕШНЛ (№40005223064),2024-05-29,41,9900000119,71,ЗК-Услуги-003,79515.27,97503.48,1,Исполнен
40004658278,"Услуги Социально-бытовые услуги, филиал УНХ (процедура 40004658278)",2022-10-05,9,9900000252,84,ЗК-Услуги-003,80958.63,96561.95,1,Исполнен
40007545078,Услуги Энергоснабжение для ООО Удмуртэнергонефть (процедура 40007545078),2022-12-08,25,9900000066,101,ЗК-Услуги-006,117633.01,96533.0,1,Расторгнут
40008038368,Услуги Операционные услуги добычи — РН-Краснодарнефтегаз (№40008038368),2022-01-18,14,9900000071,65,ЗК-Услуги-008,82890.64,96400.36,1,В работе
40003497826,"Услуги Автотранспортные услуги, филиал АО РН-Ярославль (процедура 40003497826)",2023-07-01,43,9900000053,63,ЗК-Услуги-002,117510.31,96280.66,1,Исполнен
40003497826,Услуги Автотранспортные услуги для АО РН-Ярославль (процедура 40003497826),2023-07-01,43,9900000072,63,ЗК-Услуги-004,117510.31,96280.66,1,Исполнен
40005893081,Услуги Инвестпроекты и НИОКР — Самаранефтепродукт АО (№40005893081),2023-09-01,19,9900000119,89,ЗК-Услуги-007,124620.58,95674.69,1,Исполнен
40007452642,"Услуги Проектно-изыскательские работы (ПИР), филиал Нефтепромлизинг (процедура 40007452642)",2025-08-03,75,9900000080,73,ЗК-Услуги-001,92092.62,95360.69,1,Исполнен
40002008114,Услуги Корпоративная безопасность для АО Отрадненский ГПЗ (процедура 40002008114),2025-04-05,55,6633028244,60,ЗК-Услуги-001,87573.13,95350.93,1,Исполнен
40002008114,Услуги Корпоративная безопасность — АО Отрадненский ГПЗ (№40002008114),2025-04-05,55,9900000035,60,ЗК-Услуги-010,87573.13,95350.93,1,Исполнен
40002008114,"Услуги Корпоративная безопасность, филиал АО Отрадненский ГПЗ (процедура 40002008114)",2025-04-05,55,9900000147,60,ЗК-Услуги-007,87573.13,95350.93,1,Исполнен
40005524967,Услуги ИТ-услуги и поддержка для ПАО НК Роснефть-Курганнефтепродукт (процедура 40005524967),2024-03-09,58,9900000050,86,ЗК-Услуги-007,79647.42,95135.4,1,Исполнен
40002030112,Услуги ТО и ремонт оборудования — ООО РН-Драгмет (№40002030112),2024-05-27,38,9900000021,67,ЗК-Услуги-001,107259.44,95059.78,1,Исполнен
40008660531,"Услуги Поставка углеводородов, филиал ООО РН-Черноземье (процедура 40008660531)",2025-03-22,6,9900000245,90,ЗК-Услуги-001,91495.58,94868.97,1,Исполнен
40008660531,Услуги Поставка углеводородов для ООО РН-Черноземье (процедура 40008660531),2025-03-22,6,9900000168,90,ЗК-Услуги-004,91495.58,94868.97,1,Исполнен
40009609875,Услуги Авиаперевозки и работы — ЗАО ИННЦ (№40009609875),2022-09-01,27,9900000028,83,ЗК-Услуги-005,108770.21,94444.65,1,Исполнен
40009369268,"Услуги Капитальное строительство, филиал Саратовнефтепродукт (процедура 40009369268)",2025-03-20,67,9900000003,0,ЗК-Услуги-005,100791.3,94353.53,1,Исполнен
40004241182,Услуги Маркетинг и мероприятия для ООО ННПО (процедура 40004241182),2022-05-31,4,9900000119,92,ЗК-Услуги-004,120769.94,94329.04,1,Исполнен
40004384183,Услуги Капитальное строительство — УДМУРТНЕФТЬ-БУРЕНИЕ (№40004384183),2022-10-21,24,9900000084,0,ЗК-Услуги-008,77659.84,93952.48,1,В работе
40001163188,"Услуги АХО и административные услуги, филиал РН-ОХРАНА-АНГАРСК (процедура 40001163188)",2025-09-21,7,9900000133,85,ЗК-Услуги-007,83294.82,93743.01,1,Исполнен
40001163188,Услуги АХО и административные услуги для РН-ОХРАНА-АНГАРСК (процедура 40001163188),2025-09-21,7,9900000273,85,ЗК-Услуги-009,83294.82,93743.01,1,Исполнен
40003001343,Услуги Операционные услуги добычи — ООО РН-Черноземье (№40003001343),2023-01-11,6,9900000217,65,ЗК-Услуги-007,119553.03,93715.77,1,В работе
40000602831,"Услуги Ремонт и освоение скважин, филиал ИркутскНП (процедура 40000602831)",2025-11-29,30,9900000069,62,ЗК-Услуги-010,118081.27,93631.79,1,Исполнен
40005025649,Услуги Проектно-изыскательские работы (ПИР) для АО РН-Няганьнефтегаз (процедура 40005025649),2024-11-01,35,9900000078,73,ЗК-Услуги-001,109369.97,93404.64,1,Исполнен
40005906020,Услуги Ремонт и освоение скважин — АО РН-Няганьнефтегаз (№40005906020),2022-06-27,35,9900000004,62,ЗК-Услуги-007,73825.18,93310.37,1,Исполнен
40004508783,"Услуги Маркетинг и мероприятия, филиал ООО Удмуртэнергонефть (процедура 40004508783)",2025-08-17,25,9900000002,92,ЗК-Услуги-001,105224.15,92775.73,1,Расторгнут
40004508783,Услуги Маркетинг и мероприятия для ООО Удмуртэнергонефть (процедура 40004508783),2025-08-17,25,9900000098,92,ЗК-Услуги-007,105224.15,92775.73,1,Расторгнут
40004508783,Услуги Маркетинг и мероприятия — ООО Удмуртэнергонефть (№40004508783),2025-08-17,25,9900000273,92,ЗК-Услуги-010,105224.15,92775.73,1,Расторгнут
40009159172,"Услуги Авиаперевозки и работы, филиал АО РН-Няганьнефтегаз (процедура 40009159172)",2025-01-17,35,6633028244,83,ЗК-Услуги-008,98062.04,92651.38,1,Исполнен
40009368551,Услуги Строительно-монтажные работы (СМР) для ТЗК Шереметьево (процедура 40009368551),2025-12-02,42,9900000077,72,ЗК-Услуги-009,84961.0,92133.38,1,Исполнен
40009368551,Услуги Строительно-монтажные работы (СМР) — ТЗК Шереметьево (№40009368551),2025-12-02,42,9900000061,72,ЗК-Услуги-003,84961.0,92133.38,1,Исполнен
40007933634,"Услуги Страхование, филиал СНКНГ Славнефть-Красноярскнефтегаз (процедура 40007933634)",2023-10-13,21,9900000259,81,ЗК-Услуги-004,114605.47,90491.27,1,Исполнен
40007933634,Услуги Страхование для СНКНГ Славнефть-Красноярскнефтегаз (процедура 40007933634),2023-10-13,21,8913008910,81,ЗК-Услуги-004,114605.47,90491.27,1,Исполнен
40008316046,Услуги Прочие нефтепромысловые услуги — Туапсинский НПЗ (№40008316046),2023-11-30,29,9900000057,71,ЗК-Услуги-009,86351.96,90331.32,1,Исполнен
40008316046,"Услуги Прочие нефтепромысловые услуги, филиал Туапсинский НПЗ (процедура 40008316046)",2023-11-30,29,9900000021,71,ЗК-Услуги-007,86351.96,90331.32,1,Исполнен
40006511695,Услуги Обслуживание энергохозяйства для ЗАО ИННЦ (процедура 40006511695),2022-07-19,27,9900000217,68,ЗК-Услуги-003,108766.81,89225.97,1,Исполнен
40000110667,Услуги ТО и ремонт оборудования — Саратовнефтепродукт (№40000110667),2023-12-05,67,9900000069,67,ЗК-Услуги-010,95312.74,89001.71,1,Исполнен
40005014410,"Услуги Охрана и режим, филиал 00_РН-Москва (процедура 40005014410)",2025-08-08,65,9900000003,87,ЗК-Услуги-005,72270.95,88663.54,1,Исполнен
40004910140,Услуги Прочие геологические услуги для РН-АЭРО (процедура 40004910140),2022-07-28,40,9900000049,99,ЗК-Услуги-007,111584.78,88429.81,1,Исполнен
40007005499,Услуги HR и обучение персонала — АО РН-Тверь (№40007005499),2023-05-18,59,9900000175,94,ЗК-Услуги-008,100034.92,87632.33,1,Исполнен
40007005499,"Услуги HR и обучение персонала, филиал АО РН-Тверь (процедура 40007005499)",2023-05-18,59,9900000245,94,ЗК-Услуги-001,100034.92,87632.33,1,Исполнен
40006411042,Услуги Разведочное бурение для ООО Харампурнефтегаз (процедура 40006411042),2023-04-21,70,1655142978,96,ЗК-Услуги-002,118029.41,87563.08,1,Исполнен
40006411042,Услуги Разведочное бурение — ООО Харампурнефтегаз (№40006411042),2023-04-21,70,9900000002,96,ЗК-Услуги-007,118029.41,87563.08,1,Исполнен
40003421221,"Услуги Операторские и агентские услуги, филиал АнгараНефть (процедура 40003421221)",2025-09-15,56,9900000067,70,ЗК-Услуги-002,101042.18,87518.73,1,Исполнен
40002737563,Услуги Проектно-изыскательские работы (ПИР) для ООО РН-Морской терминал Архангельск (процедура 40002737563),2023-04-18,77,9900000091,73,ЗК-Услуги-007,78834.32,87226.29,1,Исполнен
40002737563,Услуги Проектно-изыскательские работы (ПИР) — ООО РН-Морской терминал Архангельск (№40002737563),2023-04-18,77,9900000063,73,ЗК-Услуги-009,78834.32,87226.29,1,Исполнен
40002737563,"Услуги Проектно-изыскательские работы (ПИР), филиал ООО РН-Морской терминал Архангельск (процедура 40002737563)",2023-04-18,77,9900000021,73,ЗК-Услуги-002,78834.32,87226.29,1,Исполнен
40001348829,Услуги HR и обучение персонала для АО РН-Няганьнефтегаз (процедура 40001348829),2025-08-31,35,9900000053,94,ЗК-Услуги-007,77813.2,87161.47,1,Исполнен
40008692362,Услуги Операторские и агентские услуги — ООО РН-Пожарная безопасность (№40008692362),2025-12-24,47,9900000052,70,ЗК-Услуги-004,90606.05,86989.77,1,Исполнен
40008093399,"Услуги Ж/д перевозки, филиал ООО РН-Карт (процедура 40008093399)",2022-08-24,5,9900000075,82,ЗК-Услуги-002,94687.55,86210.72,1,Исполнен
40008093399,Услуги Ж/д перевозки для ООО РН-Карт (процедура 40008093399),2022-08-24,5,9900000273,82,ЗК-Услуги-007,94687.55,86210.72,1,Исполнен
40006694998,Услуги EPC/EPCM контракты — АО РН-Ярославль (№40006694998),2023-09-12,43,9900000070,74,ЗК-Услуги-005,102912.25,85895.62,1,В работе
40001033374,"Услуги Сейсморазведка, филиал ООО ИК СИБИНТЕК (процедура 40001033374)",2023-03-25,80,1655142978,58,ЗК-Услуги-001,71074.07,85871.1,1,Исполнен
40006135897,Услуги Прочие геологические услуги для ООО ИК СИБИНТЕК (процедура 40006135897),2022-10-29,80,9900000126,99,ЗК-Услуги-005,79474.13,85852.67,1,Исполнен
40006135897,Услуги Прочие геологические услуги — ООО ИК СИБИНТЕК (№40006135897),2022-10-29,80,9900000054,99,ЗК-Услуги-003,79474.13,85852.67,1,Исполнен
40007991403,"Услуги Непроизводственные объекты, филиал ООО РН-Пожарная безопасность (процедура 40007991403)",2023-04-18,47,9900000273,78,ЗК-Услуги-007,102584.97,85486.2,1,Исполнен
40000555485,Услуги Строительство и содержание дорог для ООО РН-Морской терминал Архангельск (процедура 40000555485),2025-07-31,77,7705838531,64,ЗК-Услуги-006,100834.07,84865.95,1,В работе
40003775641,Услуги Авторский и технадзор — ООО Соровскнефть (№40003775641),2025-06-10,66,9900000061,79,ЗК-Услуги-008,103625.68,84808.37,1,Исполнен
40003775641,"Услуги Авторский и технадзор, филиал ООО Соровскнефть (процедура 40003775641)",2025-06-10,66,9900000073,79,ЗК-Услуги-005,103625.68,84808.37,1,Исполнен
40004409790,Услуги ИТ-услуги и поддержка для ООО РН-Пожарная безопасность (процедура 40004409790),2025-06-23,47,9900000014,86,ЗК-Услуги-002,69782.34,84251.05,1,Исполнен
40005978107,Услуги Операторские и агентские услуги — Самаранефтепродукт АО (№40005978107),2022-01-06,19,9900000042,70,ЗК-Услуги-009,72670.31,83805.84,1,Исполнен
40009228323,"Услуги Сопровождение бурения, филиал АО РН-Няганьнефтегаз (процедура 40009228323)",2024-11-30,35,9900000067,57,ЗК-Услуги-008,68141.18,83677.88,1,Исполнен
40005279927,Услуги Аренда и покупка имущества для ВСНК (процедура 40005279927),2024-05-21,3,8913008910,93,ЗК-Услуги-006,99818.11,83427.58,1,Исполнен
40005279927,Услуги Аренда и покупка имущества — ВСНК (№40005279927),2024-05-21,3,9900000073,93,ЗК-Услуги-010,99818.11,83427.58,1,Исполнен
40005476197,"Услуги Операционные услуги добычи, филиал РН-Краснодарнефтегаз (процедура 40005476197)",2025-05-23,14,9900000098,65,ЗК-Услуги-007,72880.81,83069.85,1,В работе
40005476197,Услуги Операционные услуги добычи для РН-Краснодарнефтегаз (процедура 40005476197),2025-05-23,14,9900000054,65,ЗК-Услуги-009,72880.81,83069.85,1,В работе
40005393290,Услуги Проектно-изыскательские работы (ПИР) — ООО СКН (№40005393290),2022-11-24,87,9900000196,73,ЗК-Услуги-007,68805.87,82991.38,1,Исполнен
40005393290,"Услуги Проектно-изыскательские работы (ПИР), филиал ООО СКН (процедура 40005393290)",2022-11-24,87,9900000000,73,ЗК-Услуги-003,68805.87,82991.38,1,Исполнен
40002545916,Услуги Промбезопасность и контроль для УВАТНЕФТЕГАЗ (процедура 40002545916),2024-11-20,22,9900000042,69,ЗК-Услуги-006,99968.4,82807.66,1,В работе
40001091437,Услуги Инвестпроекты и НИОКР — Уфимский филиал АО РН-ПН (№40001091437),2025-08-28,26,8913008910,89,ЗК-Услуги-007,68953.53,82735.44,1,Исполнен
40001091437,"Услуги Инвестпроекты и НИОКР, филиал Уфимский филиал АО РН-ПН (процедура 40001091437)",2025-08-28,26,9900000074,89,ЗК-Услуги-002,68953.53,82735.44,1,Исполнен
40009106068,Услуги Землеустроительные работы для Туапсинский НПЗ (процедура 40009106068),2024-09-30,29,9900000056,77,ЗК-Услуги-003,101624.81,82696.95,1,Исполнен
40002769248,Услуги Энергоснабжение — 6. ПАО АНК Башнефть (№40002769248),2023-04-19,17,9900000119,101,ЗК-Услуги-004,96271.22,82340.44,1,Исполнен
40002769248,"Услуги Энергоснабжение, филиал 6. ПАО АНК Башнефть (процедура 40002769248)",2023-04-19,17,9900000084,101,ЗК-Услуги-010,96271.22,82340.44,1,Исполнен
40009382401,Услуги Работа с гибкими трубами (ГНКТ) для ООО СКН (процедура 40009382401),2022-09-06,87,9900000076,61,ЗК-Услуги-006,96294.84,81810.92,1,Расторгнут
40002130751,Услуги Строительство и содержание дорог — ООО РН-ГИР (№40002130751),2024-09-28,39,9900000084,64,ЗК-Услуги-001,90084.88,81731.87,1,Исполнен
40002130751,"Услуги Строительство и содержание дорог, филиал ООО РН-ГИР (процедура 40002130751)",2024-09-28,39,9900000014,64,ЗК-Услуги-009,90084.88,81731.87,1,Исполнен
40002644507,Услуги Охрана и режим для АО РН-Ярославль (процедура 40002644507),2024-11-26,43,9900000203,87,ЗК-Услуги-005,63233.88,81640.45,1,Исполнен
40002644507,Услуги Охрана и режим — АО РН-Ярославль (№40002644507),2024-11-26,43,9900000076,87,ЗК-Услуги-007,63233.88,81640.45,1,Исполнен
40002644507,"Услуги Охрана и режим, филиал АО РН-Ярославль (процедура 40002644507)",2024-11-26,43,9900000182,87,ЗК-Услуги-009,63233.88,81640.45,1,Исполнен
40000545832,Услуги Землеустроительные работы для РН-ОХРАНА-АНГАРСК (процедура 40000545832),2025-12-10,7,9900000035,77,ЗК-Услуги-009,64200.54,80991.6,1,Исполнен
40000545832,Услуги Землеустроительные работы — РН-ОХРАНА-АНГАРСК (№40000545832),2025-12-10,7,9900000035,77,ЗК-Услуги-001,64200.54,80991.6,1,Исполнен
40000545832,"Услуги Землеустроительные работы, филиал РН-ОХРАНА-АНГАРСК (процедура 40000545832)",2025-12-10,7,9900000007,77,ЗК-Услуги-001,64200.54,80991.6,1,Исполнен
40004484985,Услуги Корпоративная безопасность для АЗКиОС (процедура 40004484985),2024-01-05,78,9900000021,60,ЗК-Услуги-003,69648.51,80556.88,1,В работе
40004484985,Услуги Корпоративная безопасность — АЗКиОС (№40004484985),2024-01-05,78,9900000203,60,ЗК-Услуги-006,69648.51,80556.88,1,В работе
40001523913,"Услуги Промбезопасность и контроль, филиал АО РН-Ярославль (процедура 40001523913)",2025-03-15,43,9900000175,69,ЗК-Услуги-002,89443.47,80318.85,1,Исполнен
40001523913,Услуги Промбезопасность и контроль для АО РН-Ярославль (процедура 40001523913),2025-03-15,43,9900000224,69,ЗК-Услуги-010,89443.47,80318.85,1,Исполнен
40007434230,Услуги Страхование — ООО РН Комсомольский - НПЗ (№40007434230),2023-07-03,28,9900000007,81,ЗК-Услуги-001,99340.08,80102.31,1,Исполнен
40009600419,"Услуги Геофизические исследования (ГИС), филиал Самотлорнефтегаз (процедура 40009600419)",2022-11-12,20,9900000056,59,ЗК-Услуги-001,102495.3,79299.25,1,Исполнен
40009600419,Услуги Геофизические исследования (ГИС) для Самотлорнефтегаз (процедура 40009600419),2022-11-12,20,9900000056,59,ЗК-Услуги-005,102495.3,79299.25,1,Исполнен
40004221635,Услуги EPC/EPCM контракты — АО Отрадненский ГПЗ (№40004221635),2023-11-09,55,9900000071,74,ЗК-Услуги-004,69858.18,78735.33,1,Исполнен
40003278414,"Услуги Ж/д перевозки, филиал ООО РН-Черноземье (процедура 40003278414)",2023-09-13,6,9900000065,82,ЗК-Услуги-001,88433.09,77766.46,1,Исполнен
40003278414,Услуги Ж/д перевозки для ООО РН-Черноземье (процедура 40003278414),2023-09-13,6,7708639661,82,ЗК-Услуги-004,88433.09,77766.46,1,Исполнен
40006319922,Услуги Инвестпроекты и НИОКР — ООО РН-Черноземье (№40006319922),2022-03-31,6,9900000021,89,ЗК-Услуги-003,101691.39,77664.61,1,Исполнен
40000589927,"Услуги Капитальное строительство, филиал АО РН-Ярославль (процедура 40000589927)",2024-08-30,43,7708084402,0,ЗК-Услуги-002,90926.26,77519.82,1,Исполнен
40002377133,Услуги Операторские и агентские услуги для Филиал ПАО АНК Башнефть Башнефть-Новойл (процедура 40002377133),2023-11-08,10,9900000231,70,ЗК-Услуги-009,61792.58,77428.39,1,Исполнен
40004072090,Услуги Прочие непроизводственные услуги — ООО РН-Черноземье (№40004072090),2024-11-27,6,9900000028,102,ЗК-Услуги-001,82229.54,77277.77,1,Исполнен
40004369993,"Услуги Химизация добычи, филиал СНКНГ Славнефть-Красноярскнефтегаз (процедура 40004369993)",2023-10-12,21,7708084402,66,ЗК-Услуги-007,66259.8,77116.49,1,Исполнен
40004369993,Услуги Химизация добычи для СНКНГ Славнефть-Красноярскнефтегаз (процедура 40004369993),2023-10-12,21,9900000073,66,ЗК-Услуги-004,66259.8,77116.49,1,Исполнен
40003407651,Услуги Строительство и содержание дорог — СНКНГ Славнефть-Красноярскнефтегаз (№40003407651),2023-04-08,21,9900000070,64,ЗК-Услуги-005,73222.72,76957.44,1,В работе
40005966505,"Услуги Капитальное строительство, филиал АО АНПЗ ВНК (процедура 40005966505)",2024-10-29,74,6633028244,0,ЗК-Услуги-010,69871.31,76619.61,1,В работе
40005966505,Услуги Капитальное строительство для АО АНПЗ ВНК (процедура 40005966505),2024-10-29,74,9900000021,0,ЗК-Услуги-005,69871.31,76619.61,1,В работе
40001210762,Услуги Геофизические исследования (ГИС) — 6. ПАО АНК Башнефть (№40001210762),2022-05-24,17,9900000079,59,ЗК-Услуги-001,91450.71,76412.01,1,Исполнен
40000788666,"Услуги Землеустроительные работы, филиал 6. ПАО АНК Башнефть (процедура 40000788666)",2023-09-29,17,1655142978,77,ЗК-Услуги-006,90631.25,76331.83,1,Исполнен
40009221877,Услуги Инвестпроекты и НИОКР для АО РН-Няганьнефтегаз (процедура 40009221877),2023-06-23,35,7736280166,89,ЗК-Услуги-009,59616.46,76066.68,1,Исполнен
40009221877,Услуги Инвестпроекты и НИОКР — АО РН-Няганьнефтегаз (№40009221877),2023-06-23,35,9900000052,89,ЗК-Услуги-002,59616.46,76066.68,1,Исполнен
40003027306,"Услуги Капитальное строительство, филиал АнгараНефть (процедура 40003027306)",2024-02-12,56,9900000014,0,ЗК-Услуги-007,60388.6,76009.56,1,Исполнен
40007706144,Услуги Маркетинг и мероприятия для ООО СКН (процедура 40007706144),2024-06-20,87,9900000066,92,ЗК-Услуги-006,92258.58,75852.47,1,Исполнен
40003509220,Услуги HR и обучение персонала — ООО Харампурнефтегаз (№40003509220),2022-02-09,70,9900000059,94,ЗК-Услуги-005,60399.58,75773.95,1,Исполнен
40002548599,"Услуги Землеустроительные работы, филиал Самаранефтепродукт АО (процедура 40002548599)",2025-07-24,19,9900000021,77,ЗК-Услуги-004,90298.69,75608.15,1,Исполнен
40002548599,Услуги Землеустроительные работы для Самаранефтепродукт АО (процедура 40002548599),2025-07-24,19,9900000078,77,ЗК-Услуги-004,90298.69,75608.15,1,Исполнен
40003697528,Услуги Разведочное бурение — Смоленск-НП (№40003697528),2024-12-27,8,6633028244,96,ЗК-Услуги-006,97644.87,75249.72,1,В работе
40001832734,"Услуги Строительно-монтажные работы (СМР), филиал АО РОСПАН ИНТЕРНЕШНЛ (процедура 40001832734)",2022-06-19,41,7736280166,72,ЗК-Услуги-004,97109.94,75148.42,1,Исполнен
40008236271,Услуги Авиаперевозки и работы для АО РН-Ярославль (процедура 40008236271),2022-10-22,43,9900000014,83,ЗК-Услуги-005,68006.87,74676.38,1,Исполнен
40008236271,Услуги Авиаперевозки и работы — АО РН-Ярославль (№40008236271),2022-10-22,43,9900000054,83,ЗК-Услуги-006,68006.87,74676.38,1,Исполнен
40007456960,"Услуги Строительство и содержание дорог, филиал Туапсинский НПЗ (процедура 40007456960)",2024-04-24,29,9900000007,64,ЗК-Услуги-005,61888.66,74374.3,1,Исполнен
40007456960,Услуги Строительство и содержание дорог для Туапсинский НПЗ (процедура 40007456960),2024-04-24,29,7736280166,64,ЗК-Услуги-007,61888.66,74374.3,1,Исполнен
40009522073,Услуги Капитальное строительство — УВАТНЕФТЕГАЗ (№40009522073),2024-11-21,22,9900000189,0,ЗК-Услуги-009,75641.63,74212.19,1,Исполнен
40009522073,"Услуги Капитальное строительство, филиал УВАТНЕФТЕГАЗ (процедура 40009522073)",2024-11-21,22,9900000001,0,ЗК-Услуги-010,75641.63,74212.19,1,Исполнен
40007028859,Услуги Авиаперевозки и работы для РН-ОХРАНА-АНГАРСК (процедура 40007028859),2023-05-26,7,9900000035,83,ЗК-Услуги-007,59682.22,74198.07,1,Исполнен
40004438839,Услуги Операционные услуги добычи — ВНИКТИНХО (№40004438839),2024-03-03,46,9900000055,65,ЗК-Услуги-007,60338.48,72957.97,1,Исполнен
40000918862,"Услуги Энергоснабжение, филиал УВАТНЕФТЕГАЗ (процедура 40000918862)",2025-04-29,22,9900000084,101,ЗК-Услуги-004,97010.05,72939.73,1,В работе
40009638290,Услуги Прочие нефтепромысловые услуги для Саратовнефтепродукт (процедура 40009638290),2025-04-11,67,9900000051,71,ЗК-Услуги-001,97825.4,72678.13,1,Расторгнут
40001894984,Услуги Экология и охрана труда — АО Отрадненский ГПЗ (№40001894984),2025-11-23,55,9900000210,95,ЗК-Услуги-008,62986.13,72626.43,1,Исполнен
40007689690,"Услуги Прочие нефтепромысловые услуги, филиал АО РН-Ярославль (процедура 40007689690)",2023-06-20,43,9900000077,71,ЗК-Услуги-004,91704.48,71729.34,1,В работе
40003062031,Услуги Прочие нефтепромысловые услуги для РН-ОХРАНА-АНГАРСК (процедура 40003062031),2025-01-04,7,7705838531,71,ЗК-Услуги-001,75321.94,71467.03,1,В работе
40009379135,Услуги Прочие геологические услуги — 6. ПАО АНК Башнефть (№40009379135),2024-01-16,17,9900000000,99,ЗК-Услуги-005,78349.37,71370.19,1,Исполнен
40009487309,"Услуги Строительно-монтажные работы (СМР), филиал ООО РН-Черноземье (процедура 40009487309)",2024-07-30,6,7708639661,72,ЗК-Услуги-008,82733.17,71220.45,1,Исполнен
40009395669,Услуги Капитальное строительство для ООО Соровскнефть (процедура 40009395669),2022-02-04,66,9900000119,0,ЗК-Услуги-004,91445.77,71139.34,1,Исполнен
40004155782,Услуги Охрана и режим — АнгараНефть (№40004155782),2025-10-13,56,9900000203,87,ЗК-Услуги-008,65425.92,70808.65,1,Исполнен
40004155782,"Услуги Охрана и режим, филиал АнгараНефть (процедура 40004155782)",2025-10-13,56,9900000203,87,ЗК-Услуги-008,65425.92,70808.65,1,Исполнен
40004155782,Услуги Охрана и режим для АнгараНефть (процедура 40004155782),2025-10-13,56,9900000064,87,ЗК-Услуги-003,65425.92,70808.65,1,Исполнен
40005237935,Услуги Энергоснабжение — Башнефть-ПЕТРОТЕСТ (№40005237935),2025-06-06,57,9900000245,101,ЗК-Услуги-009,58116.71,70558.73,1,Расторгнут
40009229844,"Услуги Автотранспортные услуги, филиал АнгараНефть (процедура 40009229844)",2023-06-24,56,9900000245,63,ЗК-Услуги-003,91054.92,70411.64,1,Исполнен
40009229844,Услуги Автотранспортные услуги для АнгараНефть (процедура 40009229844),2023-06-24,56,9900000079,63,ЗК-Услуги-001,91054.92,70411.64,1,Исполнен
40004158348,Услуги Сейсморазведка — ООО НЗМП (№40004158348),2023-04-17,50,9900000065,58,ЗК-Услуги-002,88603.74,69342.62,1,Исполнен
40000456761,"Услуги Экология и охрана труда, филиал АО РОСПАН ИНТЕРНЕШНЛ (процедура 40000456761)",2022-12-16,41,1655142978,95,ЗК-Услуги-006,89582.15,69150.95,1,Исполнен
40003235973,Услуги Строительно-монтажные работы (СМР) для Башнефть-ПЕТРОТЕСТ (процедура 40003235973),2022-07-21,57,9900000056,72,ЗК-Услуги-010,90261.81,69147.27,1,Исполнен
40004410807,Услуги Непроизводственные объекты — 6. ПАО АНК Башнефть (№40004410807),2024-10-22,17,9900000052,78,ЗК-Услуги-002,88440.44,69132.56,1,Исполнен
40000896431,"Услуги Обслуживание энергохозяйства, филиал ООО НЗМП (процедура 40000896431)",2022-09-02,50,9900000203,68,ЗК-Услуги-006,71221.89,69108.85,1,В работе
40000896431,Услуги Обслуживание энергохозяйства для ООО НЗМП (процедура 40000896431),2022-09-02,50,9900000105,68,ЗК-Услуги-001,71221.89,69108.85,1,В работе
40000896431,Услуги Обслуживание энергохозяйства — ООО НЗМП (№40000896431),2022-09-02,50,9900000052,68,ЗК-Услуги-001,71221.89,69108.85,1,В работе
40005188373,"Услуги HR и обучение персонала, филиал ПАО СаратовскийНПЗ (процедура 40005188373)",2022-12-01,18,9900000007,94,ЗК-Услуги-005,74012.27,68192.8,1,Расторгнут
40000122637,Услуги Экология и охрана труда для ООО РН-ГИР (процедура 40000122637),2024-04-13,39,9900000076,95,ЗК-Услуги-010,53707.24,68158.1,1,Расторгнут
40009916541,Услуги Социально-бытовые услуги — РН-Бурение (№40009916541),2025-07-31,85,9900000084,84,ЗК-Услуги-009,61312.28,68006.74,1,Исполнен
40007512460,"Услуги HR и обучение персонала, филиал ООО РН-СтройКонтроль (процедура 40007512460)",2023-07-13,48,9900000074,94,ЗК-Услуги-008,63542.21,67645.77,1,Исполнен
40008801820,Услуги Экология и охрана труда для Саратовнефтепродукт (процедура 40008801820),2023-12-10,67,9900000059,95,ЗК-Услуги-003,80249.6,67334.57,1,В работе
40001717426,Услуги Геофизические исследования (ГИС) — АО Орелнефтепродукт (№40001717426),2022-01-11,11,9900000210,59,ЗК-Услуги-003,59170.43,66247.62,1,Исполнен
40001717426,"Услуги Геофизические исследования (ГИС), филиал АО Орелнефтепродукт (процедура 40001717426)",2022-01-11,11,9900000168,59,ЗК-Услуги-001,59170.43,66247.62,1,Исполнен
40005993204,Услуги Прочие нефтепромысловые услуги для АнгараНефть (процедура 40005993204),2023-03-30,56,9900000061,71,ЗК-Услуги-003,61785.57,65731.1,1,Исполнен
40005993204,Услуги Прочие нефтепромысловые услуги — АнгараНефть (№40005993204),2023-03-30,56,9900000063,71,ЗК-Услуги-001,61785.57,65731.1,1,Исполнен
40001337797,"Услуги Авторский и технадзор, филиал УДМУРТНЕФТЬ-БУРЕНИЕ (процедура 40001337797)",2024-05-04,24,9900000058,79,ЗК-Услуги-008,87557.32,65535.09,1,Исполнен
40008378301,Услуги Прочие нефтепромысловые услуги для СНКНГ Славнефть-Красноярскнефтегаз (процедура 40008378301),2022-04-18,21,9900000059,71,ЗК-Услуги-001,58951.03,65511.43,1,В работе
40009534152,Услуги Инвестпроекты и НИОКР — ООО РН-Черноземье (№40009534152),2023-09-21,6,9900000001,89,ЗК-Услуги-005,71619.49,64898.57,1,Исполнен
40008936578,"Услуги Ж/д перевозки, филиал РН-ОХРАНА-АНГАРСК (процедура 40008936578)",2024-06-12,7,9900000273,82,ЗК-Услуги-009,86065.93,64601.41,1,Исполнен
40008936578,Услуги Ж/д перевозки для РН-ОХРАНА-АНГАРСК (процедура 40008936578),2024-06-12,7,9900000231,82,ЗК-Услуги-007,86065.93,64601.41,1,Исполнен
40008092359,Услуги Прочие непроизводственные услуги — ООО РН-Черноземье (№40008092359),2025-06-25,6,9900000126,102,ЗК-Услуги-004,73302.44,64252.72,1,Исполнен
40004324812,"Услуги Автотранспортные услуги, филиал ООО РН Комсомольский - НПЗ (процедура 40004324812)",2025-01-19,28,9900000079,63,ЗК-Услуги-009,79133.26,64201.13,1,Исполнен
40004324812,Услуги Автотранспортные услуги для ООО РН Комсомольский - НПЗ (процедура 40004324812),2025-01-19,28,9900000053,63,ЗК-Услуги-009,79133.26,64201.13,1,Исполнен
40006125323,Услуги Строительно-монтажные работы (СМР) — АО РН-Ярославль (№40006125323),2025-03-18,43,9900000231,72,ЗК-Услуги-002,72044.79,63728.47,1,Исполнен
40006125323,"Услуги Строительно-монтажные работы (СМР), филиал АО РН-Ярославль (процедура 40006125323)",2025-03-18,43,9900000161,72,ЗК-Услуги-010,72044.79,63728.47,1,Исполнен
40000258134,Услуги Геофизические исследования (ГИС) для Нефтепромлизинг (процедура 40000258134),2023-06-18,75,9900000119,59,ЗК-Услуги-010,68077.83,63561.05,1,Исполнен
40000596372,Услуги Прочие геологические услуги — РН-Морской_терминал_Находка (№40000596372),2025-02-18,72,9900000112,99,ЗК-Услуги-006,84301.6,63505.59,1,Исполнен
40001165006,"Услуги Геофизические исследования (ГИС), филиал АО РН-Ярославль (процедура 40001165006)",2024-05-31,43,9900000080,59,ЗК-Услуги-004,72026.82,62309.56,1,Исполнен
40002374427,Услуги Прочие геологические услуги для АООРЕНБУРГНЕФТЬ (процедура 40002374427),2022-05-22,2,9900000098,99,ЗК-Услуги-008,69318.55,62207.85,1,Исполнен
40002662100,Услуги Аренда и покупка имущества — Саратовнефтепродукт (№40002662100),2024-06-28,67,9900000059,93,ЗК-Услуги-007,67713.42,62170.46,1,Исполнен
40000663616,"Услуги Экология и охрана труда, филиал УВАТНЕФТЕГАЗ (процедура 40000663616)",2025-11-13,22,9900000053,95,ЗК-Услуги-007,80955.86,62143.22,1,Исполнен
40003590344,Услуги ТО и ремонт оборудования для ООО ТЮНГД (процедура 40003590344),2025-07-20,64,9900000154,67,ЗК-Услуги-010,74063.15,61371.83,1,Исполнен
40001648947,Услуги Финансы и консалтинг — СНКНГ Славнефть-Красноярскнефтегаз (№40001648947),2023-05-09,21,9900000067,80,ЗК-Услуги-009,68522.58,61043.32,1,В работе
40008348686,"Услуги Капитальное строительство, филиал 6. ПАО АНК Башнефть (процедура 40008348686)",2025-10-22,17,9900000075,0,ЗК-Услуги-005,69060.37,61041.65,1,Исполнен
40008348686,Услуги Капитальное строительство для 6. ПАО АНК Башнефть (процедура 40008348686),2025-10-22,17,9900000168,0,ЗК-Услуги-006,69060.37,61041.65,1,Исполнен
40000471301,Услуги HR и обучение персонала — ООО РН-Черноземье (№40000471301),2023-07-26,6,6633028244,94,ЗК-Услуги-001,49100.34,60725.97,1,Исполнен
40002067050,"Услуги Обслуживание энергохозяйства, филиал Уфимский филиал АО РН-ПН (процедура 40002067050)",2022-02-17,26,9900000063,68,ЗК-Услуги-006,68348.42,60379.9,1,В работе
40007944951,Услуги Авторский и технадзор для РН-ОХРАНА-АНГАРСК (процедура 40007944951),2025-05-19,7,9900000266,79,ЗК-Услуги-002,77523.25,60247.93,1,Исполнен
40003780354,Услуги Авторский и технадзор — АО Отрадненский ГПЗ (№40003780354),2024-11-05,55,9900000168,79,ЗК-Услуги-006,75466.69,59256.68,1,Исполнен
40003780354,"Услуги Авторский и технадзор, филиал АО Отрадненский ГПЗ (процедура 40003780354)",2024-11-05,55,9900000182,79,ЗК-Услуги-009,75466.69,59256.68,1,Исполнен
40008905165,Услуги Геофизические исследования (ГИС) для АО РН-Ярославль (процедура 40008905165),2024-08-24,43,9900000052,59,ЗК-Услуги-008,48668.08,58915.84,1,Расторгнут
40001709832,Услуги Промбезопасность и контроль — Саратовнефтепродукт (№40001709832),2025-07-11,67,9900000063,69,ЗК-Услуги-009,62364.17,58810.48,1,Исполнен
40007011446,"Услуги Ремонт и освоение скважин, филиал ТНП (процедура 40007011446)",2023-07-22,13,9900000076,62,ЗК-Услуги-010,57202.49,57971.78,1,Исполнен
40007011446,Услуги Ремонт и освоение скважин для ТНП (процедура 40007011446),2023-07-22,13,9900000147,62,ЗК-Услуги-008,57202.49,57971.78,1,Исполнен
40000678271,Услуги Аренда и покупка имущества — ООО РН-Черноземье (№40000678271),2025-07-09,6,9900000245,93,ЗК-Услуги-003,59402.79,57449.55,1,Исполнен
40005733493,"Услуги Инвестпроекты и НИОКР, филиал Нефтепромлизинг (процедура 40005733493)",2025-04-09,75,9900000054,89,ЗК-Услуги-008,70248.01,57282.29,1,Исполнен
40004311540,Услуги Инвестпроекты и НИОКР для Саратовнефтепродукт (процедура 40004311540),2024-10-26,67,9900000007,89,ЗК-Услуги-006,45837.48,57217.32,1,Исполнен
40007079015,Услуги Ж/д перевозки — АО РНПК (№40007079015),2022-01-14,36,9900000053,82,ЗК-Услуги-006,45476.92,57134.95,1,Исполнен
40000884726,"Услуги Финансы и консалтинг, филиал ООО РН-СтройКонтроль (процедура 40000884726)",2023-02-19,48,9900000050,80,ЗК-Услуги-006,44577.47,56545.02,1,Исполнен
40006917327,Услуги Корпоративная безопасность для ООО ИК СИБИНТЕК (процедура 40006917327),2023-05-31,80,9900000014,60,ЗК-Услуги-003,64193.79,56227.28,1,Исполнен
40006917327,Услуги Корпоративная безопасность — ООО ИК СИБИНТЕК (№40006917327),2023-05-31,80,9900000069,60,ЗК-Услуги-010,64193.79,56227.28,1,Исполнен
40000215883,"Услуги Геофизические исследования (ГИС), филиал СНКНГ Славнефть-Красноярскнефтегаз (процедура 40000215883)",2024-07-15,21,9900000060,59,ЗК-Услуги-001,48461.24,56113.53,1,В работе
40003852887,Услуги Землеустроительные работы для Туапсинский НПЗ (процедура 40003852887),2023-10-09,29,9900000189,77,ЗК-Услуги-004,53406.11,55729.98,1,Исполнен
40005376073,Услуги Геофизические исследования (ГИС) — СНКНГ Славнефть-Красноярскнефтегаз (№40005376073),2023-05-02,21,9900000168,59,ЗК-Услуги-010,46990.33,55659.35,1,Расторгнут
40004529973,"Услуги Маркетинг и мероприятия, филиал ООО РН-Черноземье (процедура 40004529973)",2025-11-10,6,9900000266,92,ЗК-Услуги-006,59307.7,54886.24,1,Исполнен
40003824100,Услуги EPC/EPCM контракты для АО КНП (процедура 40003824100),2023-11-06,33,9900000028,74,ЗК-Услуги-010,45686.12,54216.62,1,Исполнен
40007052192,Услуги HR и обучение персонала — ГРОЗНЕФТЕГАЗ (№40007052192),2024-01-16,81,9900000217,94,ЗК-Услуги-002,72675.4,54192.19,1,Исполнен
40001898285,"Услуги Прочие нефтепромысловые услуги, филиал ООО РН-Пожарная безопасность (процедура 40001898285)",2024-10-15,47,9900000072,71,ЗК-Услуги-007,50278.54,54070.56,1,Исполнен
40001919911,Услуги Зарезка боковых стволов (ЗБС) для АО Тюменнефтегаз (процедура 40001919911),2025-09-05,73,9900000231,56,ЗК-Услуги-007,62400.48,53846.4,1,В работе
40000200228,Услуги EPC/EPCM контракты — АО Отрадненский ГПЗ (№40000200228),2022-09-21,55,9900000070,74,ЗК-Услуги-004,46678.97,53663.57,1,В работе
40004106237,"Услуги Социально-бытовые услуги, филиал АО Отрадненский ГПЗ (процедура 40004106237)",2022-05-04,55,9900000070,84,ЗК-Услуги-004,64304.23,52461.09,1,Исполнен
40009988835,Услуги Геофизические исследования (ГИС) для ООО РН-ГИР (процедура 40009988835),2022-09-14,39,9900000060,59,ЗК-Услуги-001,61080.79,52400.23,1,Исполнен
40001498435,Услуги Социально-бытовые услуги — АО Отрадненский ГПЗ (№40001498435),2023-10-18,55,9900000098,84,ЗК-Услуги-002,53431.66,51916.05,1,Исполнен
40003053122,"Услуги Прочие непроизводственные услуги, филиал ООО ИК СИБИНТЕК (процедура 40003053122)",2025-07-28,80,9900000055,102,ЗК-Услуги-009,40821.42,51895.64,1,В работе
40008131684,Услуги ТО и ремонт оборудования для УВАТНЕФТЕГАЗ (процедура 40008131684),2023-10-25,22,9900000005,67,ЗК-Услуги-010,42256.21,51687.63,1,Исполнен
40006927287,Услуги Зарезка боковых стволов (ЗБС) — ООО РН-СтройКонтроль (№40006927287),2022-07-27,48,9900000068,56,ЗК-Услуги-008,54463.17,51664.49,1,В работе
40002827630,"Услуги Эксплуатационное бурение, филиал АО РОСПАН ИНТЕРНЕШНЛ (процедура 40002827630)",2025-11-03,41,9900000021,55,ЗК-Услуги-008,44869.73,51448.14,1,Исполнен
40002141191,Услуги Охрана и режим для АО РН-Няганьнефтегаз (процедура 40002141191),2025-01-28,35,9900000105,87,ЗК-Услуги-009,65838.03,51244.36,1,Исполнен
40006785959,Услуги EPC/EPCM контракты — ВНИКТИНХО (№40006785959),2024-08-01,46,9900000175,74,ЗК-Услуги-007,40048.76,51213.75,1,Расторгнут
40004561311,"Услуги Прочие геологические услуги, филиал ЗАО ИННЦ (процедура 40004561311)",2022-03-19,27,9900000054,99,ЗК-Услуги-009,56325.66,51143.94,1,Исполнен
40004561311,Услуги Прочие геологические услуги для ЗАО ИННЦ (процедура 40004561311),2022-03-19,27,7736280166,99,ЗК-Услуги-010,56325.66,51143.94,1,Исполнен
40000371660,Услуги Страхование — 6. ПАО АНК Башнефть (№40000371660),2025-08-01,17,9900000063,81,ЗК-Услуги-002,44385.67,51121.34,1,Исполнен
40000371660,"Услуги Страхование, филиал 6. ПАО АНК Башнефть (процедура 40000371660)",2025-08-01,17,9900000059,81,ЗК-Услуги-006,44385.67,51121.34,1,Исполнен
40009094411,Услуги Прочие нефтепромысловые услуги для СНКНГ Славнефть-Красноярскнефтегаз (процедура 40009094411),2023-10-07,21,5603011386,71,ЗК-Услуги-003,54700.34,50713.16,1,В работе
40006637377,Услуги Социально-бытовые услуги — ООО Удмуртнефть-Снабжение (№40006637377),2022-07-10,53,9900000119,84,ЗК-Услуги-006,46901.6,50414.91,1,Исполнен
40009588822,"Услуги ИТ-услуги и поддержка, филиал РН-Морской_терминал_Находка (процедура 40009588822)",2022-05-15,72,9900000147,86,ЗК-Услуги-003,63656.66,49497.97,1,Исполнен
40009315040,Услуги Прочие непроизводственные услуги для ООО РН-Черноземье (процедура 40009315040),2023-11-20,6,9900000055,102,ЗК-Услуги-008,65581.33,49379.65,1,В работе
40009315040,Услуги Прочие непроизводственные услуги — ООО РН-Черноземье (№40009315040),2023-11-20,6,9900000028,102,ЗК-Услуги-004,65581.33,49379.65,1,В работе
40002134213,"Услуги Энергоснабжение, филиал ООО Соровскнефть (процедура 40002134213)",2023-08-08,66,9900000140,101,ЗК-Услуги-010,65742.11,49370.64,1,Исполнен
40007508632,Услуги Прочие геологические услуги для НК НПЗ (процедура 40007508632),2022-12-12,12,8913008910,99,ЗК-Услуги-006,59878.66,49305.07,1,Исполнен
40000161925,Услуги Капитальное строительство — ООО РН-Пожарная безопасность (№40000161925),2024-02-18,47,9900000060,0,ЗК-Услуги-009,47856.78,49204.84,1,В работе
40002088561,"Услуги Геофизические исследования (ГИС), филиал ВНИКТИНХО (процедура 40002088561)",2025-10-21,46,9900000001,59,ЗК-Услуги-002,43076.43,49049.37,1,Исполнен
40005696277,Услуги Работа с гибкими трубами (ГНКТ) для Уфимский филиал АО РН-ПН (процедура 40005696277),2024-07-01,26,6633028244,61,ЗК-Услуги-002,37849.96,49017.55,1,Исполнен
40005696277,Услуги Работа с гибкими трубами (ГНКТ) — Уфимский филиал АО РН-ПН (№40005696277),2024-07-01,26,9900000080,61,ЗК-Услуги-007,37849.96,49017.55,1,Исполнен
40002182624,"Услуги Страхование, филиал РН-ОХРАНА-АНГАРСК (процедура 40002182624)",2023-03-02,7,9900000133,81,ЗК-Услуги-002,49379.41,48637.61,1,Исполнен
40000273836,Услуги Аренда и покупка имущества для АО РН-Ярославль (процедура 40000273836),2023-11-29,43,9900000002,93,ЗК-Услуги-002,40640.08,48608.86,1,Исполнен
40008492541,Услуги Капитальное строительство — Туапсинский НПЗ (№40008492541),2023-10-18,29,9900000001,0,ЗК-Услуги-004,58291.11,48045.19,1,В работе
40004862015,"Услуги Охрана и режим, филиал Филиал ПАО АНК Башнефть Башнефть-Новойл (процедура 40004862015)",2024-04-19,10,6633028244,87,ЗК-Услуги-009,56529.31,47758.38,1,Исполнен
40002479662,Услуги Авиаперевозки и работы для ВНИКТИНХО (процедура 40002479662),2024-05-10,46,7705838531,83,ЗК-Услуги-008,41012.98,47754.8,1,Исполнен
40003418556,Услуги Промбезопасность и контроль — СНКНГ Славнефть-Красноярскнефтегаз (№40003418556),2023-01-21,21,9900000119,69,ЗК-Услуги-002,37279.25,46662.04,1,В работе
40003418556,"Услуги Промбезопасность и контроль, филиал СНКНГ Славнефть-Красноярскнефтегаз (процедура 40003418556)",2023-01-21,21,9900000001,69,ЗК-Услуги-008,37279.25,46662.04,1,В работе
40000316623,Услуги Обслуживание энергохозяйства для 6. ПАО АНК Башнефть (процедура 40000316623),2025-11-24,17,9900000049,68,ЗК-Услуги-004,55181.07,46156.97,1,Исполнен
40000316623,Услуги Обслуживание энергохозяйства — 6. ПАО АНК Башнефть (№40000316623),2025-11-24,17,9900000098,68,ЗК-Услуги-002,55181.07,46156.97,1,Исполнен
40002313864,"Услуги Инвестпроекты и НИОКР, филиал АО РНПК (процедура 40002313864)",2022-04-22,36,9900000217,89,ЗК-Услуги-010,51955.07,45902.02,1,Исполнен
40006175222,Услуги Прочие непроизводственные услуги для АО Орелнефтепродукт (процедура 40006175222),2025-03-31,11,9900000062,102,ЗК-Услуги-007,39202.91,43842.51,1,Исполнен
40002832505,Услуги Зарезка боковых стволов (ЗБС) — Самаранефтепродукт АО (№40002832505),2025-07-13,19,9900000078,56,ЗК-Услуги-006,41395.14,43628.78,1,Исполнен
40004181057,"Услуги Ж/д перевозки, филиал Смоленск-НП (процедура 40004181057)",2022-12-15,8,9900000161,82,ЗК-Услуги-010,50095.67,43023.78,1,Исполнен
40002800686,Услуги Операционные услуги добычи для ООО РН-Пожарная безопасность (процедура 40002800686),2024-10-31,47,9900000042,65,ЗК-Услуги-005,47316.1,42889.32,1,Исполнен
40007109507,Услуги Охрана и режим — ООО РН-Черноземье (№40007109507),2025-03-31,6,9900000028,87,ЗК-Услуги-001,33087.84,42717.06,1,Исполнен
40006884611,"Услуги Химизация добычи, филиал РН-Эксплорейшн (процедура 40006884611)",2025-12-12,86,5603011386,66,ЗК-Услуги-002,55197.88,42625.34,1,Исполнен
40009188325,Услуги Операторские и агентские услуги для АЗКиОС (процедура 40009188325),2025-07-04,78,9900000080,70,ЗК-Услуги-008,33903.52,42427.09,1,В работе
40008916148,Услуги Охрана и режим — АО КНПЗ (№40008916148),2024-07-16,54,9900000079,87,ЗК-Услуги-001,49290.82,42169.84,1,Исполнен
40001059301,"Услуги Непроизводственные объекты, филиал ООО РН-Пожарная безопасность (процедура 40001059301)",2022-03-19,47,9900000053,78,ЗК-Услуги-003,38900.64,42168.88,1,Расторгнут
40001059301,Услуги Непроизводственные объекты для ООО РН-Пожарная безопасность (процедура 40001059301),2022-03-19,47,9900000002,78,ЗК-Услуги-002,38900.64,42168.88,1,Расторгнут
40009280571,Услуги Ремонт и освоение скважин — ООО РН-Черноземье (№40009280571),2025-02-08,6,9900000224,62,ЗК-Услуги-005,54272.28,41976.79,1,Исполнен
40009280571,"Услуги Ремонт и освоение скважин, филиал ООО РН-Черноземье (процедура 40009280571)",2025-02-08,6,9900000054,62,ЗК-Услуги-004,54272.28,41976.79,1,Исполнен
40006841264,Услуги Прочие нефтепромысловые услуги для ООО РН-Проектирование Добыча (процедура 40006841264),2024-08-16,37,9900000051,71,ЗК-Услуги-007,34568.54,41665.95,1,Исполнен
40009758366,Услуги Разведочное бурение — Филиал ПАО АНК Башнефть Башнефть-Новойл (№40009758366),2023-01-13,10,9900000042,96,ЗК-Услуги-005,37949.14,40108.26,1,Исполнен
40007351469,"Услуги Поставка углеводородов, филиал Башнефть-ПЕТРОТЕСТ (процедура 40007351469)",2024-09-17,57,7705838531,90,ЗК-Услуги-008,31126.62,40001.1,1,Исполнен
40001660095,Услуги Сопровождение бурения для 6. ПАО АНК Башнефть (процедура 40001660095),2022-03-14,17,9900000217,57,ЗК-Услуги-004,49049.92,39520.58,1,Исполнен
40009336647,Услуги Экология и охрана труда — ВСНК (№40009336647),2023-05-20,3,9900000133,95,ЗК-Услуги-006,30937.61,38952.45,1,Исполнен
40009427418,"Услуги Страхование, филиал ПЕНЗАНЕФТЕПРОДУКТ (процедура 40009427418)",2024-07-31,83,9900000161,81,ЗК-Услуги-004,30329.24,38646.38,1,Исполнен
40009427418,Услуги Страхование для ПЕНЗАНЕФТЕПРОДУКТ (процедура 40009427418),2024-07-31,83,9900000042,81,ЗК-Услуги-002,30329.24,38646.38,1,Исполнен
40003138195,Услуги Прочие нефтепромысловые услуги — ООО ИК СИБИНТЕК (№40003138195),2025-08-29,80,9900000074,71,ЗК-Услуги-001,36628.92,38547.56,1,В работе
40004774890,"Услуги Страхование, филиал ООО Харампурнефтегаз (процедура 40004774890)",2024-11-24,70,9900000068,81,ЗК-Услуги-001,47883.37,37975.24,1,Исполнен
40002306032,Услуги Строительство и содержание дорог для ООО РН-ПУРНЕФТЕГАЗ (процедура 40002306032),2022-11-17,34,7708084402,64,ЗК-Услуги-008,30027.41,37717.1,1,Исполнен
40008638597,Услуги ИТ-услуги и поддержка — ООО РН_БУНКЕР (№40008638597),2022-10-19,61,9900000014,86,ЗК-Услуги-004,40308.18,37122.28,1,Исполнен
40008638597,"Услуги ИТ-услуги и поддержка, филиал ООО РН_БУНКЕР (процедура 40008638597)",2022-10-19,61,9900000119,86,ЗК-Услуги-005,40308.18,37122.28,1,Исполнен
40009491652,Услуги Непроизводственные объекты для ООО СКН (процедура 40009491652),2023-12-14,87,9900000064,78,ЗК-Услуги-008,47349.77,36972.24,1,Исполнен
40006228518,Услуги HR и обучение персонала — РН-АЭРО (№40006228518),2025-02-09,40,9900000196,94,ЗК-Услуги-007,47068.45,36861.18,1,Исполнен
40002564105,"Услуги Авиаперевозки и работы, филиал ООО РН_БУНКЕР (процедура 40002564105)",2023-12-21,61,9900000098,83,ЗК-Услуги-008,35213.59,36738.76,1,Исполнен
40002934153,Услуги Автотранспортные услуги для СНКНГ Славнефть-Красноярскнефтегаз (процедура 40002934153),2025-11-22,21,9900000217,63,ЗК-Услуги-008,34323.94,35993.59,1,Исполнен
40004924412,Услуги Сейсморазведка — ООО Харампурнефтегаз (№40004924412),2025-10-13,70,9900000002,58,ЗК-Услуги-006,29924.97,35987.48,1,Исполнен
40009376281,"Услуги Строительно-монтажные работы (СМР), филиал УВАТНЕФТЕГАЗ (процедура 40009376281)",2023-12-08,22,9900000098,72,ЗК-Услуги-010,30230.13,35920.7,1,Исполнен
40009376281,Услуги Строительно-монтажные работы (СМР) для УВАТНЕФТЕГАЗ (процедура 40009376281),2023-12-08,22,9900000049,72,ЗК-Услуги-002,30230.13,35920.7,1,Исполнен
40008892960,Услуги HR и обучение персонала — Саратовнефтепродукт (№40008892960),2023-05-24,67,9900000064,94,ЗК-Услуги-006,40820.16,35910.07,1,Исполнен
40005645760,"Услуги Сопровождение бурения, филиал 00_РН-Москва (процедура 40005645760)",2025-11-19,65,9900000072,57,ЗК-Услуги-001,39701.99,35727.32,1,Исполнен
40006393802,Услуги Промбезопасность и контроль для ООО РН-Проектирование Добыча (процедура 40006393802),2025-02-01,37,9900000005,69,ЗК-Услуги-001,44618.48,35510.64,1,Исполнен
40006173589,Услуги Поставка углеводородов — АО ННК (№40006173589),2024-05-02,1,9900000154,90,ЗК-Услуги-003,34804.03,35334.6,1,Исполнен
40000662050,"Услуги ТО и ремонт оборудования, филиал АО РН-Ярославль (процедура 40000662050)",2024-06-03,43,9900000054,67,ЗК-Услуги-003,46291.79,35292.42,1,Исполнен
40000662050,Услуги ТО и ремонт оборудования для АО РН-Ярославль (процедура 40000662050),2024-06-03,43,9900000112,67,ЗК-Услуги-005,46291.79,35292.42,1,Исполнен
40001906579,Услуги Автотранспортные услуги — УНХ (№40001906579),2022-02-09,9,9900000245,63,ЗК-Услуги-001,45260.46,35186.12,1,Исполнен
40001906579,"Услуги Автотранспортные услуги, филиал УНХ (процедура 40001906579)",2022-02-09,9,9900000021,63,ЗК-Услуги-010,45260.46,35186.12,1,Исполнен
40006382277,Услуги Непроизводственные объекты для ООО РН-Карт (процедура 40006382277),2022-05-25,5,9900000000,78,ЗК-Услуги-006,28858.34,34590.79,1,Исполнен
40002269583,Услуги Маркетинг и мероприятия — СНКНГ Славнефть-Красноярскнефтегаз (№40002269583),2024-09-09,21,9900000021,92,ЗК-Услуги-007,44408.91,34581.64,1,Исполнен
40007541313,"Услуги Прочие геологические услуги, филиал АРТ АВИА (процедура 40007541313)",2025-02-25,23,9900000073,99,ЗК-Услуги-010,45085.33,34059.72,1,Исполнен
40009540769,Услуги Строительно-монтажные работы (СМР) для АнгараНефть (процедура 40009540769),2024-12-03,56,9900000055,72,ЗК-Услуги-003,44323.0,34051.04,1,Исполнен
40007461314,Услуги EPC/EPCM контракты — АО РН-Няганьнефтегаз (№40007461314),2023-02-20,35,9900000055,74,ЗК-Услуги-004,31761.52,33985.27,1,Исполнен
40007461314,"Услуги EPC/EPCM контракты, филиал АО РН-Няганьнефтегаз (процедура 40007461314)",2023-02-20,35,9900000133,74,ЗК-Услуги-010,31761.52,33985.27,1,Исполнен
40005630689,Услуги Прочие геологические услуги для ООО РН-Проектирование Добыча (процедура 40005630689),2022-05-31,37,9900000058,99,ЗК-Услуги-010,35535.3,33020.84,1,Исполнен
40005630689,Услуги Прочие геологические услуги — ООО РН-Проектирование Добыча (№40005630689),2022-05-31,37,9900000073,99,ЗК-Услуги-010,35535.3,33020.84,1,Исполнен
40002504684,"Услуги HR и обучение персонала, филиал ООО РН-ГИР (процедура 40002504684)",2022-06-26,39,9900000002,94,ЗК-Услуги-010,28108.52,32830.45,1,Исполнен
40005766980,Услуги Прочие геологические услуги для АнгараНефть (процедура 40005766980),2025-08-15,56,9900000060,99,ЗК-Услуги-010,35666.33,32754.26,1,В работе
40004959426,Услуги Строительно-монтажные работы (СМР) — Филиал ПАО АНК Башнефть Башнефть-Новойл (№40004959426),2025-06-13,10,9900000003,72,ЗК-Услуги-003,28433.01,32489.23,1,Исполнен
40004959426,"Услуги Строительно-монтажные работы (СМР), филиал Филиал ПАО АНК Башнефть Башнефть-Новойл (процедура 40004959426)",2025-06-13,10,9900000080,72,ЗК-Услуги-001,28433.01,32489.23,1,Исполнен
40004959426,Услуги Строительно-монтажные работы (СМР) для Филиал ПАО АНК Башнефть Башнефть-Новойл (процедура 40004959426),2025-06-13,10,9900000231,72,ЗК-Услуги-008,28433.01,32489.23,1,Исполнен
40003469129,Услуги Операторские и агентские услуги — АООРЕНБУРГНЕФТЬ (№40003469129),2025-04-03,2,9900000203,70,ЗК-Услуги-010,38585.99,32201.73,1,Исполнен
40006393964,"Услуги Геофизические исследования (ГИС), филиал ВНИКТИНХО (процедура 40006393964)",2024-12-29,46,9900000072,59,ЗК-Услуги-010,27638.9,31822.18,1,В работе
40001949197,Услуги Строительно-монтажные работы (СМР) для АнгараНефть (процедура 40001949197),2024-11-13,56,9900000054,72,ЗК-Услуги-002,31330.69,30890.23,1,В работе
40001949197,Услуги Строительно-монтажные работы (СМР) — АнгараНефть (№40001949197),2024-11-13,56,9900000168,72,ЗК-Услуги-001,31330.69,30890.23,1,В работе
40005090394,"Услуги Строительно-монтажные работы (СМР), филиал Уфимский филиал АО РН-ПН (процедура 40005090394)",2025-06-27,26,9900000075,72,ЗК-Услуги-008,36749.04,30853.89,1,Исполнен
40005671084,Услуги Экология и охрана труда для АО РН-Ярославль (процедура 40005671084),2023-03-17,43,9900000058,95,ЗК-Услуги-007,23764.18,30841.47,1,Исполнен
40008896151,Услуги Прочие геологические услуги — ТНП (№40008896151),2024-05-30,13,9900000076,99,ЗК-Услуги-007,35026.83,30772.11,1,Исполнен
40008896151,"Услуги Прочие геологические услуги, филиал ТНП (процедура 40008896151)",2024-05-30,13,9900000052,99,ЗК-Услуги-004,35026.83,30772.11,1,Исполнен
40008896151,Услуги Прочие геологические услуги для ТНП (процедура 40008896151),2024-05-30,13,9900000079,99,ЗК-Услуги-009,35026.83,30772.11,1,Исполнен
40005597189,Услуги Энергоснабжение — ООО ПНЦ Биосфера (№40005597189),2025-07-03,51,9900000238,101,ЗК-Услуги-006,39169.56,30424.37,1,Исполнен
40007856664,"Услуги Операционные услуги добычи, филиал АО РН-Ярославль (процедура 40007856664)",2024-11-11,43,9900000042,65,ЗК-Услуги-002,34987.77,30423.83,1,В работе
40000542539,Услуги Проектно-изыскательские работы (ПИР) для ВНИКТИНХО (процедура 40000542539),2022-01-01,46,9900000203,73,ЗК-Услуги-001,35365.05,30213.09,1,Исполнен
40000542539,Услуги Проектно-изыскательские работы (ПИР) — ВНИКТИНХО (№40000542539),2022-01-01,46,9900000042,73,ЗК-Услуги-001,35365.05,30213.09,1,Исполнен
40000542539,"Услуги Проектно-изыскательские работы (ПИР), филиал ВНИКТИНХО (процедура 40000542539)",2022-01-01,46,5603011386,73,ЗК-Услуги-009,35365.05,30213.09,1,Исполнен
40000663837,Услуги Поставка углеводородов для РН-ОХРАНА-АНГАРСК (процедура 40000663837),2022-01-28,7,9900000055,90,ЗК-Услуги-004,25778.5,30080.16,1,Исполнен
40000663837,Услуги Поставка углеводородов — РН-ОХРАНА-АНГАРСК (№40000663837),2022-01-28,7,9900000052,90,ЗК-Услуги-005,25778.5,30080.16,1,Исполнен
40000536504,"Услуги Землеустроительные работы, филиал ООО РН-Черноземье (процедура 40000536504)",2025-04-12,6,9900000007,77,ЗК-Услуги-003,34105.69,29802.28,1,Исполнен
40005794417,Услуги Сопровождение бурения для СНКНГ Славнефть-Красноярскнефтегаз (процедура 40005794417),2022-12-25,21,9900000021,57,ЗК-Услуги-004,33417.99,29603.0,1,В работе
40004174382,Услуги EPC/EPCM контракты — АО РН-Няганьнефтегаз (№40004174382),2025-07-04,35,7708084402,74,ЗК-Услуги-008,23191.79,29592.69,1,Расторгнут
40004174382,"Услуги EPC/EPCM контракты, филиал АО РН-Няганьнефтегаз (процедура 40004174382)",2025-07-04,35,9900000063,74,ЗК-Услуги-004,23191.79,29592.69,1,Расторгнут
40003189818,Услуги Химизация добычи для ООО РН ВАНКОР (процедура 40003189818),2022-01-11,68,9900000005,66,ЗК-Услуги-009,31777.13,29464.85,1,Исполнен
40004060370,Услуги Строительно-монтажные работы (СМР) — АО РОСПАН ИНТЕРНЕШНЛ (№40004060370),2024-08-28,41,9900000189,72,ЗК-Услуги-009,22281.54,29418.01,1,Исполнен
40009097372,"Услуги Промбезопасность и контроль, филиал АО Тюменнефтегаз (процедура 40009097372)",2022-05-23,73,9900000112,69,ЗК-Услуги-006,35513.52,28739.03,1,Исполнен
40008642395,Услуги Охрана и режим для Самотлорнефтегаз (процедура 40008642395),2022-01-25,20,9900000001,87,ЗК-Услуги-002,31356.38,28535.15,1,Исполнен
40004979467,Услуги Разведочное бурение — 00_РН-Москва (№40004979467),2024-07-27,65,9900000189,96,ЗК-Услуги-010,25857.65,28442.85,1,Исполнен
40004402172,"Услуги ТО и ремонт оборудования, филиал Уфимский филиал АО РН-ПН (процедура 40004402172)",2025-10-20,26,9900000071,67,ЗК-Услуги-007,29024.44,28126.07,1,Исполнен
40004402172,Услуги ТО и ремонт оборудования для Уфимский филиал АО РН-ПН (процедура 40004402172),2025-10-20,26,9900000000,67,ЗК-Услуги-009,29024.44,28126.07,1,Исполнен
40001240135,Услуги Операционные услуги добычи — РН-Лояльность (№40001240135),2024-07-27,82,9900000064,65,ЗК-Услуги-006,26947.03,27719.03,1,Расторгнут
40003874162,"Услуги ТО и ремонт оборудования, филиал УНХ (процедура 40003874162)",2025-03-29,9,9900000054,67,ЗК-Услуги-003,35577.92,27714.29,1,Исполнен
40006620643,Услуги АХО и административные услуги для РН-Морской_терминал_Находка (процедура 40006620643),2022-10-05,72,9900000063,85,ЗК-Услуги-007,25512.63,27325.56,1,Исполнен
40005697443,Услуги Авторский и технадзор — АО РН-Ярославль (№40005697443),2025-03-08,43,9900000238,79,ЗК-Услуги-005,31869.08,26650.81,1,В работе
40004773524,"Услуги Химизация добычи, филиал 6. ПАО АНК Башнефть (процедура 40004773524)",2024-12-25,17,9900000182,66,ЗК-Услуги-001,32824.73,26571.78,1,В работе
40004773524,Услуги Химизация добычи для 6. ПАО АНК Башнефть (процедура 40004773524),2024-12-25,17,9900000066,66,ЗК-Услуги-003,32824.73,26571.78,1,В работе
40006787680,Услуги Сопровождение бурения — АО РН-Ярославль (№40006787680),2025-12-16,43,9900000003,57,ЗК-Услуги-005,24290.87,26211.81,1,Исполнен
40006787680,"Услуги Сопровождение бурения, филиал АО РН-Ярославль (процедура 40006787680)",2025-12-16,43,7708084402,57,ЗК-Услуги-007,24290.87,26211.81,1,Исполнен
40008627411,Услуги Землеустроительные работы для АО Отрадненский ГПЗ (процедура 40008627411),2024-05-27,55,9900000224,77,ЗК-Услуги-003,22020.97,25821.23,1,Исполнен
40001245989,Услуги ТО и ремонт оборудования — АО РН-Ярославль (№40001245989),2022-08-11,43,9900000252,67,ЗК-Услуги-006,19136.55,25240.53,1,Исполнен
40001245989,"Услуги ТО и ремонт оборудования, филиал АО РН-Ярославль (процедура 40001245989)",2022-08-11,43,9900000051,67,ЗК-Услуги-005,19136.55,25240.53,1,Исполнен
40006531043,Услуги Ремонт и освоение скважин для РН-Морской_терминал_Находка (процедура 40006531043),2025-02-15,72,9900000004,62,ЗК-Услуги-001,20870.16,24372.83,1,Исполнен
40006531043,Услуги Ремонт и освоение скважин — РН-Морской_терминал_Находка (№40006531043),2025-02-15,72,9900000133,62,ЗК-Услуги-010,20870.16,24372.83,1,Исполнен
40009555829,"Услуги Авторский и технадзор, филиал ЗАО ИННЦ (процедура 40009555829)",2022-01-21,27,9900000231,79,ЗК-Услуги-006,22690.58,24177.67,1,Исполнен
40009555829,Услуги Авторский и технадзор для ЗАО ИННЦ (процедура 40009555829),2022-01-21,27,9900000005,79,ЗК-Услуги-008,22690.58,24177.67,1,Исполнен
40001843051,Услуги Финансы и консалтинг — РН-Морской_терминал_Находка (№40001843051),2022-12-23,72,9900000001,80,ЗК-Услуги-001,25271.2,24107.66,1,Исполнен
40001843051,"Услуги Финансы и консалтинг, филиал РН-Морской_терминал_Находка (процедура 40001843051)",2022-12-23,72,9900000073,80,ЗК-Услуги-002,25271.2,24107.66,1,Исполнен
40001843051,Услуги Финансы и консалтинг для РН-Морской_терминал_Находка (процедура 40001843051),2022-12-23,72,7708639661,80,ЗК-Услуги-004,25271.2,24107.66,1,Исполнен
40005985257,Услуги Капитальное строительство — УНХ (№40005985257),2023-07-24,9,9900000210,0,ЗК-Услуги-002,26254.01,23964.7,1,В работе
40004019026,"Услуги Автотранспортные услуги, филиал ООО Соровскнефть (процедура 40004019026)",2025-08-24,66,9900000056,63,ЗК-Услуги-009,21198.9,23958.5,1,В работе
40004019026,Услуги Автотранспортные услуги для ООО Соровскнефть (процедура 40004019026),2025-08-24,66,9900000182,63,ЗК-Услуги-010,21198.9,23958.5,1,В работе
40008118803,Услуги Прочие геологические услуги — ИркутскНП (№40008118803),2022-05-20,30,9900000259,99,ЗК-Услуги-008,31062.81,23688.96,1,Исполнен
40002671804,"Услуги Непроизводственные объекты, филиал ВНИКТИНХО (процедура 40002671804)",2023-06-21,46,9900000231,78,ЗК-Услуги-008,27696.7,23302.62,1,Исполнен
40006840120,Услуги Экология и охрана труда для ООО РН-Черноземье (процедура 40006840120),2022-06-15,6,9900000210,95,ЗК-Услуги-004,26971.57,23290.25,1,В работе
40006840120,Услуги Экология и охрана труда — ООО РН-Черноземье (№40006840120),2022-06-15,6,9900000050,95,ЗК-Услуги-005,26971.57,23290.25,1,В работе
40009824109,"Услуги Химизация добычи, филиал АО РОСПАН ИНТЕРНЕШНЛ (процедура 40009824109)",2023-07-15,41,9900000065,66,ЗК-Услуги-004,20268.61,22854.91,1,Исполнен
40000782448,Услуги Непроизводственные объекты для РН-ОХРАНА-АНГАРСК (процедура 40000782448),2022-05-08,7,9900000203,78,ЗК-Услуги-009,24107.55,22606.4,1,Исполнен
40007409655,Услуги Финансы и консалтинг — ООО Удмуртэнергонефть (№40007409655),2023-11-26,25,9900000098,80,ЗК-Услуги-002,20360.94,22250.61,1,Исполнен
40006972966,"Услуги Строительно-монтажные работы (СМР), филиал АО РН-Няганьнефтегаз (процедура 40006972966)",2023-05-30,35,9900000091,72,ЗК-Услуги-008,21041.16,22044.75,1,Исполнен
40007857132,Услуги Сейсморазведка для РН-ОХРАНА-АНГАРСК (процедура 40007857132),2022-05-27,7,7708084402,58,ЗК-Услуги-002,24290.49,21851.52,1,Исполнен
40007857132,Услуги Сейсморазведка — РН-ОХРАНА-АНГАРСК (№40007857132),2022-05-27,7,9900000050,58,ЗК-Услуги-001,24290.49,21851.52,1,Исполнен
40009565800,"Услуги Строительно-монтажные работы (СМР), филиал РН-ОХРАНА-АНГАРСК (процедура 40009565800)",2024-06-06,7,9900000061,72,ЗК-Услуги-010,20137.72,21519.33,1,В работе
40003797389,Услуги Ж/д перевозки для ООО РН-ПУРНЕФТЕГАЗ (процедура 40003797389),2022-09-05,34,9900000078,82,ЗК-Услуги-003,22645.22,21235.6,1,В работе
40008029250,Услуги Ремонт и освоение скважин — УДМУРТНЕФТЬ-БУРЕНИЕ (№40008029250),2023-11-03,24,9900000072,62,ЗК-Услуги-009,24195.76,20421.54,1,Исполнен
40003574263,"Услуги ТО и ремонт оборудования, филиал ООО Харампурнефтегаз (процедура 40003574263)",2022-03-01,70,9900000075,67,ЗК-Услуги-003,21480.37,20321.89,1,Исполнен
40008948139,Услуги Прочие геологические услуги для ООО РН ВАНКОР (процедура 40008948139),2023-04-20,68,6633028244,99,ЗК-Услуги-009,16527.37,20037.25,1,Исполнен
40008948139,Услуги Прочие геологические услуги — ООО РН ВАНКОР (№40008948139),2023-04-20,68,9900000050,99,ЗК-Услуги-007,16527.37,20037.25,1,Исполнен
40009536408,"Услуги Проектно-изыскательские работы (ПИР), филиал АО РОСПАН ИНТЕРНЕШНЛ (процедура 40009536408)",2024-01-16,41,9900000154,73,ЗК-Услуги-010,18276.68,19530.91,1,Исполнен
40009536408,Услуги Проектно-изыскательские работы (ПИР) для АО РОСПАН ИНТЕРНЕШНЛ (процедура 40009536408),2024-01-16,41,9900000217,73,ЗК-Услуги-001,18276.68,19530.91,1,Исполнен
40009536408,Услуги Проектно-изыскательские работы (ПИР) — АО РОСПАН ИНТЕРНЕШНЛ (№40009536408),2024-01-16,41,9900000273,73,ЗК-Услуги-010,18276.68,19530.91,1,Исполнен
40001085860,"Услуги Землеустроительные работы, филиал АО РОСПАН ИНТЕРНЕШНЛ (процедура 40001085860)",2023-04-02,41,9900000052,77,ЗК-Услуги-005,18184.15,19510.84,1,Исполнен
40004251428,Услуги Строительно-монтажные работы (СМР) для Морской терминал Туапсе (процедура 40004251428),2024-02-24,60,9900000238,72,ЗК-Услуги-009,23985.47,19396.29,1,Исполнен
40007497673,Услуги Прочие нефтепромысловые услуги — ООО РН-Черноземье (№40007497673),2024-04-21,6,9900000057,71,ЗК-Услуги-003,25683.57,19089.78,1,Исполнен
40003275364,"Услуги Энергоснабжение, филиал АнгараНефть (процедура 40003275364)",2024-06-28,56,9900000050,101,ЗК-Услуги-009,22795.59,18996.14,1,Исполнен
40003275364,Услуги Энергоснабжение для АнгараНефть (процедура 40003275364),2024-06-28,56,9900000005,101,ЗК-Услуги-005,22795.59,18996.14,1,Исполнен
40007772654,Услуги Химизация добычи — АО КНП (№40007772654),2023-04-24,33,9900000059,66,ЗК-Услуги-009,19117.44,18911.3,1,Исполнен
40003820942,"Услуги Охрана и режим, филиал АО РН-Ярославль (процедура 40003820942)",2022-05-04,43,9900000002,87,ЗК-Услуги-010,16991.46,18757.08,1,В работе
40005663696,Услуги Прочие геологические услуги для ООО РН-Черноземье (процедура 40005663696),2022-06-11,6,9900000042,99,ЗК-Услуги-006,16819.75,18380.52,1,Исполнен
40002443718,Услуги ИТ-услуги и поддержка — АО АНПЗ ВНК (№40002443718),2025-01-07,74,9900000126,86,ЗК-Услуги-009,13620.9,17906.01,1,Исполнен
40004133750,"Услуги EPC/EPCM контракты, филиал ООО РН-ГИР (процедура 40004133750)",2025-02-03,39,9900000072,74,ЗК-Услуги-007,19782.62,17562.35,1,В работе
40004133750,Услуги EPC/EPCM контракты для ООО РН-ГИР (процедура 40004133750),2025-02-03,39,9900000005,74,ЗК-Услуги-007,19782.62,17562.35,1,В работе
40004133750,Услуги EPC/EPCM контракты — ООО РН-ГИР (№40004133750),2025-02-03,39,9900000067,74,ЗК-Услуги-008,19782.62,17562.35,1,В работе
40008453051,"Услуги Прочие непроизводственные услуги, филиал ООО РН-Черноземье (процедура 40008453051)",2025-05-05,6,9900000147,102,ЗК-Услуги-007,21661.02,17176.76,1,Исполнен
40008453051,Услуги Прочие непроизводственные услуги для ООО РН-Черноземье (процедура 40008453051),2025-05-05,6,9900000189,102,ЗК-Услуги-009,21661.02,17176.76,1,Исполнен
40000372613,Услуги Сейсморазведка — Филиал ПАО АНК Башнефть Башнефть-Новойл (№40000372613),2023-05-20,10,9900000071,58,ЗК-Услуги-009,20644.78,16927.43,1,В работе
40000427208,"Услуги Поставка углеводородов, филиал Банк ВБРР (процедура 40000427208)",2025-10-09,44,9900000050,90,ЗК-Услуги-006,22016.66,16920.55,1,В работе
40000847733,Услуги Сейсморазведка для ООО РН-СтройКонтроль (процедура 40000847733),2024-09-19,48,9900000001,58,ЗК-Услуги-007,14573.52,16848.95,1,Исполнен
40005067037,Услуги Эксплуатационное бурение — РН-ОХРАНА-АНГАРСК (№40005067037),2024-06-06,7,9900000057,55,ЗК-Услуги-002,17924.03,16746.65,1,Исполнен
40001928923,"Услуги АХО и административные услуги, филиал КалугаНП (процедура 40001928923)",2025-10-09,76,9900000058,85,ЗК-Услуги-009,21024.04,16380.41,1,Исполнен
40005003604,Услуги Эксплуатационное бурение для ТЗК Шереметьево (процедура 40005003604),2025-08-16,42,9900000072,55,ЗК-Услуги-001,18015.25,16268.87,1,Исполнен
40000480243,Услуги Экология и охрана труда — ООО РН-Черноземье (№40000480243),2025-05-19,6,9900000245,95,ЗК-Услуги-001,19728.64,15439.79,1,Исполнен
40006645751,"Услуги Ремонт и освоение скважин, филиал РН-Морской_терминал_Находка (процедура 40006645751)",2022-02-17,72,9900000154,62,ЗК-Услуги-003,11746.95,15147.21,1,Исполнен
40009028932,Услуги Прочие непроизводственные услуги для СНКНГ Славнефть-Красноярскнефтегаз (процедура 40009028932),2025-07-16,21,9900000060,102,ЗК-Услуги-006,16380.37,14784.09,1,Исполнен
40009660496,Услуги Операционные услуги добычи — СНКНГ Славнефть-Красноярскнефтегаз (№40009660496),2022-09-14,21,9900000054,65,ЗК-Услуги-005,18718.15,14746.88,1,Исполнен
40002475358,"Услуги ТО и ремонт оборудования, филиал АО РН-Ярославль (процедура 40002475358)",2025-08-16,43,9900000004,67,ЗК-Услуги-002,15417.48,14702.56,1,Исполнен
40002475358,Услуги ТО и ремонт оборудования для АО РН-Ярославль (процедура 40002475358),2025-08-16,43,9900000098,67,ЗК-Услуги-009,15417.48,14702.56,1,Исполнен
40002475358,Услуги ТО и ремонт оборудования — АО РН-Ярославль (№40002475358),2025-08-16,43,9900000133,67,ЗК-Услуги-010,15417.48,14702.56,1,Исполнен
40007883356,"Услуги Экология и охрана труда, филиал РН-Морской_терминал_Находка (процедура 40007883356)",2025-11-03,72,9900000049,95,ЗК-Услуги-004,19536.93,14673.28,1,Исполнен
40002159427,Услуги Геофизические исследования (ГИС) для ООО РН-Пожарная безопасность (процедура 40002159427),2022-11-27,47,9900000196,59,ЗК-Услуги-004,14547.32,14590.43,1,В работе
40001703666,Услуги Инвестпроекты и НИОКР — УНХ (№40001703666),2022-09-15,9,9900000084,89,ЗК-Услуги-005,19049.64,14323.24,1,Исполнен
40004138081,"Услуги Ремонт и освоение скважин, филиал Саратовнефтепродукт (процедура 40004138081)",2025-09-21,67,9900000004,62,ЗК-Услуги-008,16190.32,13878.48,1,В работе
40004551874,Услуги Страхование для АЗКиОС (процедура 40004551874),2022-09-25,78,9900000056,81,ЗК-Услуги-010,15461.87,13846.12,1,Исполнен
40004551874,Услуги Страхование — АЗКиОС (№40004551874),2022-09-25,78,9900000196,81,ЗК-Услуги-004,15461.87,13846.12,1,Исполнен
40002628319,"Услуги Авиаперевозки и работы, филиал АО РН-Няганьнефтегаз (процедура 40002628319)",2022-11-25,35,9900000002,83,ЗК-Услуги-005,16487.31,13763.15,1,Расторгнут
40003133052,Услуги Поставка углеводородов для АО АНПЗ ВНК (процедура 40003133052),2022-12-06,74,9900000070,90,ЗК-Услуги-004,15969.28,13696.18,1,Исполнен
40004537462,Услуги EPC/EPCM контракты — Туапсинский НПЗ (№40004537462),2022-11-26,29,9900000147,74,ЗК-Услуги-006,11743.34,13590.39,1,В работе
40005101476,"Услуги Строительно-монтажные работы (СМР), филиал ООО РН-Пожарная безопасность (процедура 40005101476)",2025-06-24,47,9900000252,72,ЗК-Услуги-003,12694.76,13527.28,1,Исполнен
40005101476,Услуги Строительно-монтажные работы (СМР) для ООО РН-Пожарная безопасность (процедура 40005101476),2025-06-24,47,9900000063,72,ЗК-Услуги-008,12694.76,13527.28,1,Исполнен
40005622545,Услуги Ж/д перевозки — ООО РН_БУНКЕР (№40005622545),2023-08-23,61,9900000003,82,ЗК-Услуги-006,12481.31,13472.43,1,Исполнен
40000812887,"Услуги Работа с гибкими трубами (ГНКТ), филиал СНКНГ Славнефть-Красноярскнефтегаз (процедура 40000812887)",2023-11-18,21,9900000065,61,ЗК-Услуги-010,17377.9,13066.45,1,Исполнен
40007706895,Услуги Корпоративная безопасность для ВНИКТИНХО (процедура 40007706895),2023-07-20,46,9900000189,60,ЗК-Услуги-005,11734.4,12898.4,1,В работе
40000969941,Услуги Финансы и консалтинг — ООО НЗМП (№40000969941),2024-04-12,50,9900000053,80,ЗК-Услуги-002,16621.03,12543.72,1,В работе
40002940545,"Услуги EPC/EPCM контракты, филиал АО РОСПАН ИНТЕРНЕШНЛ (процедура 40002940545)",2023-04-21,41,9900000070,74,ЗК-Услуги-010,15031.19,12541.51,1,Исполнен
40006035046,Услуги Авиаперевозки и работы для ООО НЗМП (процедура 40006035046),2023-10-04,50,9900000245,83,ЗК-Услуги-010,14773.02,12312.42,1,Исполнен
40002064591,Услуги Зарезка боковых стволов (ЗБС) — ВНИКТИНХО (№40002064591),2023-09-25,46,7705838531,56,ЗК-Услуги-007,14380.11,11548.77,1,Исполнен
40002064591,"Услуги Зарезка боковых стволов (ЗБС), филиал ВНИКТИНХО (процедура 40002064591)",2023-09-25,46,9900000245,56,ЗК-Услуги-002,14380.11,11548.77,1,Исполнен
40001492261,Услуги Капитальное строительство для СНКНГ Славнефть-Красноярскнефтегаз (процедура 40001492261),2022-01-27,21,9900000072,0,ЗК-Услуги-001,11115.87,11449.82,1,В работе
40007478993,Услуги Сопровождение бурения — СНКНГ Славнефть-Красноярскнефтегаз (№40007478993),2025-10-03,21,9900000175,57,ЗК-Услуги-007,9012.4,10536.79,1,Исполнен
40001876845,"Услуги Прочие нефтепромысловые услуги, филиал Туапсинский НПЗ (процедура 40001876845)",2023-06-12,29,9900000069,71,ЗК-Услуги-005,8715.85,9997.46,1,Исполнен
40009324006,Услуги Геофизические исследования (ГИС) для АООРЕНБУРГНЕФТЬ (процедура 40009324006),2024-10-07,2,9900000073,59,ЗК-Услуги-001,10283.45,9904.04,1,Расторгнут
40000882277,Услуги Финансы и консалтинг — АО РН-Ярославль (№40000882277),2022-01-24,43,9900000057,80,ЗК-Услуги-004,12133.3,9888.14,1,Исполнен
40003450124,"Услуги Землеустроительные работы, филиал Нефтепромлизинг (процедура 40003450124)",2022-04-17,75,9900000007,77,ЗК-Услуги-004,11123.52,9862.65,1,Исполнен
40008245955,Услуги Работа с гибкими трубами (ГНКТ) для ООО РН-ГИР (процедура 40008245955),2023-09-28,39,9900000231,61,ЗК-Услуги-010,8336.66,9658.47,1,Исполнен
40008245955,Услуги Работа с гибкими трубами (ГНКТ) — ООО РН-ГИР (№40008245955),2023-09-28,39,9900000224,61,ЗК-Услуги-007,8336.66,9658.47,1,Исполнен
40004869084,"Услуги Проектно-изыскательские работы (ПИР), филиал УДМУРТНЕФТЬ-БУРЕНИЕ (процедура 40004869084)",2022-08-15,24,9900000002,73,ЗК-Услуги-009,10606.09,9474.29,1,Исполнен
40008791444,Услуги Аренда и покупка имущества для 00_РН-Москва (процедура 40008791444),2022-09-07,65,9900000073,93,ЗК-Услуги-002,12030.57,9471.4,1,Исполнен
40008791444,Услуги Аренда и покупка имущества — 00_РН-Москва (№40008791444),2022-09-07,65,9900000007,93,ЗК-Услуги-001,12030.57,9471.4,1,Исполнен
40003759690,"Услуги Строительно-монтажные работы (СМР), филиал АО РН-Няганьнефтегаз (процедура 40003759690)",2023-04-12,35,9900000007,72,ЗК-Услуги-002,10552.95,8787.87,1,Исполнен
40009839461,Услуги Промбезопасность и контроль для ИркутскНП (процедура 40009839461),2023-06-30,30,9900000062,69,ЗК-Услуги-007,7360.7,8762.06,1,В работе
40009839461,Услуги Промбезопасность и контроль — ИркутскНП (№40009839461),2023-06-30,30,9900000052,69,ЗК-Услуги-010,7360.7,8762.06,1,В работе
40009180245,"Услуги Эксплуатационное бурение, филиал Смоленск-НП (процедура 40009180245)",2022-06-20,8,9900000084,55,ЗК-Услуги-006,6715.75,8737.2,1,Исполнен
40008716646,Услуги Экология и охрана труда для РН-Эксплорейшн (процедура 40008716646),2024-05-30,86,7736280166,95,ЗК-Услуги-004,8316.96,8698.25,1,В работе
40000213126,Услуги Авиаперевозки и работы — ООО Харампурнефтегаз (№40000213126),2024-08-22,70,9900000068,83,ЗК-Услуги-001,10555.05,8601.36,1,Исполнен
40005013988,"Услуги Геофизические исследования (ГИС), филиал АО РН-Ярославль (процедура 40005013988)",2023-03-12,43,9900000003,59,ЗК-Услуги-001,6832.45,8044.02,1,Исполнен
40006414153,Услуги Землеустроительные работы для ООО РН-Карт (процедура 40006414153),2024-07-30,5,9900000147,77,ЗК-Услуги-005,7482.76,7782.22,1,Исполнен
40005002493,Услуги Прочие непроизводственные услуги — ООО РН-Пожарная безопасность (№40005002493),2025-02-04,47,9900000050,102,ЗК-Услуги-001,5069.73,6587.77,1,Исполнен
40005002493,"Услуги Прочие непроизводственные услуги, филиал ООО РН-Пожарная безопасность (процедура 40005002493)",2025-02-04,47,9900000000,102,ЗК-Услуги-007,5069.73,6587.77,1,Исполнен
40000029109,Услуги Зарезка боковых стволов (ЗБС) для ООО СКН (процедура 40000029109),2024-04-04,87,9900000056,56,ЗК-Услуги-001,8008.12,6211.86,1,Исполнен
40007912001,Услуги АХО и административные услуги — 6. ПАО АНК Башнефть (№40007912001),2022-08-15,17,9900000073,85,ЗК-Услуги-001,4873.82,5646.38,1,Исполнен
40007912001,"Услуги АХО и административные услуги, филиал 6. ПАО АНК Башнефть (процедура 40007912001)",2022-08-15,17,9900000060,85,ЗК-Услуги-002,4873.82,5646.38,1,Исполнен
40004708332,Услуги Инвестпроекты и НИОКР для АЗКиОС (процедура 40004708332),2025-12-25,78,9900000059,89,ЗК-Услуги-010,6747.09,5624.78,1,Расторгнут
40004708332,Услуги Инвестпроекты и НИОКР — АЗКиОС (№40004708332),2025-12-25,78,9900000065,89,ЗК-Услуги-003,6747.09,5624.78,1,Расторгнут
40002430094,"Услуги Обслуживание энергохозяйства, филиал АнгараНефть (процедура 40002430094)",2023-04-09,56,9900000053,68,ЗК-Услуги-001,7410.37,5551.62,1,Исполнен
40003535443,Услуги Работа с гибкими трубами (ГНКТ) для Самаранефтепродукт АО (процедура 40003535443),2023-05-09,19,9900000064,61,ЗК-Услуги-009,5201.75,5018.43,1,Исполнен
40005680073,Услуги Охрана и режим — ПАО СаратовскийНПЗ (№40005680073),2025-07-04,18,9900000217,87,ЗК-Услуги-010,3916.65,4615.7,1,Расторгнут
40009732532,"Услуги Энергоснабжение, филиал ВНИКТИНХО (процедура 40009732532)",2024-08-22,46,9900000203,101,ЗК-Услуги-008,5272.28,4597.29,1,Исполнен
40009732532,Услуги Энергоснабжение для ВНИКТИНХО (процедура 40009732532),2024-08-22,46,9900000238,101,ЗК-Услуги-005,5272.28,4597.29,1,Исполнен
40002944505,Услуги ТО и ремонт оборудования — ПАО НК Роснефть-Курганнефтепродукт (№40002944505),2025-07-04,58,9900000066,67,ЗК-Услуги-002,4636.09,4591.9,1,Исполнен
40005039739,"Услуги Строительство и содержание дорог, филиал ООО РН-СтройКонтроль (процедура 40005039739)",2023-01-26,48,9900000070,64,ЗК-Услуги-005,4162.17,4451.44,1,Исполнен
40007653249,Услуги Автотранспортные услуги для УВАТНЕФТЕГАЗ (процедура 40007653249),2022-11-21,22,9900000051,63,ЗК-Услуги-006,5807.93,4446.28,1,Исполнен
40007653249,Услуги Автотранспортные услуги — УВАТНЕФТЕГАЗ (№40007653249),2022-11-21,22,9900000168,63,ЗК-Услуги-001,5807.93,4446.28,1,Исполнен
40005417301,"Услуги Аренда и покупка имущества, филиал АЗКиОС (процедура 40005417301)",2024-02-21,78,9900000028,93,ЗК-Услуги-004,4382.2,3853.19,1,Исполнен
40001009777,Услуги Инвестпроекты и НИОКР для АООРЕНБУРГНЕФТЬ (процедура 40001009777),2025-04-10,2,9900000003,89,ЗК-Услуги-009,4068.42,3296.76,1,В работе
40009090006,Услуги EPC/EPCM контракты — АО Отрадненский ГПЗ (№40009090006),2022-03-30,55,9900000065,74,ЗК-Услуги-002,3150.78,3251.62,1,Исполнен
40005243772,"Услуги ТО и ремонт оборудования, филиал ООО РН_БУНКЕР (процедура 40005243772)",2023-04-16,61,9900000238,67,ЗК-Услуги-005,3036.89,2992.49,1,Исполнен
40005243772,Услуги ТО и ремонт оборудования для ООО РН_БУНКЕР (процедура 40005243772),2023-04-16,61,9900000050,67,ЗК-Услуги-001,3036.89,2992.49,1,Исполнен
40009273781,Услуги HR и обучение персонала — ООО РН Комсомольский - НПЗ (№40009273781),2024-10-27,28,9900000189,94,ЗК-Услуги-004,3289.81,2762.65,1,Исполнен
40008506335,"Услуги Сопровождение бурения, филиал ООО РН-ПУРНЕФТЕГАЗ (процедура 40008506335)",2022-02-26,34,9900000007,57,ЗК-Услуги-004,3175.14,2618.4,1,В работе
40008506335,Услуги Сопровождение бурения для ООО РН-ПУРНЕФТЕГАЗ (процедура 40008506335),2022-02-26,34,1655142978,57,ЗК-Услуги-006,3175.14,2618.4,1,В работе
40008506335,Услуги Сопровождение бурения — ООО РН-ПУРНЕФТЕГАЗ (№40008506335),2022-02-26,34,9900000059,57,ЗК-Услуги-010,3175.14,2618.4,1,В работе
40001928935,"Услуги Капитальное строительство, филиал ПЕНЗАНЕФТЕПРОДУКТ (процедура 40001928935)",2023-10-28,83,7708639661,0,ЗК-Услуги-009,2717.91,2248.55,1,В работе
40002510159,Услуги Проектно-изыскательские работы (ПИР) для ООО НЗМП (процедура 40002510159),2025-10-29,50,9900000075,73,ЗК-Услуги-003,1392.79,1490.41,1,Исполнен
40009701917,Услуги Эксплуатационное бурение — АО РН-Няганьнефтегаз (№40009701917),2023-06-03,35,9900000060,55,ЗК-Услуги-009,838.9,1033.18,1,Расторгнут
